Empresa;Comp;Numero;Fecha;Producto;Cantidad;Deposito;Ubicacion;Observ;Proveedor;Usuario;OC;CodOC
B&P;IDESP;1683;26/11/2025;FIJ-TUE-0233070210;5000;03;X-00-00-00;;BESTECH INDUSTRIES LTD;mconde;30;OCBET
B&P;IDESP;1684;19/12/2025;FIJ-BUL-0171140210;40000;03;X-00-00-00;PO#35 BET;BESTECH INDUSTRIES LTD;mconde;6;OCREP
B&P;IDESP;1684;19/12/2025;FIJ-BUL-0172140210;40000;03;X-00-00-00;PO#35 BET;BESTECH INDUSTRIES LTD;mconde;6;OCREP
BPB;IDESP;7063;18/11/2025;B&P-001-MS02-D;25000;03;X-00-00-00;;MIDLAND INDUSTRIES HK LIMITED;mconde;1231;OCOMI
BPB;IDESP;7063;18/11/2025;B&P-002-MS02-D;25000;03;X-00-00-00;;MIDLAND INDUSTRIES HK LIMITED;mconde;1231;OCOMI
BPB;IDESP;7063;18/11/2025;B&P-005-RET/SET-MS02;25000;03;X-00-00-00;;MIDLAND INDUSTRIES HK LIMITED;mconde;1231;OCOMI
BPB;IDESP;7063;18/11/2025;B&P-003-BALL-15/64;200000;03;X-00-00-00;;MIDLAND INDUSTRIES HK LIMITED;mconde;1231;OCOMI
BPB;IDESP;7063;18/11/2025;B&P-004-MS02RLD-BLUE;50000;03;X-00-00-00;;MIDLAND INDUSTRIES HK LIMITED;mconde;1231;OCOMI
BPB;IDESP;7063;18/11/2025;B&P-001-MS04-D;25000;03;X-00-00-00;;MIDLAND INDUSTRIES HK LIMITED;mconde;1231;OCOMI
BPB;IDESP;7063;18/11/2025;B&P-002-MS04-D;25000;03;X-00-00-00;;MIDLAND INDUSTRIES HK LIMITED;mconde;1231;OCOMI
BPB;IDESP;7063;18/11/2025;B&P-005-RET/SET-MS04;25000;03;X-00-00-00;;MIDLAND INDUSTRIES HK LIMITED;mconde;1231;OCOMI
BPB;IDESP;7063;18/11/2025;B&P-003-BALL-5/16;200000;03;X-00-00-00;;MIDLAND INDUSTRIES HK LIMITED;mconde;1231;OCOMI
BPB;IDESP;7063;18/11/2025;B&P-004-MS04RLD-BLUE;50000;03;X-00-00-00;;MIDLAND INDUSTRIES HK LIMITED;mconde;1231;OCOMI
BPB;IDESP;7063;18/11/2025;B&P-001-LS01-D;2500;03;X-00-00-00;;MIDLAND INDUSTRIES HK LIMITED;mconde;1231;OCOMI
BPB;IDESP;7063;18/11/2025;B&P-002-LS01-D;2500;03;X-00-00-00;;MIDLAND INDUSTRIES HK LIMITED;mconde;1231;OCOMI
BPB;IDESP;7063;18/11/2025;B&P-005-RET/SET-LS01;2500;03;X-00-00-00;;MIDLAND INDUSTRIES HK LIMITED;mconde;1231;OCOMI
BPB;IDESP;7063;18/11/2025;B&P-003-BALL-3/16;20000;03;X-00-00-00;;MIDLAND INDUSTRIES HK LIMITED;mconde;1231;OCOMI
BPB;IDESP;7063;18/11/2025;B&P-004-LS01RLD-BLUE;5000;03;X-00-00-00;;MIDLAND INDUSTRIES HK LIMITED;mconde;1231;OCOMI
BPB;IDESP;7063;18/11/2025;B&P-001-LS02-D;2500;03;X-00-00-00;;MIDLAND INDUSTRIES HK LIMITED;mconde;1231;OCOMI
BPB;IDESP;7063;18/11/2025;B&P-002-LS02-D;2500;03;X-00-00-00;;MIDLAND INDUSTRIES HK LIMITED;mconde;1231;OCOMI
BPB;IDESP;7063;18/11/2025;B&P-005-RET/SET-LS02;2500;03;X-00-00-00;;MIDLAND INDUSTRIES HK LIMITED;mconde;1231;OCOMI
BPB;IDESP;7063;18/11/2025;B&P-003-BALL-3/16;22500;03;X-00-00-00;;MIDLAND INDUSTRIES HK LIMITED;mconde;1231;OCOMI
BPB;IDESP;7063;18/11/2025;B&P-004-LS02RLD-BLUE;5000;03;X-00-00-00;;MIDLAND INDUSTRIES HK LIMITED;mconde;1231;OCOMI
BPB;IDESP;7063;18/11/2025;B&P-001-LS03-D;2500;03;X-00-00-00;;MIDLAND INDUSTRIES HK LIMITED;mconde;1231;OCOMI
BPB;IDESP;7063;18/11/2025;B&P-002-LS03-D;2500;03;X-00-00-00;;MIDLAND INDUSTRIES HK LIMITED;mconde;1231;OCOMI
BPB;IDESP;7063;18/11/2025;B&P-005-RET/SET-LS03;2500;03;X-00-00-00;;MIDLAND INDUSTRIES HK LIMITED;mconde;1231;OCOMI
BPB;IDESP;7063;18/11/2025;B&P-003-BALL-3/16;25000;03;X-00-00-00;;MIDLAND INDUSTRIES HK LIMITED;mconde;1231;OCOMI
BPB;IDESP;7063;18/11/2025;B&P-004-LS03RLD-BLUE;5000;03;X-00-00-00;;MIDLAND INDUSTRIES HK LIMITED;mconde;1231;OCOMI
BPB;IDESP;7063;18/11/2025;B&P-001-LS04-D;2500;03;X-00-00-00;;MIDLAND INDUSTRIES HK LIMITED;mconde;1231;OCOMI
BPB;IDESP;7063;18/11/2025;B&P-002-LS04-D;2500;03;X-00-00-00;;MIDLAND INDUSTRIES HK LIMITED;mconde;1231;OCOMI
BPB;IDESP;7063;18/11/2025;B&P-005-RET/SET-LS04;2500;03;X-00-00-00;;MIDLAND INDUSTRIES HK LIMITED;mconde;1231;OCOMI
BPB;IDESP;7063;18/11/2025;BPB-003-BALL-1/4;22500;03;X-00-00-00;;MIDLAND INDUSTRIES HK LIMITED;mconde;1231;OCOMI
BPB;IDESP;7063;18/11/2025;B&P-004-LS04RLD-BLUE;5000;03;X-00-00-00;;MIDLAND INDUSTRIES HK LIMITED;mconde;1231;OCOMI
BPB;IDESP;7063;18/11/2025;B&P-001-MS00-D;2500;03;X-00-00-00;;MIDLAND INDUSTRIES HK LIMITED;mconde;1231;OCOMI
BPB;IDESP;7063;18/11/2025;B&P-002-MS00-D;2500;03;X-00-00-00;;MIDLAND INDUSTRIES HK LIMITED;mconde;1231;OCOMI
BPB;IDESP;7063;18/11/2025;B&P-005-RET/SET-MS00;2500;03;X-00-00-00;;MIDLAND INDUSTRIES HK LIMITED;mconde;1231;OCOMI
BPB;IDESP;7063;18/11/2025;B&P-003-BALL-15/64;17500;03;X-00-00-00;;MIDLAND INDUSTRIES HK LIMITED;mconde;1231;OCOMI
BPB;IDESP;7063;18/11/2025;B&P-004-MS00RLD-BLUE;5000;03;X-00-00-00;;MIDLAND INDUSTRIES HK LIMITED;mconde;1231;OCOMI
BPB;IDESP;7063;18/11/2025;B&P-001-MS03-D;25000;03;X-00-00-00;PO#890 BET;MIDLAND INDUSTRIES HK LIMITED;mconde;120;OCREP
BPB;IDESP;7063;18/11/2025;BPB-035-HK-3038;150;03;X-00-00-00;PO#915 BET;MIDLAND INDUSTRIES HK LIMITED;mconde;120;OCREP
BPB;IDESP;7063;18/11/2025;B&P-047-HA-207;100;03;X-00-00-00;PO#910 BET;MIDLAND INDUSTRIES HK LIMITED;mconde;120;OCREP
BPB;IDESP;7063;18/11/2025;B&P-047-HA-209;100;03;X-00-00-00;PO#910 BET;MIDLAND INDUSTRIES HK LIMITED;mconde;120;OCREP
BPB;IDESP;7063;18/11/2025;B&P-047-T-210;100;03;X-00-00-00;PO#910 BET;MIDLAND INDUSTRIES HK LIMITED;mconde;120;OCREP
BPB;IDESP;7063;18/11/2025;B&P-047-T-208;100;03;X-00-00-00;PO#910 BET;MIDLAND INDUSTRIES HK LIMITED;mconde;120;OCREP
BPB;IDESP;7063;18/11/2025;B&P-002-MS03-D;25000;03;X-00-00-00;PO#890 BET;MIDLAND INDUSTRIES HK LIMITED;mconde;120;OCREP
BPB;IDESP;7063;18/11/2025;BPB-047-T-212;50;03;X-00-00-00;PO#910 BET;MIDLAND INDUSTRIES HK LIMITED;mconde;120;OCREP
BPB;IDESP;7063;18/11/2025;B&P-005-RET/SET-MS03;25000;03;X-00-00-00;PO#890 BET;MIDLAND INDUSTRIES HK LIMITED;mconde;120;OCREP
BPB;IDESP;7063;18/11/2025;B&P-003-BALL-17/64;200000;03;X-00-00-00;PO#890 BET;MIDLAND INDUSTRIES HK LIMITED;mconde;120;OCREP
BPB;IDESP;7063;18/11/2025;B&P-004-MS03RLD-BLUE;50000;03;X-00-00-00;PO#890 BET;MIDLAND INDUSTRIES HK LIMITED;mconde;120;OCREP
BPB;IDESP;7063;18/11/2025;B&P-035-NK-2520;500;03;X-00-00-00;PO#915 BET;MIDLAND INDUSTRIES HK LIMITED;mconde;120;OCREP
BPB;IDESP;7063;18/11/2025;BPB-035-NK-3230;100;03;X-00-00-00;PO#915 BET;MIDLAND INDUSTRIES HK LIMITED;mconde;120;OCREP
BPB;IDESP;7063;18/11/2025;BPB-035-NKI-2020;100;03;X-00-00-00;PO#915 BET;MIDLAND INDUSTRIES HK LIMITED;mconde;120;OCREP
BPB;IDESP;7064;18/11/2025;B&P-037-BP-21001-BI;1837;03;X-00-00-00;Tooling Charge $1239.08;MIDLAND INDUSTRIES HK LIMITED;mconde;1224;OCOMI
BPB;IDESP;7064;18/11/2025;B&P-037-BP-21001-BD;1837;03;X-00-00-00;Tooling Charge $1239.08;MIDLAND INDUSTRIES HK LIMITED;mconde;1224;OCOMI
BPB;IDESP;7064;18/11/2025;B&P-040-51116;100;03;X-00-00-00;;MIDLAND INDUSTRIES HK LIMITED;mconde;1249;OCOMI
BPB;IDESP;7064;18/11/2025;BPB-040-51204;100;03;X-00-00-00;;MIDLAND INDUSTRIES HK LIMITED;mconde;1249;OCOMI
BPB;IDESP;7064;18/11/2025;B&P-040-51208;100;03;X-00-00-00;;MIDLAND INDUSTRIES HK LIMITED;mconde;1249;OCOMI
BPB;IDESP;7064;18/11/2025;B&P-040-51106;100;03;X-00-00-00;;MIDLAND INDUSTRIES HK LIMITED;mconde;1249;OCOMI
BPB;IDESP;7064;18/11/2025;B&P-040-51108;100;03;X-00-00-00;;MIDLAND INDUSTRIES HK LIMITED;mconde;1249;OCOMI
BPB;IDESP;7064;18/11/2025;B&P-040-1208-TN-C3;50;03;X-00-00-00;;MIDLAND INDUSTRIES HK LIMITED;mconde;1250;OCOMI
BPB;IDESP;7064;18/11/2025;B&P-040-1209-TN-C3;200;03;X-00-00-00;;MIDLAND INDUSTRIES HK LIMITED;mconde;1250;OCOMI
BPB;IDESP;7064;18/11/2025;B&P-040-1308-TN-C3;25;03;X-00-00-00;;MIDLAND INDUSTRIES HK LIMITED;mconde;1250;OCOMI
BPB;IDESP;7064;18/11/2025;B&P-040-1310-TN-C3;100;03;X-00-00-00;;MIDLAND INDUSTRIES HK LIMITED;mconde;1250;OCOMI
BPB;IDESP;7064;18/11/2025;B&P-040-1312-K-TN-C3;25;03;X-00-00-00;;MIDLAND INDUSTRIES HK LIMITED;mconde;1250;OCOMI
BPB;IDESP;7064;18/11/2025;B&P-040-2205-TN-C3;50;03;X-00-00-00;;MIDLAND INDUSTRIES HK LIMITED;mconde;1250;OCOMI
BPB;IDESP;7064;18/11/2025;B&P-045-PFF-8-Z;2000;03;X-00-00-00;;MIDLAND INDUSTRIES HK LIMITED;mconde;1252;OCOMI
BPB;IDESP;7064;18/11/2025;B&P-040-51115;100;03;X-00-00-00;;MIDLAND INDUSTRIES HK LIMITED;mconde;1253;OCOMI
BPB;IDESP;7064;18/11/2025;B&P-051-H-320;50;03;X-00-00-00;PO#894 BET;MIDLAND INDUSTRIES HK LIMITED;mconde;113;OCREP
BPB;IDESP;7064;18/11/2025;B&P-051-H-322;50;03;X-00-00-00;PO#894 BET;MIDLAND INDUSTRIES HK LIMITED;mconde;113;OCREP
BPB;IDESP;7064;18/11/2025;B&P-051-H-310;50;03;X-00-00-00;PO#894 BET;MIDLAND INDUSTRIES HK LIMITED;mconde;113;OCREP
BPB;IDESP;7064;18/11/2025;B&P-051-H-306;50;03;X-00-00-00;PO#894 BET;MIDLAND INDUSTRIES HK LIMITED;mconde;113;OCREP
BPB;IDESP;7064;18/11/2025;B&P-041-LS19-2RS;100;03;X-00-00-00;PO#893 BET;MIDLAND INDUSTRIES HK LIMITED;mconde;113;OCREP
BPB;IDESP;7064;18/11/2025;B&P-051-H-308;50;03;X-00-00-00;PO#894 BET;MIDLAND INDUSTRIES HK LIMITED;mconde;113;OCREP
BPB;IDESP;7064;18/11/2025;B&P-042-22206-CKW33C;25;03;X-00-00-00;PO#899 BET;MIDLAND INDUSTRIES HK LIMITED;mconde;113;OCREP
BPB;IDESP;7064;18/11/2025;B&P-042-22207CKW33C3;25;03;X-00-00-00;PO#899 BET;MIDLAND INDUSTRIES HK LIMITED;mconde;113;OCREP
BPB;IDESP;7064;18/11/2025;B&P-051-H-307;50;03;X-00-00-00;PO#894 BET;MIDLAND INDUSTRIES HK LIMITED;mconde;113;OCREP
BPB;IDESP;7064;18/11/2025;B&P-051-H-309;50;03;X-00-00-00;PO#894 BET;MIDLAND INDUSTRIES HK LIMITED;mconde;113;OCREP
BPB;IDESP;7064;18/11/2025;B&P-051-H-2308;50;03;X-00-00-00;PO#894 BET;MIDLAND INDUSTRIES HK LIMITED;mconde;113;OCREP
BPB;IDESP;7064;18/11/2025;B&P-051-H-311;25;03;X-00-00-00;PO#894 BET;MIDLAND INDUSTRIES HK LIMITED;mconde;113;OCREP
BPB;IDESP;7064;18/11/2025;B&P-051-H-314;25;03;X-00-00-00;PO#894 BET;MIDLAND INDUSTRIES HK LIMITED;mconde;113;OCREP
BPB;IDESP;7064;18/11/2025;B&P-051-H-2310;50;03;X-00-00-00;PO#894 BET;MIDLAND INDUSTRIES HK LIMITED;mconde;113;OCREP
BPB;IDESP;7064;18/11/2025;B&P-051-H-313;50;03;X-00-00-00;PO#894 BET;MIDLAND INDUSTRIES HK LIMITED;mconde;113;OCREP
BPB;IDESP;7064;18/11/2025;B&P-051-H-208;50;03;X-00-00-00;PO#894 BET;MIDLAND INDUSTRIES HK LIMITED;mconde;113;OCREP
BPB;IDESP;7064;18/11/2025;B&P-051-H-312;50;03;X-00-00-00;PO#894 BET;MIDLAND INDUSTRIES HK LIMITED;mconde;113;OCREP
BPB;IDESP;7064;18/11/2025;B&P-051-H-315;50;03;X-00-00-00;PO#894 BET;MIDLAND INDUSTRIES HK LIMITED;mconde;113;OCREP
BPB;IDESP;7064;18/11/2025;B&P-051-H-317;50;03;X-00-00-00;PO#894 BET;MIDLAND INDUSTRIES HK LIMITED;mconde;113;OCREP
BPB;IDESP;7064;18/11/2025;B&P-004-205-DBL-08;1105;03;X-00-00-00;PO#1199 MID - seal of 205-DBL;MIDLAND INDUSTRIES HK LIMITED;mconde;114;OCREP
BPB;IDESP;7064;18/11/2025;B&P-004-204-DBL-08;415;03;X-00-00-00;PO#1199 MID - seal of 204-DBL;MIDLAND INDUSTRIES HK LIMITED;mconde;114;OCREP
BPB;IDESP;7064;18/11/2025;B&P-004-207-DBL-08;229;03;X-00-00-00;PO#1199 MID - seal of 207-DBL;MIDLAND INDUSTRIES HK LIMITED;mconde;114;OCREP
BPB;IDESP;7065;18/11/2025;B&P-004-SNL508-TG;440;03;X-00-00-00;PO#1223 MID;BESTECH INDUSTRIES LTD;mconde;155;OCREP
BPB;IDESP;7065;18/11/2025;B&P-004-SNL510-TG;440;03;X-00-00-00;PO#1223 MID;BESTECH INDUSTRIES LTD;mconde;155;OCREP
BPB;IDESP;7065;18/11/2025;B&P-004-SNL512-TG;220;03;X-00-00-00;PO#1223 MID;BESTECH INDUSTRIES LTD;mconde;155;OCREP
BPB;IDESP;7065;18/11/2025;B&P-004-SNL519-TG;56;03;X-00-00-00;PO#1223 MID;BESTECH INDUSTRIES LTD;mconde;155;OCREP
BPB;IDESP;7066;18/11/2025;B&P-041-LS10-2RS;1000;03;X-00-00-00;;BESTECH INDUSTRIES LTD;mconde;927;OCBET
BPB;IDESP;7066;18/11/2025;B&P-040-2205-TN-C3;200;03;X-00-00-00;PO#1278 MID;BESTECH INDUSTRIES LTD;mconde;148;OCREP
BPB;IDESP;7066;18/11/2025;B&P-040-1207-TN-C3;500;03;X-00-00-00;PO#1278 MID;BESTECH INDUSTRIES LTD;mconde;148;OCREP
BPB;IDESP;7066;18/11/2025;B&P-040-1205-TN-C3;80;03;X-00-00-00;PO#1278 MID;BESTECH INDUSTRIES LTD;mconde;148;OCREP
BPB;IDESP;7066;18/11/2025;B&P-040-1208-K-TN-C3;19;03;X-00-00-00;PO#1278 MID;BESTECH INDUSTRIES LTD;mconde;148;OCREP
BPB;IDESP;7067;18/11/2025;BPB-033-ASA40-1-REEL;500;03;X-00-00-00;;ESUN GLOBAL CO.,LTD;mconde;1073;OCEUG
BPB;IDESP;7067;18/11/2025;B&P-033-ASA-40-2;500;03;X-00-00-00;;ESUN GLOBAL CO.,LTD;mconde;1073;OCEUG
BPB;IDESP;7067;18/11/2025;B&P-033-ASA-50-1;1000;03;X-00-00-00;;ESUN GLOBAL CO.,LTD;mconde;1073;OCEUG
BPB;IDESP;7067;18/11/2025;BPB-033-ASA50-1-REEL;1200;03;X-00-00-00;;ESUN GLOBAL CO.,LTD;mconde;1073;OCEUG
BPB;IDESP;7067;18/11/2025;B&P-033-ASA-50-2;250;03;X-00-00-00;;ESUN GLOBAL CO.,LTD;mconde;1073;OCEUG
BPB;IDESP;7071;01/12/2025;000-053-X-30204;2500;03;X-00-00-00;Op #2 -  Straight profile for raceway and roller;ESUN GLOBAL CO.,LTD;mconde;1051;OCEUG
BPB;IDESP;7071;01/12/2025;000-054-TCY210;1000;03;X-00-00-00;Op #2 -  Straight profile for raceway and roller;ESUN GLOBAL CO.,LTD;mconde;1051;OCEUG
BPB;IDESP;7071;01/12/2025;000-053-X-30211;1000;03;X-00-00-00;Op #2 -  Straight profile for raceway and roller;ESUN GLOBAL CO.,LTD;mconde;1051;OCEUG
BPB;IDESP;7071;01/12/2025;000-054-TCY211;1000;03;X-00-00-00;Op #2 -  Straight profile for raceway and roller;ESUN GLOBAL CO.,LTD;mconde;1051;OCEUG
BPB;IDESP;7071;01/12/2025;000-053-X-30305;100;03;X-00-00-00;Op #2 -  Straight profile for raceway and roller;ESUN GLOBAL CO.,LTD;mconde;1051;OCEUG
BPB;IDESP;7071;01/12/2025;000-054-TCY305;100;03;X-00-00-00;Op #2 -  Straight profile for raceway and roller;ESUN GLOBAL CO.,LTD;mconde;1051;OCEUG
BPB;IDESP;7071;01/12/2025;000-053-X-30307;100;03;X-00-00-00;Op #2 -  Straight profile for raceway and roller;ESUN GLOBAL CO.,LTD;mconde;1051;OCEUG
BPB;IDESP;7071;01/12/2025;000-054-TCY307;100;03;X-00-00-00;Op #2 -  Straight profile for raceway and roller;ESUN GLOBAL CO.,LTD;mconde;1051;OCEUG
BPB;IDESP;7071;01/12/2025;000-053-X-30308;200;03;X-00-00-00;Op #2 -  Straight profile for raceway and roller;ESUN GLOBAL CO.,LTD;mconde;1051;OCEUG
BPB;IDESP;7071;01/12/2025;000-054-TCY204;2500;03;X-00-00-00;Op #2 -  Straight profile for raceway and roller;ESUN GLOBAL CO.,LTD;mconde;1051;OCEUG
BPB;IDESP;7071;01/12/2025;000-054-TCY308;200;03;X-00-00-00;Op #2 -  Straight profile for raceway and roller;ESUN GLOBAL CO.,LTD;mconde;1051;OCEUG
BPB;IDESP;7071;01/12/2025;000-053-X-30309;200;03;X-00-00-00;Op #2 -  Straight profile for raceway and roller;ESUN GLOBAL CO.,LTD;mconde;1051;OCEUG
BPB;IDESP;7071;01/12/2025;000-054-TCY309;200;03;X-00-00-00;Op #2 -  Straight profile for raceway and roller;ESUN GLOBAL CO.,LTD;mconde;1051;OCEUG
BPB;IDESP;7071;01/12/2025;000-053-X-32007;250;03;X-00-00-00;Op #2 -  Straight profile for raceway and roller;ESUN GLOBAL CO.,LTD;mconde;1051;OCEUG
BPB;IDESP;7071;01/12/2025;000-054-TDY007;250;03;X-00-00-00;Op #2 -  Straight profile for raceway and roller;ESUN GLOBAL CO.,LTD;mconde;1051;OCEUG
BPB;IDESP;7071;01/12/2025;000-053-X-32009;250;03;X-00-00-00;Op #2 -  Straight profile for raceway and roller;ESUN GLOBAL CO.,LTD;mconde;1051;OCEUG
BPB;IDESP;7071;01/12/2025;000-054-TDY009;250;03;X-00-00-00;Op #2 -  Straight profile for raceway and roller;ESUN GLOBAL CO.,LTD;mconde;1051;OCEUG
BPB;IDESP;7071;01/12/2025;000-053-X-30205;2500;03;X-00-00-00;Op #2 -  Straight profile for raceway and roller;ESUN GLOBAL CO.,LTD;mconde;1051;OCEUG
BPB;IDESP;7071;01/12/2025;000-053-X-32205;250;03;X-00-00-00;Op #2 -  Straight profile for raceway and roller;ESUN GLOBAL CO.,LTD;mconde;1051;OCEUG
BPB;IDESP;7071;01/12/2025;000-054-TDY205;250;03;X-00-00-00;Op #2 -  Straight profile for raceway and roller;ESUN GLOBAL CO.,LTD;mconde;1051;OCEUG
BPB;IDESP;7071;01/12/2025;000-053-X-32210;250;03;X-00-00-00;Op #2 -  Straight profile for raceway and roller;ESUN GLOBAL CO.,LTD;mconde;1051;OCEUG
BPB;IDESP;7071;01/12/2025;000-054-TDY210;250;03;X-00-00-00;Op #2 -  Straight profile for raceway and roller;ESUN GLOBAL CO.,LTD;mconde;1051;OCEUG
BPB;IDESP;7071;01/12/2025;000-053-X-32214;250;03;X-00-00-00;Op #2 -  Straight profile for raceway and roller;ESUN GLOBAL CO.,LTD;mconde;1051;OCEUG
BPB;IDESP;7071;01/12/2025;000-054-TCY205;2500;03;X-00-00-00;Op #2 -  Straight profile for raceway and roller;ESUN GLOBAL CO.,LTD;mconde;1051;OCEUG
BPB;IDESP;7071;01/12/2025;000-054-TDY214;250;03;X-00-00-00;Op #2 -  Straight profile for raceway and roller;ESUN GLOBAL CO.,LTD;mconde;1051;OCEUG
BPB;IDESP;7071;01/12/2025;000-053-HM-518445;2000;03;X-00-00-00;Op #2 -  Straight profile for raceway and roller;ESUN GLOBAL CO.,LTD;mconde;1051;OCEUG
BPB;IDESP;7071;01/12/2025;000-054-TCY-8410;2000;03;X-00-00-00;Op #2 -  Straight profile for raceway and roller;ESUN GLOBAL CO.,LTD;mconde;1051;OCEUG
BPB;IDESP;7071;01/12/2025;000-053-X-30206;2500;03;X-00-00-00;Op #2 -  Straight profile for raceway and roller;ESUN GLOBAL CO.,LTD;mconde;1051;OCEUG
BPB;IDESP;7071;01/12/2025;000-054-TCY206;2500;03;X-00-00-00;Op #2 -  Straight profile for raceway and roller;ESUN GLOBAL CO.,LTD;mconde;1051;OCEUG
BPB;IDESP;7071;01/12/2025;000-053-X-30210;1000;03;X-00-00-00;Op #2 -  Straight profile for raceway and roller;ESUN GLOBAL CO.,LTD;mconde;1051;OCEUG
BPB;IDESP;7072;01/12/2025;B&P-041-HD09-2RS;500;03;X-00-00-00;;BESTECH INDUSTRIES LTD;mconde;927;OCBET
BPB;IDESP;7073;01/12/2025;B&P-047-PA-209;299;03;X-00-00-00;;BESTECH INDUSTRIES LTD;mconde;922;OCBET
BPB;IDESP;7074;01/12/2025;B&P-037-BP-22001-02;3999;03;X-00-00-00;Tooling Charge USD 269.75;BESTECH INDUSTRIES LTD;mconde;943;OCBET
BPB;IDESP;7074;01/12/2025;B&P-999-011;2;03;X-00-00-00;PO#151 BET;BESTECH INDUSTRIES LTD;mconde;159;OCREP
BPB;IDESP;7074;01/12/2025;B&P-999-012;2;03;X-00-00-00;PO#151 BET;BESTECH INDUSTRIES LTD;mconde;159;OCREP
BPB;IDESP;7074;01/12/2025;B&P-037-BP-22001-02;1;03;X-00-00-00;PO#943 BET;BESTECH INDUSTRIES LTD;mconde;159;OCREP
BPB;IDESP;7074;01/12/2025;B&P-999-009;2;03;X-00-00-00;PO#151 BET;BESTECH INDUSTRIES LTD;mconde;159;OCREP
BPB;IDESP;7074;01/12/2025;B&P-999-010;2;03;X-00-00-00;PO#151 BET;BESTECH INDUSTRIES LTD;mconde;159;OCREP
BPB;IDESP;7075;01/12/2025;TSG-DDS-70;100;03;X-00-00-00;;ESUN GLOBAL CO.,LTD;mconde;1062;OCEUG
BPB;IDESP;7076;02/12/2025;B&P-048-205-KYYB5;2500;03;X-00-00-00;;ESUN GLOBAL CO.,LTD;mconde;1054;OCEUG
BPB;IDESP;7076;02/12/2025;B&P-048-205-KYYB5;96;03;X-00-00-00;PO#1054 ESUN;ESUN GLOBAL CO.,LTD;mconde;154;OCREP
BPB;IDESP;7080;05/12/2025;B&P-033-ASA60-1H-REE;300;03;X-00-00-00;PO#1064 ESUN;ESUN GLOBAL CO.,LTD;mconde;1064;OCEUG
BPB;IDESP;7080;05/12/2025;B&P-033-ASA80-1H-REE;400;03;X-00-00-00;PO#1064 ESUN;ESUN GLOBAL CO.,LTD;mconde;1064;OCEUG
BPB;IDESP;7081;05/12/2025;B&P-048-210-PPB20;350;03;X-00-00-00;;MIDLAND INDUSTRIES HK LIMITED;mconde;1261;OCOMI
BPB;IDESP;7081;05/12/2025;BPB-048-BB204-KYY2;250;03;X-00-00-00;;MIDLAND INDUSTRIES HK LIMITED;mconde;1261;OCOMI
BPB;IDESP;7081;05/12/2025;B&P-001-OR206-G18;200;03;X-00-00-00;;MIDLAND INDUSTRIES HK LIMITED;mconde;1268;OCOMI
BPB;IDESP;7081;05/12/2025;B&P-002-ASL206-30-02;200;03;X-00-00-00;;MIDLAND INDUSTRIES HK LIMITED;mconde;1268;OCOMI
BPB;IDESP;7081;05/12/2025;B&P-005-CAGE206-17;200;03;X-00-00-00;;MIDLAND INDUSTRIES HK LIMITED;mconde;1268;OCOMI
BPB;IDESP;7081;05/12/2025;B&P-003-BALL-3/8;1800;03;X-00-00-00;;MIDLAND INDUSTRIES HK LIMITED;mconde;1268;OCOMI
BPB;IDESP;7081;05/12/2025;B&P-004-206-RW-08;400;03;X-00-00-00;;MIDLAND INDUSTRIES HK LIMITED;mconde;1268;OCOMI
BPB;IDESP;7081;05/12/2025;B&P-001-OR206-G18;300;03;X-00-00-00;;MIDLAND INDUSTRIES HK LIMITED;mconde;1268;OCOMI
BPB;IDESP;7081;05/12/2025;B&P-002-ACL206-20-02;300;03;X-00-00-00;;MIDLAND INDUSTRIES HK LIMITED;mconde;1268;OCOMI
BPB;IDESP;7081;05/12/2025;B&P-005-CAGE206-17;300;03;X-00-00-00;;MIDLAND INDUSTRIES HK LIMITED;mconde;1268;OCOMI
BPB;IDESP;7081;05/12/2025;B&P-003-BALL-3/8;2700;03;X-00-00-00;;MIDLAND INDUSTRIES HK LIMITED;mconde;1268;OCOMI
BPB;IDESP;7081;05/12/2025;B&P-004-206-RW-08;600;03;X-00-00-00;;MIDLAND INDUSTRIES HK LIMITED;mconde;1268;OCOMI
BPB;IDESP;7081;05/12/2025;B&P-010-LOC206-20;300;03;X-00-00-00;;MIDLAND INDUSTRIES HK LIMITED;mconde;1268;OCOMI
BPB;IDESP;7081;05/12/2025;B&P-001-OR207-01;1000;03;X-00-00-00;;MIDLAND INDUSTRIES HK LIMITED;mconde;1268;OCOMI
BPB;IDESP;7081;05/12/2025;B&P-002-ECL207-35-02;1000;03;X-00-00-00;;MIDLAND INDUSTRIES HK LIMITED;mconde;1268;OCOMI
BPB;IDESP;7081;05/12/2025;B&P-005-CAGE207-17;1000;03;X-00-00-00;;MIDLAND INDUSTRIES HK LIMITED;mconde;1268;OCOMI
BPB;IDESP;7081;05/12/2025;B&P-003-BALL-7/16;9000;03;X-00-00-00;;MIDLAND INDUSTRIES HK LIMITED;mconde;1268;OCOMI
BPB;IDESP;7081;05/12/2025;B&P-004-207-DBL-08;2000;03;X-00-00-00;;MIDLAND INDUSTRIES HK LIMITED;mconde;1268;OCOMI
BPB;IDESP;7081;05/12/2025;B&P-010-LOC207-35;1000;03;X-00-00-00;;MIDLAND INDUSTRIES HK LIMITED;mconde;1268;OCOMI
BPB;IDESP;7081;05/12/2025;B&P-047-ECL212-39D;300;03;X-00-00-00;Seal Tooling Charge USD 516.23;MIDLAND INDUSTRIES HK LIMITED;mconde;1269;OCOMI
BPB;IDESP;7081;05/12/2025;B&P-047-SAB-214-70DG;200;03;X-00-00-00;Seal Tooling Charge USD 516.23;MIDLAND INDUSTRIES HK LIMITED;mconde;1269;OCOMI
BPB;IDESP;7081;05/12/2025;B&P-040-51103;500;03;X-00-00-00;;MIDLAND INDUSTRIES HK LIMITED;mconde;1276;OCOMI
BPB;IDESP;7081;05/12/2025;B&P-040-51115;300;03;X-00-00-00;;MIDLAND INDUSTRIES HK LIMITED;mconde;1276;OCOMI
BPB;IDESP;7081;05/12/2025;B&P-048-51206;100;03;X-00-00-00;;MIDLAND INDUSTRIES HK LIMITED;mconde;1276;OCOMI
BPB;IDESP;7081;05/12/2025;B&P-040-51209;50;03;X-00-00-00;;MIDLAND INDUSTRIES HK LIMITED;mconde;1276;OCOMI
BPB;IDESP;7081;05/12/2025;B&P-040-51210;50;03;X-00-00-00;;MIDLAND INDUSTRIES HK LIMITED;mconde;1276;OCOMI
BPB;IDESP;7081;05/12/2025;B&P-040-51106;300;03;X-00-00-00;;MIDLAND INDUSTRIES HK LIMITED;mconde;1276;OCOMI
BPB;IDESP;7081;05/12/2025;B&P-040-51108;200;03;X-00-00-00;;MIDLAND INDUSTRIES HK LIMITED;mconde;1276;OCOMI
BPB;IDESP;7081;05/12/2025;B&P-040-51109;200;03;X-00-00-00;;MIDLAND INDUSTRIES HK LIMITED;mconde;1276;OCOMI
BPB;IDESP;7081;05/12/2025;B&P-040-51110;500;03;X-00-00-00;;MIDLAND INDUSTRIES HK LIMITED;mconde;1276;OCOMI
BPB;IDESP;7081;05/12/2025;B&P-040-51111;200;03;X-00-00-00;;MIDLAND INDUSTRIES HK LIMITED;mconde;1276;OCOMI
BPB;IDESP;7081;05/12/2025;B&P-040-51112;200;03;X-00-00-00;;MIDLAND INDUSTRIES HK LIMITED;mconde;1276;OCOMI
BPB;IDESP;7081;05/12/2025;B&P-040-51114;200;03;X-00-00-00;;MIDLAND INDUSTRIES HK LIMITED;mconde;1276;OCOMI
BPB;IDESP;7082;05/12/2025;B&P-001-OR205-G;1488;03;X-00-00-00;;BESTECH INDUSTRIES LTD;mconde;902;OCBET
BPB;IDESP;7082;05/12/2025;B&P-003-BALL-5/16;27000;03;X-00-00-00;;BESTECH INDUSTRIES LTD;mconde;902;OCBET
BPB;IDESP;7082;05/12/2025;B&P-002-ECL205-25-02;1488;03;X-00-00-00;;BESTECH INDUSTRIES LTD;mconde;902;OCBET
BPB;IDESP;7082;05/12/2025;B&P-005-CAGE205-17;1488;03;X-00-00-00;;BESTECH INDUSTRIES LTD;mconde;902;OCBET
BPB;IDESP;7082;05/12/2025;B&P-001-OR205-G;3000;03;X-00-00-00;;BESTECH INDUSTRIES LTD;mconde;902;OCBET
BPB;IDESP;7082;05/12/2025;B&P-003-BALL-5/16;13392;03;X-00-00-00;;BESTECH INDUSTRIES LTD;mconde;902;OCBET
BPB;IDESP;7082;05/12/2025;B&P-004-205-DBL-08;2976;03;X-00-00-00;;BESTECH INDUSTRIES LTD;mconde;902;OCBET
BPB;IDESP;7082;05/12/2025;B&P-010-LOC205-25;1488;03;X-00-00-00;;BESTECH INDUSTRIES LTD;mconde;902;OCBET
BPB;IDESP;7082;05/12/2025;B&P-002-ECL205-16-02;3000;03;X-00-00-00;;BESTECH INDUSTRIES LTD;mconde;902;OCBET
BPB;IDESP;7082;05/12/2025;B&P-001-OR207;2500;03;X-00-00-00;;BESTECH INDUSTRIES LTD;mconde;902;OCBET
BPB;IDESP;7082;05/12/2025;B&P-002-ECL207-35-02;608;03;X-00-00-00;;BESTECH INDUSTRIES LTD;mconde;902;OCBET
BPB;IDESP;7082;05/12/2025;B&P-005-CAGE207-17;608;03;X-00-00-00;;BESTECH INDUSTRIES LTD;mconde;902;OCBET
BPB;IDESP;7082;05/12/2025;B&P-003-BALL-7/16;22500;03;X-00-00-00;;BESTECH INDUSTRIES LTD;mconde;902;OCBET
BPB;IDESP;7082;05/12/2025;B&P-004-207-DBL-08;5000;03;X-00-00-00;;BESTECH INDUSTRIES LTD;mconde;902;OCBET
BPB;IDESP;7082;05/12/2025;B&P-010-LOC207-35;2500;03;X-00-00-00;;BESTECH INDUSTRIES LTD;mconde;902;OCBET
BPB;IDESP;7082;05/12/2025;B&P-005-CAGE205-17;3000;03;X-00-00-00;;BESTECH INDUSTRIES LTD;mconde;902;OCBET
BPB;IDESP;7082;05/12/2025;B&P-001-OR207-01;608;03;X-00-00-00;;BESTECH INDUSTRIES LTD;mconde;902;OCBET
BPB;IDESP;7082;05/12/2025;B&P-002-ECL207-35-02;1500;03;X-00-00-00;;BESTECH INDUSTRIES LTD;mconde;902;OCBET
BPB;IDESP;7082;05/12/2025;B&P-005-CAGE207-17;1500;03;X-00-00-00;;BESTECH INDUSTRIES LTD;mconde;902;OCBET
BPB;IDESP;7082;05/12/2025;B&P-003-BALL-7/16;5472;03;X-00-00-00;;BESTECH INDUSTRIES LTD;mconde;902;OCBET
BPB;IDESP;7082;05/12/2025;BPB-027-SEAL-207DBL;1216;03;X-00-00-00;;BESTECH INDUSTRIES LTD;mconde;902;OCBET
BPB;IDESP;7082;05/12/2025;B&P-010-LOC207-35;608;03;X-00-00-00;;BESTECH INDUSTRIES LTD;mconde;902;OCBET
BPB;IDESP;7082;05/12/2025;B&P-004-205-DBL-08;6000;03;X-00-00-00;;BESTECH INDUSTRIES LTD;mconde;902;OCBET
BPB;IDESP;7082;05/12/2025;B&P-001-OR209-G;576;03;X-00-00-00;;BESTECH INDUSTRIES LTD;mconde;902;OCBET
BPB;IDESP;7082;05/12/2025;B&P-002-SAB209-28-02;576;03;X-00-00-00;;BESTECH INDUSTRIES LTD;mconde;902;OCBET
BPB;IDESP;7082;05/12/2025;B&P-005-CAGE209-17;576;03;X-00-00-00;;BESTECH INDUSTRIES LTD;mconde;902;OCBET
BPB;IDESP;7082;05/12/2025;B&P-003-BALL-1/2;5184;03;X-00-00-00;;BESTECH INDUSTRIES LTD;mconde;902;OCBET
BPB;IDESP;7082;05/12/2025;B&P-004-209-DBL-08;1152;03;X-00-00-00;;BESTECH INDUSTRIES LTD;mconde;902;OCBET
BPB;IDESP;7082;05/12/2025;B&P-001-OR210-G;450;03;X-00-00-00;;BESTECH INDUSTRIES LTD;mconde;902;OCBET
BPB;IDESP;7082;05/12/2025;B&P-002-ECL210-50-02;450;03;X-00-00-00;;BESTECH INDUSTRIES LTD;mconde;902;OCBET
BPB;IDESP;7082;05/12/2025;B&P-005-CAGE210-17;450;03;X-00-00-00;;BESTECH INDUSTRIES LTD;mconde;902;OCBET
BPB;IDESP;7082;05/12/2025;B&P-003-BALL-1/2;4500;03;X-00-00-00;;BESTECH INDUSTRIES LTD;mconde;902;OCBET
BPB;IDESP;7082;05/12/2025;B&P-010-LOC205-16;3000;03;X-00-00-00;;BESTECH INDUSTRIES LTD;mconde;902;OCBET
BPB;IDESP;7082;05/12/2025;B&P-004-210-DBL-08;900;03;X-00-00-00;;BESTECH INDUSTRIES LTD;mconde;902;OCBET
BPB;IDESP;7082;05/12/2025;B&P-010-LOC210-50;450;03;X-00-00-00;;BESTECH INDUSTRIES LTD;mconde;902;OCBET
BPB;IDESP;7082;05/12/2025;B&P-001-OR210-G;1000;03;X-00-00-00;;BESTECH INDUSTRIES LTD;mconde;902;OCBET
BPB;IDESP;7082;05/12/2025;B&P-002-SAB210-50-02;1000;03;X-00-00-00;;BESTECH INDUSTRIES LTD;mconde;902;OCBET
BPB;IDESP;7082;05/12/2025;B&P-005-CAGE210-17;1000;03;X-00-00-00;;BESTECH INDUSTRIES LTD;mconde;902;OCBET
BPB;IDESP;7082;05/12/2025;B&P-003-BALL-1/2;10000;03;X-00-00-00;;BESTECH INDUSTRIES LTD;mconde;902;OCBET
BPB;IDESP;7082;05/12/2025;B&P-004-210-DBL-08;2000;03;X-00-00-00;;BESTECH INDUSTRIES LTD;mconde;902;OCBET
BPB;IDESP;7082;05/12/2025;B&P-002-ECL207-35-02;1000;03;X-00-00-00;PO#902 MID - item ECL207-35-DD;BESTECH INDUSTRIES LTD;mconde;140;OCREP
BPB;IDESP;7082;05/12/2025;B&P-005-CAGE207-17;1000;03;X-00-00-00;PO#902 MID - item ECL207-35-DD;BESTECH INDUSTRIES LTD;mconde;140;OCREP
BPB;IDESP;7083;05/12/2025;BPB-048-205-KRRB2;5000;03;X-00-00-00;PO#1055 ESUN;ESUN GLOBAL CO.,LTD;mconde;161;OCREP
BPB;IDESP;7083;05/12/2025;B&P-048-204-KRR2;1021;03;X-00-00-00;PO#1055 ESUN;ESUN GLOBAL CO.,LTD;mconde;161;OCREP
BPB;IDESP;7084;05/12/2025;B&P-047-SFC-85-M;863;03;X-00-00-00;PO#1284 MID;BESTECH INDUSTRIES LTD;mconde;158;OCREP
BPB;IDESP;7085;05/12/2025;B&P-045-PFM-5-Z;1000;03;X-00-00-00;PO#1294 MID;BESTECH INDUSTRIES LTD;mconde;159;OCREP
BPB;IDESP;7086;05/12/2025;BPB-056-ENG-2565-CHS;2500;03;X-00-00-00;;MIDLAND INDUSTRIES HK LIMITED;mconde;1286;OCOMI
BPB;IDESP;7086;05/12/2025;BPB-056-ENG-2565-CHS;2;03;X-00-00-00;PO#1286 MID;MIDLAND INDUSTRIES HK LIMITED;mconde;160;OCREP
BPB;IDESP;7088;19/12/2025;B&P-040-51310;200;03;X-00-00-00;;MIDLAND INDUSTRIES HK LIMITED;mconde;1291;OCOMI
BPB;IDESP;7088;19/12/2025;B&P-040-51118;16;03;X-00-00-00;;MIDLAND INDUSTRIES HK LIMITED;mconde;1291;OCOMI
BPB;IDESP;7088;19/12/2025;B&P-042-22213CW33C3;25;03;X-00-00-00;;MIDLAND INDUSTRIES HK LIMITED;mconde;1291;OCOMI
BPB;IDESP;7088;19/12/2025;B&P-042-22211-CW33C3;50;03;X-00-00-00;;MIDLAND INDUSTRIES HK LIMITED;mconde;1291;OCOMI
BPB;IDESP;7088;19/12/2025;BPB-042-22210-CW33C3;100;03;X-00-00-00;;MIDLAND INDUSTRIES HK LIMITED;mconde;1291;OCOMI
BPB;IDESP;7089;19/12/2025;B&P-047-ECL208-24DG;250;03;X-00-00-00;;ESUN GLOBAL CO.,LTD;mconde;1053;OCEUG
BPB;IDESP;7089;19/12/2025;B&P-047-SAB-206-30DG;1008;03;X-00-00-00;;ESUN GLOBAL CO.,LTD;mconde;1054;OCEUG
BPB;IDESP;7089;19/12/2025;B&P-047-ECL208-24DG;15;03;X-00-00-00;PO#1053 ESUN;ESUN GLOBAL CO.,LTD;mconde;153;OCREP
BPB;IDESP;7090;19/12/2025;B&P-047-ECL211-35D;250;03;X-00-00-00;;ESUN GLOBAL CO.,LTD;mconde;1053;OCEUG
BPB;IDESP;7090;19/12/2025;B&P-047-ACL206-18RG;497;03;X-00-00-00;;ESUN GLOBAL CO.,LTD;mconde;1053;OCEUG
BPB;IDESP;7090;19/12/2025;BPB-047-ACL206-20;500;03;X-00-00-00;;ESUN GLOBAL CO.,LTD;mconde;1053;OCEUG
BPB;IDESP;7090;19/12/2025;B&P-047-ACL206-30RG;100;03;X-00-00-00;;ESUN GLOBAL CO.,LTD;mconde;1053;OCEUG
BPB;IDESP;7090;19/12/2025;B&P-047-ACL206-30RR1;1000;03;X-00-00-00;;ESUN GLOBAL CO.,LTD;mconde;1053;OCEUG
BPB;IDESP;7090;19/12/2025;B&P-047-ASL-205-25MM;500;03;X-00-00-00;;ESUN GLOBAL CO.,LTD;mconde;1059;OCEUG
BPB;IDESP;7090;19/12/2025;B&P-048-CF5202-2RST-;2500;03;X-00-00-00;;ESUN GLOBAL CO.,LTD;mconde;1068;OCEUG
BPB;IDESP;7090;19/12/2025;B&P-048-SER-51;156;03;X-00-00-00;;ESUN GLOBAL CO.,LTD;mconde;1071;OCEUG
BPB;IDESP;7090;19/12/2025;B&P-047-ECL211-35D;22;03;X-00-00-00;PO#1053 ESUN;ESUN GLOBAL CO.,LTD;mconde;162;OCREP
BPB;IDESP;7090;19/12/2025;BPB-047-ACL206-20;20;03;X-00-00-00;PO#1053 ESUN;ESUN GLOBAL CO.,LTD;mconde;162;OCREP
BPB;IDESP;7090;19/12/2025;B&P-047-ACL206-30RG;5;03;X-00-00-00;PO#1053 ESUN;ESUN GLOBAL CO.,LTD;mconde;162;OCREP
BPB;IDESP;7090;19/12/2025;B&P-047-ACL206-30RR1;83;03;X-00-00-00;PO#1053 ESUN;ESUN GLOBAL CO.,LTD;mconde;162;OCREP
BPB;IDESP;7090;19/12/2025;B&P-047-ASL-205-25MM;22;03;X-00-00-00;PO#1059 ESUN;ESUN GLOBAL CO.,LTD;mconde;162;OCREP
BPB;IDESP;7090;19/12/2025;B&P-048-CF5202-2RST-;27;03;X-00-00-00;PO#1068 ESUN;ESUN GLOBAL CO.,LTD;mconde;162;OCREP
BPB;INAC;7068;26/11/2025;BPB-047-FD-205-A1;200;101;X-00-00-00;;GA BE BA DI  SRL;rrinaldi;0; 
BPB;INAC;7069;27/11/2025;BPB-037-UPN40X20;300;01;X-00-00-00;;ROGIRO ACEROS S.A.;glopez;0; 
BPB;INAC;7070;27/11/2025;BPB-037-TO8X20-CT;1500;01;X-00-00-00;;PEGASUS BEARING S. A.;glopez;0; 
BPB;INAC;7079;03/12/2025;BPB-037-SAE1045;24;01;X-00-00-00;;ROGIRO ACEROS S.A.;glopez;0; 
BPB;INAC;7079;03/12/2025;BPB-999-SAE1045Ø47.6;24;01;X-00-00-00;;ROGIRO ACEROS S.A.;glopez;0; 
BPB;INAC;7087;15/12/2025;CTI-250-112CB-A7;450;101;X-00-00-00;;PROCESOS IND. METALLO SA;glopez;0; 
BPB;InRet;3669;21/11/2025;BPB-056-DS3075C25-B;100;101;X-00-00-00;;MW AGROPARTES SRL;glopez;0; 
BPB;InRet;3670;28/11/2025;BPB-056-ENG307516CHS;200;101;X-00-00-00;;SUDOSILO S.A.;glopez;0; 
BPB;InRet;3670;28/11/2025;BPB-056-DS3075C25CHS;200;101;X-00-00-00;;SUDOSILO S.A.;glopez;0; 
BPB;InRet;3671;02/12/2025;BPB-056-DS3075C25-B;100;101;X-00-00-00;;MW AGROPARTES SRL;glopez;0; 
BPB;InRet;3672;04/12/2025;BPB-056-ENG307516CHS;100;101;X-00-00-00;;SUDOSILO S.A.;glopez;0; 
BPB;InRet;3672;04/12/2025;BPB-056-DS3075C25CHS;100;101;X-00-00-00;;SUDOSILO S.A.;glopez;0; 
BPB;InRet;3674;11/12/2025;BPB-056-DS3075C25-B;100;101;X-00-00-00;;MW AGROPARTES SRL;glopez;0; 
BPB;InRet;3676;11/12/2025;BPB-056-DS3075C25-B;11;101;X-00-00-00;;MW AGROPARTES SRL;glopez;0; 
BPB;InRet;3678;19/12/2025;BPB-056-ENG307516CHS;211;101;X-00-00-00;;SUDOSILO S.A.;dbo;0; 
BPB;InRet;3678;19/12/2025;BPB-056-DS3075C25CHS;211;101;X-00-00-00;;SUDOSILO S.A.;dbo;0; 
BPB;INSI;1031;26/11/2025;B&P-059-AG59517-65;16;101;D-05-02-01;CARP. 1442 / EMB. 1205;;dlosano;0; 
BPB;INSI;1031;26/11/2025;B&P-059-AG59517-65;20;101;D-05-02-02;CARP. 1442 / EMB. 1205;;dlosano;0; 
BPB;INSI;1031;26/11/2025;B&P-059-AG59517-65;16;101;D-05-02-03;CARP. 1442 / EMB. 1205;;dlosano;0; 
BPB;INSI;1032;04/12/2025;BPB-999-30203-MX;2064;01;H-06-02-03;Devolucion Ascanelli;;dlosano;0; 
BPB;INSI;1034;12/12/2025;B&P-041-LS16-2RS;52;101;G-21-02-01;;;rscotto;0; 
BPB;INSI;1035;18/12/2025;B&P-031-DAC-34670037;44;101;E-24-01-03;;;dbo;0; 
