host_id,item,Fecha Partida,produc,descrip_larga,Llave,OC Tipo,OC numero,ubi,obser,canti_real_item,Cant_Despachada,canti_real,Comp,Num,Fecha_ing,Subgrupo,costo_prome_ponde,depO,uni_medi_stock,depo_descrip,,,Observacion
25876,A000400000422,2026-04-01,BPB-044-BP17010-04,Planchuela acople rápido,BPB-044-BP17010-04A000400000422,,0,X-00-00-00,,1000,1000,1094,INAC,7147,2026-04-17,Partes y Piezas,0,101,C/Uno,Control de Calidad,,,
25876,A000400000429,2026-04-17,BPB-044-BP17010-04,Planchuela acople rápido,BPB-044-BP17010-04A000400000429,,0,X-00-00-00,,94,91,1094,INAC,7148,2026-04-17,Partes y Piezas,0,101,C/Uno,Control de Calidad,,,
25876,AR7306,2023-03-22,B&P-041-MS01-2RS,6201 = 12x32x10,B&P-041-MS01-2RSAR7306,,0,H-21-02-03,,2000,2000,2596,INSI,1053,2026-04-14,RODAMIENTO DE BOLAS,0,101,C/Uno,Control de Calidad,,,
25876,6088IC06000010N,2026-01-16,B&P-047-ECL209-28DG,"Tipo HC/YEL/UEL = 1""3/4x85x22/56.3",B&P-047-ECL209-28DG6088IC06000010N,,0,I-11-02-02,,140,140,152,INSI,1053,2026-04-14,AUTOCENTRANTES,0,101,C/Uno,Control de Calidad,,,
25876,AR7518,2026-04-13,000-053-X-30211,Cono,000-053-X-30211AR7518,,,G-18-01-03,,540,1000,1001,,,2026-04-13,CONO,0,101,C/Uno,Control de Calidad,,,
25876,AR7518,2026-04-13,000-053-X-30211,Cono,000-053-X-30211AR7518,,,G-21-02-01,,460,1000,1001,,,2026-04-13,CONO,0,101,C/Uno,Control de Calidad,,,
25876,AR7517,2026-04-13,000-053-X-32010,Bearing parts,000-053-X-32010AR7517,,,F-16-01-01,,1000,1000,1000,,,2026-04-13,CONO,0,101,C/Uno,Control de Calidad,,,
25876,AR7516,2026-04-13,000-053-X-32210,Cono armado,000-053-X-32210AR7516,,,F-07-01-03,,500,500,500,,,2026-04-13,CONO,105.8383,101,C/Uno,Control de Calidad,,,
25876,AR7520,2026-04-13,000-053-X-33215,Bearing Parts,000-053-X-33215AR7520,,,H-10-02-03,,100,100,100,,,2026-04-13,CONO,0,101,C/Uno,Control de Calidad,,,
25876,6088IC06000115T,2026-04-13,TSG-CAW-0000001,Camellon,TSG-CAW-00000016088IC06000115T,OCREP,181,X-00-00-00,,35,35,60,IDESP,7146,2026-04-13,Camellon Cera perdida,0,101,C/Uno,Control de Calidad,,,
25876,6088IC06000115T,2026-04-13,TSG-CCW-0010000,Brazo Rueda Niveladora Dch,TSG-CCW-00100006088IC06000115T,OCREP,181,X-00-00-00,,42,42,47,IDESP,7146,2026-04-13,Cuerpo Central Cera perdida,0,101,C/Uno,Control de Calidad,,,
25876,6088IC06000115T,2026-04-13,TSG-CCW-0020000,Brazo Rueda Niveladora Izq,TSG-CCW-00200006088IC06000115T,OCREP,181,X-00-00-00,,41,41,46,IDESP,7146,2026-04-13,Cuerpo Central Cera perdida,0,101,C/Uno,Control de Calidad,,,
25876,6088IC06000115T,2026-04-13,TSG-CCW-0030000,Cuerpo Central,TSG-CCW-00300006088IC06000115T,OCREP,181,X-00-00-00,,35,35,39,IDESP,7146,2026-04-13,Cuerpo Central Cera perdida,0,101,C/Uno,Control de Calidad,,,
25876,6088IC06000115T,2026-04-13,TSG-CCW-0030003,Pico Entre Disco,TSG-CCW-00300036088IC06000115T,OCREP,181,X-00-00-00,,40,40,65,IDESP,7146,2026-04-13,Cuerpo Central Cera perdida,0,101,C/Uno,Control de Calidad,,,
25876,6088IC06000115T,2026-04-13,TSG-CCW-0040000,Pecho Paralelogramo,TSG-CCW-00400006088IC06000115T,OCREP,181,X-00-00-00,,28,28,33,IDESP,7146,2026-04-13,Cuerpo Central Cera perdida,0,101,C/Uno,Control de Calidad,,,
25876,6088IC06000115T,2026-04-13,TSG-CCW-0050001,Brazo Rueda Pisagrano,TSG-CCW-00500016088IC06000115T,OCREP,181,X-00-00-00,,38,38,45,IDESP,7146,2026-04-13,Cuerpo Central Cera perdida,0,101,C/Uno,Control de Calidad,,,
25876,6088IC06000115T,2026-04-13,TSG-CCW-0050002,Soporte Brazo Rueda Pisagrano,TSG-CCW-00500026088IC06000115T,OCREP,181,X-00-00-00,,31,31,39,IDESP,7146,2026-04-13,Cuerpo Central Cera perdida,0,101,C/Uno,Control de Calidad,,,
25876,6088IC06000115T,2026-04-13,TSG-CCW-0050003,Tope Brazo Rueda Pisagrano Izq,TSG-CCW-00500036088IC06000115T,OCREP,181,X-00-00-00,,31,31,36,IDESP,7146,2026-04-13,Cuerpo Central Cera perdida,0,101,C/Uno,Control de Calidad,,,
25876,6088IC06000115T,2026-04-13,TSG-CCW-0050004,Extremo Camellon,TSG-CCW-00500046088IC06000115T,OCREP,181,X-00-00-00,,35,35,40,IDESP,7146,2026-04-13,Cuerpo Central Cera perdida,0,101,C/Uno,Control de Calidad,,,
25876,6088IC06000115T,2026-04-13,TSG-CCW-0070001,Tope de Brazo Rueda Niveladora,TSG-CCW-00700016088IC06000115T,OCREP,181,X-00-00-00,,40,40,65,IDESP,7146,2026-04-13,Cuerpo Central Cera perdida,0,101,C/Uno,Control de Calidad,,,
25876,6088IC06000115T,2026-04-13,TSG-CCW-0070003,Soporte Eje,TSG-CCW-00700036088IC06000115T,OCREP,181,X-00-00-00,,39,39,64,IDESP,7146,2026-04-13,Cuerpo Central Cera perdida,0,101,C/Uno,Control de Calidad,,,
25876,6088IC06000115T,2026-04-13,TSG-CCW-0070004,Manivela de Regulacion Gruesa,TSG-CCW-00700046088IC06000115T,OCREP,181,X-00-00-00,,39,39,64,IDESP,7146,2026-04-13,Cuerpo Central Cera perdida,0,101,C/Uno,Control de Calidad,,,
25876,6088IC06000115T,2026-04-13,TSG-CCW-0090001,Rayo de Rueda Niveladora,TSG-CCW-00900016088IC06000115T,OCREP,181,X-00-00-00,,70,70,80,IDESP,7146,2026-04-13,Cuerpo Central Cera perdida,0,101,C/Uno,Control de Calidad,,,
25876,6088IC06000115T,2026-04-13,TSG-PAX-0000001,Brazo Paralelogramo,TSG-PAX-00000016088IC06000115T,OCREP,181,X-00-00-00,,60,60,110,IDESP,7146,2026-04-13,Paralelogramo Estandar,0,101,C/Uno,Control de Calidad,,,
25876,6088IC06000115T,2026-04-13,TSG-PAX-002F000,Travesaño de Paralelogramo,TSG-PAX-002F0006088IC06000115T,OCREP,181,X-00-00-00,,34,34,59,IDESP,7146,2026-04-13,Paralelogramo Estandar,0,101,C/Uno,Control de Calidad,,,
25876,1088IC05000106N,2026-04-09,B&P-031-DAC-30550023,Automotor = 30x55x23,B&P-031-DAC-305500231088IC05000106N,,0,H-05-04-03,,276,276,276,INSI,1052,2026-04-09,AUTOMOTORES,0,101,C/Uno,Control de Calidad,,,
25876,6088IC06000109W,2026-04-09,B&P-032-BP-25005-01,Cuerpo polea CNH 86588003,B&P-032-BP-25005-016088IC06000109W,OCREP,176,D-30-03-01,,150,270,270,IDESP,7145,2026-04-09,Tensores,0,101,C/Uno,Control de Calidad,,,
25876,6088IC06000109W,2026-04-09,B&P-032-BP-25005-01,Cuerpo polea CNH 86588003,B&P-032-BP-25005-016088IC06000109W,OCREP,176,D-30-03-03,,120,270,270,IDESP,7145,2026-04-09,Tensores,0,101,C/Uno,Control de Calidad,,,
25876,6088IC06000109W,2026-04-09,B&P-032-BP-25005-02,Buje Polea CNH86588003,B&P-032-BP-25005-026088IC06000109W,OCREP,176,E-11-02-01,,2000,2000,2000,IDESP,7145,2026-04-09,Tensores,0,101,C/Uno,Control de Calidad,,,
25876,6088IC06000109W,2026-04-09,B&P-032-BP-25005-04,Remache 5.3 x 9.5,B&P-032-BP-25005-046088IC06000109W,OCREP,176,E-11-02-02,,18000,18000,18000,IDESP,7145,2026-04-09,Tensores,0,101,C/Uno,Control de Calidad,,,
25876,6088IC06000109W,2026-04-09,B&P-034-GE-25-ES-2RS,Rotula 25mm 2RS,B&P-034-GE-25-ES-2RS6088IC06000109W,OCOMI,1296,G-21-05-02,,100,100,100,IDESP,7145,2026-04-09,ROTULAS,0,101,C/Uno,Control de Calidad,,,
25876,6088IC06000109W,2026-04-09,B&P-034-GE-50-ES-2RS,ROTULA 50mm 2RS_x000D_,B&P-034-GE-50-ES-2RS6088IC06000109W,OCOMI,1296,G-17-05-03,,100,100,100,IDESP,7145,2026-04-09,ROTULAS,0,101,C/Uno,Control de Calidad,,,
25876,6088IC06000109W,2026-04-09,B&P-040-2210-TN-C3,Rod. Bolas a Rotula = 50x90x23,B&P-040-2210-TN-C36088IC06000109W,OCOMI,1307,G-08-04-02,,50,50,50,IDESP,7145,2026-04-09,Rod. Varios,0,101,C/Uno,Control de Calidad,,,
25876,6088IC06000109W,2026-04-09,B&P-040-51107,Rod. Axial de Bolas = 35x52x12_x000D_,B&P-040-511076088IC06000109W,OCOMI,1307,G-17-05-01,,300,300,300,IDESP,7145,2026-04-09,Rod. Varios,0,101,C/Uno,Control de Calidad,,,
25876,6088IC06000109W,2026-04-09,B&P-040-51120,Rod. Axial de Bolas = 100x135x25,B&P-040-511206088IC06000109W,OCREP,176,G-06-01-03,,200,200,200,IDESP,7145,2026-04-09,Rod. Varios,0,101,C/Uno,Control de Calidad,,,
25876,6088IC06000109W,2026-04-09,B&P-040-51209,Rod. Axial de Bolas = 45x73x20_x000D_,B&P-040-512096088IC06000109W,OCOMI,1307,G-16-05-01,,200,200,291,IDESP,7145,2026-04-09,Rod. Varios,0,101,C/Uno,Control de Calidad,,,
25876,6088IC06000109W,2026-04-09,B&P-042-22212CKW33C3,Rod. de rodillos a rotulas - Eje Conico = 60x110x28_x000D_,B&P-042-22212CKW33C36088IC06000109W,OCOMI,1307,G-21-05-01,,25,25,26,IDESP,7145,2026-04-09,Rod.Esfericos,0,101,C/Uno,Control de Calidad,,,
25876,6088IC06000109W,2026-04-09,B&P-042-22213CKW33C3,Rod. de rodillos a rotulas - Eje Conico = 65x120x31,B&P-042-22213CKW33C36088IC06000109W,OCOMI,1307,G-18-04-02,,5,5,20,IDESP,7145,2026-04-09,Rod.Esfericos,0,101,C/Uno,Control de Calidad,,,
25876,6088IC06000109W,2026-04-09,B&P-042-22216CKW33C3,Rod. de rodillos a rotulas - Eje Conico = 80x140x33,B&P-042-22216CKW33C36088IC06000109W,OCOMI,1307,B-10-04-03,,25,25,34,IDESP,7145,2026-04-09,Rod.Esfericos,0,101,C/Uno,Control de Calidad,,,
25876,6088IC06000109W,2026-04-09,B&P-045-PFT-5-Z,Sop.de chapa Triangular c/3 aguj,B&P-045-PFT-5-Z6088IC06000109W,OCREP,176,E-22-02-03,,1005,1005,1020,IDESP,7145,2026-04-09,SOPORTE DE CHAPAS,0,101,C/Uno,Control de Calidad,,,
25876,0088IC06000030J,2020-04-15,B&P-047-SAB-206-30DG,Tipo UC/YAR = 30x62x18/38.1,B&P-047-SAB-206-30DG0088IC06000030J,,0,I-10-01-01,,1008,1008,1008,INSI,1052,2026-04-09,AUTOCENTRANTES,0,101,C/Uno,Control de Calidad,,,
25876,0088IC06000065R,2020-08-10,B&P-047-SAB-207-35DG,Tipo UC/YAR = 35x72x19/42.9,B&P-047-SAB-207-35DG0088IC06000065R,,0,H-07-01-01,,518,528,592,INSI,1052,2026-04-09,AUTOCENTRANTES,-4.2467,101,C/Uno,Control de Calidad,,,
25876,0088IC06000065R,2020-08-10,B&P-047-SAB-207-35DG,Tipo UC/YAR = 35x72x19/42.9,B&P-047-SAB-207-35DG0088IC06000065R,,0,V-00-00-00,,10,528,592,INSI,1052,2026-04-09,AUTOCENTRANTES,-4.2467,101,C/Uno,Control de Calidad,,,
25876,1088IC05000106N,2021-07-28,B&P-048-203-KRR3-E2,"Seguidor de Leva = 15.95x2""x15",B&P-048-203-KRR3-E21088IC05000106N,,0,H-04-01-02,,1560,1560,1560,INSI,1052,2026-04-09,Rodamientos Esp.Agricolas,-0.0016,101,C/Uno,Control de Calidad,,,
25876,0088IC06000017Y,2020-03-09,B&P-048-205-KRR2,Hexagonal Recto = 7/8x52x15/25.4,B&P-048-205-KRR20088IC06000017Y,,0,V-00-00-00,,844,1008,865,INSI,1052,2026-04-09,Rodamientos Esp.Agricolas,0,101,C/Uno,Control de Calidad,,,
25876,0088IC06000017Y,2020-03-09,B&P-048-205-KRR2,Hexagonal Recto = 7/8x52x15/25.4,B&P-048-205-KRR20088IC06000017Y,,0,X-00-00-00,,20,1008,865,INSI,1052,2026-04-09,Rodamientos Esp.Agricolas,0,101,C/Uno,Control de Calidad,,,
25876,5088IC06000155W,2025-09-23,B&P-059-AG59517-65,Maza completa c/DTR3565-FM,B&P-059-AG59517-655088IC06000155W,,0,V-00-00-00,,1,160,113,INSI,1052,2026-04-09,MAZAS - Term y Ptes.Pzas,0,101,C/Uno,Control de Calidad,,,
25876,6088IC06000109W,2026-04-09,BPB-034-GE-20-ES-2RS,Rotula 20mm 2RS,BPB-034-GE-20-ES-2RS6088IC06000109W,OCOMI,1296,G-23-05-02,,100,100,100,IDESP,7145,2026-04-09,Rotulas,0,101,C/Uno,Control de Calidad,,,
25876,6088IC06000109W,2026-04-09,BPB-034-GE-30-ES-2RS,Rotula 30mm - 2RS,BPB-034-GE-30-ES-2RS6088IC06000109W,OCOMI,1296,G-20-05-01,,100,100,109,IDESP,7145,2026-04-09,Rotulas,0,101,C/Uno,Control de Calidad,,,
25876,6088IC06000109W,2026-04-09,BPB-034-GEZ-012-ES,ROTULA 1/2,BPB-034-GEZ-012-ES6088IC06000109W,OCOMI,1296,G-22-05-01,,100,100,100,IDESP,7145,2026-04-09,Rotulas,0.0259,101,C/Uno,Control de Calidad,,,
25876,6088IC06000109W,2026-04-09,BPB-034-GEZ-014-ES-2,ROTULA 7/8,BPB-034-GEZ-014-ES-26088IC06000109W,OCOMI,1296,G-23-05-03,,100,100,105,IDESP,7145,2026-04-09,Rotulas,0.0528,101,C/Uno,Control de Calidad,,,
25876,6088IC06000109W,2026-04-09,BPB-042-22205CKW33C3,Rod. de rodillos a rotulas - Eje Conico = 25x52x18,BPB-042-22205CKW33C36088IC06000109W,OCOMI,1307,G-16-03-02,,50,50,62,IDESP,7145,2026-04-09,Rod.Esfericos,0,101,C/Uno,Control de Calidad,,,
25876,6088IC06000109W,2026-04-09,BPB-045-PFT-7-ZM,Sop.de chapa Triangular c/3 aguj,BPB-045-PFT-7-ZM6088IC06000109W,OCREP,176,E-17-02-03,,468,518,471,IDESP,7145,2026-04-09,Soporte,0,101,C/Uno,Control de Calidad,,,
25876,6088IC06000110Y,2026-04-08,000-054-TCY211,Bearing Parts,000-054-TCY2116088IC06000110Y,OCEUG,1080,F-19-01-03,,1000,1000,1000,IDESP,7142,2026-04-08,CUBETA,0.709,101,C/Uno,Control de Calidad,,,
25876,6088IC06000110Y,2026-04-08,000-054-TDY010,Bearing parts,000-054-TDY0106088IC06000110Y,OCEUG,1080,F-19-01-02,,1000,1000,1000,IDESP,7142,2026-04-08,CUBETA,0,101,C/Uno,Control de Calidad,,,
25876,6088IC06000110Y,2026-04-08,000-054-TDY210,Bearing Parts,000-054-TDY2106088IC06000110Y,OCEUG,1080,F-20-05-03,,140,500,506,IDESP,7142,2026-04-08,CUBETA,0,101,C/Uno,Control de Calidad,,,
25876,6088IC06000110Y,2026-04-08,000-054-TDY210,Bearing Parts,000-054-TDY2106088IC06000110Y,OCEUG,1080,H-10-03-02,,360,500,506,IDESP,7142,2026-04-08,CUBETA,0,101,C/Uno,Control de Calidad,,,
25876,6088IC06000110Y,2026-04-08,000-054-TTY215,Bearing Parts,000-054-TTY2156088IC06000110Y,OCEUG,1080,H-04-04-01,,100,100,100,IDESP,7142,2026-04-08,CUBETA,0,101,C/Uno,Control de Calidad,,,
25876,6088IC06000107U,2026-04-08,B&P-032-BP-25005-03,Oring,B&P-032-BP-25005-036088IC06000107U,OCBET,937,G-24-05-02,,1000,1000,1000,IDESP,7138,2026-04-08,Tensores,0,101,C/Uno,Control de Calidad,,,
25876,6088IC06000107U,2026-04-08,B&P-037-BP-23006,DS-010-B Rubber Belt,B&P-037-BP-230066088IC06000107U,OCBET,945,E-24-05-01,,25,30,45,IDESP,7138,2026-04-08,VARIOS,0,101,C/Uno,Control de Calidad,,,
25876,6088IC06000112Z,2026-04-08,B&P-037-M04132,Tornillo allen frezada 8x20,B&P-037-M041326088IC06000112Z,OCREP,164,D-27-02-02,,10000,10000,15110,IDESP,7143,2026-04-08,VARIOS,0,101,C/Uno,Control de Calidad,,,
25876,6088IC06000107U,2026-04-08,B&P-041-HD06-2RST,6306 = 30x72x19,B&P-041-HD06-2RST6088IC06000107U,OCREP,159,G-24-01-01,,720,1000,1285,IDESP,7138,2026-04-08,RODAMIENTO DE BOLAS,0,101,C/Uno,Control de Calidad,,,
25876,6088IC06000107U,2026-04-08,B&P-041-HD06-2RST,6306 = 30x72x19,B&P-041-HD06-2RST6088IC06000107U,OCREP,159,G-24-03-01,,280,1000,1285,IDESP,7138,2026-04-08,RODAMIENTO DE BOLAS,0,101,C/Uno,Control de Calidad,,,
25876,6088IC06000107U,2026-04-08,B&P-041-HD08-2RST,6308 = 40x90x23,B&P-041-HD08-2RST6088IC06000107U,OCREP,159,G-23-03-02,,270,500,613,IDESP,7138,2026-04-08,RODAMIENTO DE BOLAS,4.28,101,C/Uno,Control de Calidad,,,
25876,6088IC06000107U,2026-04-08,B&P-041-HD08-2RST,6308 = 40x90x23,B&P-041-HD08-2RST6088IC06000107U,OCREP,159,G-23-04-02,,230,500,613,IDESP,7138,2026-04-08,RODAMIENTO DE BOLAS,4.28,101,C/Uno,Control de Calidad,,,
25876,6088IC06000107U,2026-04-08,B&P-041-MS08-2RST,6208 = 40x80x18,B&P-041-MS08-2RST6088IC06000107U,OCREP,159,F-06-01-03,,630,1000,1000,IDESP,7138,2026-04-08,RODAMIENTO DE BOLAS,0,101,C/Uno,Control de Calidad,,,
25876,6088IC06000107U,2026-04-08,B&P-041-MS08-2RST,6208 = 40x80x18,B&P-041-MS08-2RST6088IC06000107U,OCREP,159,F-06-02-02,,360,1000,1000,IDESP,7138,2026-04-08,RODAMIENTO DE BOLAS,0,101,C/Uno,Control de Calidad,,,
25876,6088IC06000107U,2026-04-08,B&P-041-MS08-2RST,6208 = 40x80x18,B&P-041-MS08-2RST6088IC06000107U,OCREP,159,V-00-00-00,,10,1000,1000,IDESP,7138,2026-04-08,RODAMIENTO DE BOLAS,0,101,C/Uno,Control de Calidad,,,
25876,6088IC06000107U,2026-04-08,B&P-047-PE-214,Soporte de Pie Reforzado,B&P-047-PE-2146088IC06000107U,OCREP,159,G-23-01-02,,36,76,109,IDESP,7138,2026-04-08,AUTOCENTRANTES,0,101,C/Uno,Control de Calidad,,,
25876,6088IC06000107U,2026-04-08,B&P-047-PE-214,Soporte de Pie Reforzado,B&P-047-PE-2146088IC06000107U,OCREP,159,G-23-01-03,,40,76,109,IDESP,7138,2026-04-08,AUTOCENTRANTES,0,101,C/Uno,Control de Calidad,,,
25876,6088IC06000112Z,2026-04-08,B&P-048-5203-KYY5,Esp Agric. = 16.256x40x44.12/39.12,B&P-048-5203-KYY56088IC06000112Z,OCEUG,1076,D-29-01-01,,1304,2500,2966,IDESP,7143,2026-04-08,Rodamientos Esp.Agricolas,0.0512,101,C/Uno,Control de Calidad,,,
25876,6088IC06000112Z,2026-04-08,B&P-048-5203-KYY5,Esp Agric. = 16.256x40x44.12/39.12,B&P-048-5203-KYY56088IC06000112Z,OCEUG,1076,E-11-01-01,,1408,2500,2966,IDESP,7143,2026-04-08,Rodamientos Esp.Agricolas,0.0512,101,C/Uno,Control de Calidad,,,
25876,6088IC06000112Z,2026-04-08,B&P-048-5203-KYY5,Esp Agric. = 16.256x40x44.12/39.12,B&P-048-5203-KYY56088IC06000112Z,OCEUG,1076,V-00-00-00,,20,2500,2966,IDESP,7143,2026-04-08,Rodamientos Esp.Agricolas,0.0512,101,C/Uno,Control de Calidad,,,
25876,6088IC06000111P,2026-04-08,B&P-048-FDECL211-55,FDECL211-55,B&P-048-FDECL211-556088IC06000111P,OCEUG,1086,A-05-01-03,,72,504,895,IDESP,7144,2026-04-08,Rodamientos Esp.Agricolas,9.68,101,C/Uno,Control de Calidad,,,
25876,6088IC06000111P,2026-04-08,B&P-048-FDECL211-55,FDECL211-55,B&P-048-FDECL211-556088IC06000111P,OCEUG,1086,A-07-01-02,,72,504,895,IDESP,7144,2026-04-08,Rodamientos Esp.Agricolas,9.68,101,C/Uno,Control de Calidad,,,
25876,6088IC06000111P,2026-04-08,B&P-048-FDECL211-55,FDECL211-55,B&P-048-FDECL211-556088IC06000111P,OCEUG,1086,A-20-01-01,,62,504,895,IDESP,7144,2026-04-08,Rodamientos Esp.Agricolas,9.68,101,C/Uno,Control de Calidad,,,
25876,6088IC06000111P,2026-04-08,B&P-048-FDECL211-55,FDECL211-55,B&P-048-FDECL211-556088IC06000111P,OCEUG,1086,A-20-02-03,,72,504,895,IDESP,7144,2026-04-08,Rodamientos Esp.Agricolas,9.68,101,C/Uno,Control de Calidad,,,
25876,6088IC06000111P,2026-04-08,B&P-048-FDECL211-55,FDECL211-55,B&P-048-FDECL211-556088IC06000111P,OCEUG,1086,B-13-02-02,,72,504,895,IDESP,7144,2026-04-08,Rodamientos Esp.Agricolas,9.68,101,C/Uno,Control de Calidad,,,
25876,6088IC06000111P,2026-04-08,B&P-048-FDECL211-55,FDECL211-55,B&P-048-FDECL211-556088IC06000111P,OCEUG,1086,C-24-01-02,,72,504,895,IDESP,7144,2026-04-08,Rodamientos Esp.Agricolas,9.68,101,C/Uno,Control de Calidad,,,
25876,6088IC06000111P,2026-04-08,B&P-048-FDECL211-55,FDECL211-55,B&P-048-FDECL211-556088IC06000111P,OCEUG,1086,D-05-02-03,,72,504,895,IDESP,7144,2026-04-08,Rodamientos Esp.Agricolas,9.68,101,C/Uno,Control de Calidad,,,
25876,6088IC06000111P,2026-04-08,B&P-048-FDECL211-55,FDECL211-55,B&P-048-FDECL211-556088IC06000111P,OCEUG,1086,V-00-00-00,,10,504,895,IDESP,7144,2026-04-08,Rodamientos Esp.Agricolas,9.68,101,C/Uno,Control de Calidad,,,
25876,6088IC06000107U,2026-04-08,BPB-041-1621-2RS,"1621 = 1/2""x1""3/8x7/16""",BPB-041-1621-2RS6088IC06000107U,OCREP,159,F-04-03-02,,500,500,501,IDESP,7138,2026-04-08,Rod. Rigidos de Bolas,0,101,C/Uno,Control de Calidad,,,
25876,AR7513,2026-03-31,B&P-041-MS04-2RS,6204 = 20x47x14,B&P-041-MS04-2RSAR7513,,,B-02-05-01,,1100,20000,20121,,,2026-03-31,RODAMIENTO DE BOLAS,0,101,C/Uno,Control de Calidad,,,
25876,AR7513,2026-03-31,B&P-041-MS04-2RS,6204 = 20x47x14,B&P-041-MS04-2RSAR7513,,,B-05-06-01,,1100,20000,20121,,,2026-03-31,RODAMIENTO DE BOLAS,0,101,C/Uno,Control de Calidad,,,
25876,AR7513,2026-03-31,B&P-041-MS04-2RS,6204 = 20x47x14,B&P-041-MS04-2RSAR7513,,,B-05-06-03,,1100,20000,20121,,,2026-03-31,RODAMIENTO DE BOLAS,0,101,C/Uno,Control de Calidad,,,
25876,AR7513,2026-03-31,B&P-041-MS04-2RS,6204 = 20x47x14,B&P-041-MS04-2RSAR7513,,,B-06-01-02,,550,20000,20121,,,2026-03-31,RODAMIENTO DE BOLAS,0,101,C/Uno,Control de Calidad,,,
25876,AR7513,2026-03-31,B&P-041-MS04-2RS,6204 = 20x47x14,B&P-041-MS04-2RSAR7513,,,B-09-05-02,,2200,20000,20121,,,2026-03-31,RODAMIENTO DE BOLAS,0,101,C/Uno,Control de Calidad,,,
25876,AR7513,2026-03-31,B&P-041-MS04-2RS,6204 = 20x47x14,B&P-041-MS04-2RSAR7513,,,B-11-06-03,,2200,20000,20121,,,2026-03-31,RODAMIENTO DE BOLAS,0,101,C/Uno,Control de Calidad,,,
25876,AR7513,2026-03-31,B&P-041-MS04-2RS,6204 = 20x47x14,B&P-041-MS04-2RSAR7513,,,B-15-01-03,,2200,20000,20121,,,2026-03-31,RODAMIENTO DE BOLAS,0,101,C/Uno,Control de Calidad,,,
25876,AR7513,2026-03-31,B&P-041-MS04-2RS,6204 = 20x47x14,B&P-041-MS04-2RSAR7513,,,B-16-02-02,,2200,20000,20121,,,2026-03-31,RODAMIENTO DE BOLAS,0,101,C/Uno,Control de Calidad,,,
25876,AR7513,2026-03-31,B&P-041-MS04-2RS,6204 = 20x47x14,B&P-041-MS04-2RSAR7513,,,B-20-01-02,,2150,20000,20121,,,2026-03-31,RODAMIENTO DE BOLAS,0,101,C/Uno,Control de Calidad,,,
25876,AR7513,2026-03-31,B&P-041-MS04-2RS,6204 = 20x47x14,B&P-041-MS04-2RSAR7513,,,B-20-01-03,,2200,20000,20121,,,2026-03-31,RODAMIENTO DE BOLAS,0,101,C/Uno,Control de Calidad,,,
25876,AR7513,2026-03-31,B&P-041-MS04-2RS,6204 = 20x47x14,B&P-041-MS04-2RSAR7513,,,C-04-06-02,,1430,20000,20121,,,2026-03-31,RODAMIENTO DE BOLAS,0,101,C/Uno,Control de Calidad,,,
25876,AR7513,2026-03-31,B&P-041-MS04-2RS,6204 = 20x47x14,B&P-041-MS04-2RSAR7513,,,C-05-01-03,,1520,20000,20121,,,2026-03-31,RODAMIENTO DE BOLAS,0,101,C/Uno,Control de Calidad,,,
25876,AR7513,2026-03-31,B&P-041-MS04-2RS,6204 = 20x47x14,B&P-041-MS04-2RSAR7513,,,V-00-00-00,,50,20000,20121,,,2026-03-31,RODAMIENTO DE BOLAS,0,101,C/Uno,Control de Calidad,,,
25876,6088IC06000076C,2026-03-26,B&P-047-SAB-212-60DG,Tipo UC/YAR = 60x110x27/65.1,B&P-047-SAB-212-60DG6088IC06000076C,OCEUG,1053,H-12-04-01,,72,250,277,IDESP,7132,2026-03-26,AUTOCENTRANTES,0,101,C/Uno,Control de Calidad,,,
25876,6088IC06000076C,2026-03-26,B&P-047-SAB-212-60DG,Tipo UC/YAR = 60x110x27/65.1,B&P-047-SAB-212-60DG6088IC06000076C,OCEUG,1053,H-12-04-02,,72,250,277,IDESP,7132,2026-03-26,AUTOCENTRANTES,0,101,C/Uno,Control de Calidad,,,
25876,6088IC06000076C,2026-03-26,B&P-047-SAB-212-60DG,Tipo UC/YAR = 60x110x27/65.1,B&P-047-SAB-212-60DG6088IC06000076C,OCEUG,1053,I-16-03-01,,62,250,277,IDESP,7132,2026-03-26,AUTOCENTRANTES,0,101,C/Uno,Control de Calidad,,,
25876,6088IC06000076C,2026-03-26,B&P-047-SAB-212-60DG,Tipo UC/YAR = 60x110x27/65.1,B&P-047-SAB-212-60DG6088IC06000076C,OCEUG,1053,I-16-04-02,,40,250,277,IDESP,7132,2026-03-26,AUTOCENTRANTES,0,101,C/Uno,Control de Calidad,,,
25876,6088IC06000076C,2026-03-26,B&P-047-SAB-212-60DG,Tipo UC/YAR = 60x110x27/65.1,B&P-047-SAB-212-60DG6088IC06000076C,OCEUG,1053,V-00-00-00,,10,250,277,IDESP,7132,2026-03-26,AUTOCENTRANTES,0,101,C/Uno,Control de Calidad,,,
25876,5088IC06000120Y,2025-07-01,B&P-047-SP205-AL,Soporte apertura rapida Aluminio,B&P-047-SP205-AL5088IC06000120Y,,0,X-00-00-00,,1,508,361,INSI,1050,2026-03-26,AUTOCENTRANTES,0,101,C/Uno,Control de Calidad,,,
25876,AR7233,2026-02-19,B&P-048-W-208-PP21-N,"Hexagonal Recto = 1""1/4x80x18/36.52",B&P-048-W-208-PP21-NAR7233,,0,X-00-00-00,,2,216,188,INSI,1050,2026-03-26,Rodamientos Esp.Agricolas,0,101,C/Uno,Control de Calidad,,,
25876,6088IC06000075B,2026-03-17,B&P-037-BP-25008,Brazo soporte corto rolo,B&P-037-BP-250086088IC06000075B,OCOMI,1310,A-01-02-03,,219,200,229,IDESP,7126,2026-03-17,VARIOS,0,101,C/Uno,Control de Calidad,,,
25876,6088IC06000075B,2026-03-17,B&P-037-BP-25008,Brazo soporte corto rolo,B&P-037-BP-250086088IC06000075B,OCOMI,1310,V-00-00-00,,10,200,229,IDESP,7126,2026-03-17,VARIOS,0,101,C/Uno,Control de Calidad,,,
25876,6088IC06000070T,2026-03-17,B&P-040-1212-TN-C3,Rod. Bolas a Rotula = 60x110x22,B&P-040-1212-TN-C36088IC06000070T,OCREP,148,G-08-03-01,,100,100,100,IDESP,7118,2026-03-17,Rod. Varios,0,101,C/Uno,Control de Calidad,,,
25876,6088IC06000070T,2026-03-17,B&P-040-1305-TN-C3,Rod. Bolas a Rotula = 25x62x17,B&P-040-1305-TN-C36088IC06000070T,OCREP,148,G-10-05-03,,300,300,322,IDESP,7118,2026-03-17,Rod. Varios,0,101,C/Uno,Control de Calidad,,,
25876,6088IC06000070T,2026-03-17,B&P-040-1307-TN-C3,Rod. Bolas a Rotula = 35x80x21,B&P-040-1307-TN-C36088IC06000070T,OCREP,148,G-09-05-02,,90,100,100,IDESP,7118,2026-03-17,Rod. Varios,0,101,C/Uno,Control de Calidad,,,
25876,6088IC06000070T,2026-03-17,B&P-040-1307-TN-C3,Rod. Bolas a Rotula = 35x80x21,B&P-040-1307-TN-C36088IC06000070T,OCREP,148,V-00-00-00,,10,100,100,IDESP,7118,2026-03-17,Rod. Varios,0,101,C/Uno,Control de Calidad,,,
25876,6088IC06000070T,2026-03-17,B&P-041-MS10-2RS,6210 = 50x90x20,B&P-041-MS10-2RS6088IC06000070T,OCBET,927,G-04-01-01,,500,500,501,IDESP,7118,2026-03-17,RODAMIENTO DE BOLAS,0,101,C/Uno,Control de Calidad,,,
25876,6088IC06000070T,2026-03-17,B&P-047-F-209-A,Soporte Cuadrado c/4 Agujeros -Base Solida-,B&P-047-F-209-A6088IC06000070T,OCBET,930,G-18-02-03,,115,435,431,IDESP,7118,2026-03-17,AUTOCENTRANTES,0,101,C/Uno,Control de Calidad,,,
25876,6088IC06000072V,2026-03-17,BPB-041-FHRL-6006-19,Rod. Especial,BPB-041-FHRL-6006-196088IC06000072V,OCEUG,1060,V-00-00-00,,9,200,199,IDESP,7120,2026-03-17,Rod. Rigidos de Bolas,0,101,C/Uno,Control de Calidad,,,
25876,6088IC06000072V,2026-03-17,BPB-041-FHRL-6006-19,Rod. Especial,BPB-041-FHRL-6006-196088IC06000072V,OCEUG,1060,X-00-00-00,,190,200,199,IDESP,7120,2026-03-17,Rod. Rigidos de Bolas,0,101,C/Uno,Control de Calidad,,,
25876,PO#1800,2026-03-05,B&P-033-ASA80-1H-PL,ASA80-1H-PLATE,B&P-033-ASA80-1H-PLPO#1800,,0,C-04-02-03,,600,400,600,INSI,1049,2026-03-09,Cadenas,0,101,C/Uno,Control de Calidad,,,
25876,0088IC06000065R,2020-08-10,B&P-048-207-KRRB12,"Hexagonal Bombe = 1""1/8x72x17/25",B&P-048-207-KRRB120088IC06000065R,,0,V-00-00-00,,2,528,117,INSI,1044,2026-03-02,Rodamientos Esp.Agricolas,0,101,C/Uno,Control de Calidad,,,
25876,6088IC06000056A,2026-02-27,B&P-032-BP-25004-01,Cuerpo Polea AN277319,B&P-032-BP-25004-016088IC06000056A,OCOMI,1290,V-00-00-00,,1,2000,1594,IDESP,7111,2026-02-27,Tensores,0,101,C/Uno,Control de Calidad,,,
25876,6088IC06000056A,2026-02-27,B&P-032-BP-25004-02,Eje Conico Polea AN277319,B&P-032-BP-25004-026088IC06000056A,OCOMI,1290,V-00-00-00,,2,1000,797,IDESP,7111,2026-02-27,Tensores,0,101,C/Uno,Control de Calidad,,,
25876,6088IC06000056A,2026-02-27,B&P-032-BP-25004-02,Eje Conico Polea AN277319,B&P-032-BP-25004-026088IC06000056A,OCOMI,1290,X-00-00-00,,795,1000,797,IDESP,7111,2026-02-27,Tensores,0,101,C/Uno,Control de Calidad,,,
25876,6088IC06000056A,2026-02-27,B&P-032-BP-25004-04,Remaches Polea AN277319,B&P-032-BP-25004-046088IC06000056A,OCREP,173,V-00-00-00,,6,2240,7022,IDESP,7111,2026-02-27,Tensores,0,101,C/Uno,Control de Calidad,,,
25876,A000700074108,2026-02-20,BPB-999-30209-MX,Rod. Conico = 45x85x20.75,BPB-999-30209-MXA000700074108,,0,V-00-00-00,,1,300,4,INAC,7106,2026-02-20,Productos Varios,0,101,C/Uno,Control de Calidad,,,
25876,1088IC04000026N,2021-03-02,B&P-001-OR207-A1,OR AUTOCENT Ø72 S/RECTIFICAR c/Ranura lub. y Pin,B&P-001-OR207-A11088IC04000026N,,0,B-24-01-03,,405,210,1810,INSI,1042,2026-02-19,ARO EXTERIOR,0,101,C/Uno,Control de Calidad,,,
25876,6088IC06000048B,2026-02-18,B&P-040-5205-2RST,Doble Hilera = 25x52x20.6,B&P-040-5205-2RST6088IC06000048B,OCEUG,1091,V-00-00-00,,5,525,1062,IDESP,7103,2026-02-18,Rod. Varios,0,101,C/Uno,Control de Calidad,,,
25876,3088IC06000141P,2023-07-05,B&P-004-207-DBL-08,SELLO DBL,B&P-004-207-DBL-083088IC06000141P,,0,E-01-02-03,,227,1200,6120,INSI,1039,2026-02-05,SELLOS,0,101,C/Uno,Control de Calidad,,,
25876,3088IC06000141P,2023-07-05,B&P-004-207-DBL-08,SELLO DBL,B&P-004-207-DBL-083088IC06000141P,,0,x-00-00-00,,644,1200,6120,INSI,1039,2026-02-05,SELLOS,0,101,C/Uno,Control de Calidad,,,
25876,020520260099,2026-02-05,B&P-048-DTR1645-DM,Doble Hilera Rodillos Conicos = 16x45x22.8/26,B&P-048-DTR1645-DM020520260099,,0,V-00-00-00,,1,104,2098,INSI,1039,2026-02-05,Rodamientos Esp.Agricolas,0,101,C/Uno,Control de Calidad,,,
25876,020520260099,2026-02-05,B&P-048-NTBS1613-RST,Rod doble Hilera de bolas,B&P-048-NTBS1613-RST020520260099,,0,V-00-00-00,,1,288,291,INSI,1039,2026-02-05,Rodamientos Esp.Agricolas,0,101,C/Uno,Control de Calidad,,,
25876,3088IC06000023Y,2023-02-22,B&P-047-SFC-80-M,Soporte autocentrante,B&P-047-SFC-80-M3088IC06000023Y,,0,X-00-00-00,,6,30,8,INSI,1036,2026-01-19,AUTOCENTRANTES,0,101,C/Uno,Control de Calidad,,,
25876,AR7499,2025-12-19,B&P-047-ECL-207-35DG,Tipo HC/YEL/UEL = 35x72x19/51.1,B&P-047-ECL-207-35DGAR7499,,,X-00-00-00,,4,608,1392,,,2025-12-19,AUTOCENTRANTES,-0.5202,101,C/Uno,Control de Calidad,,,
25876,AR4603,2025-12-17,B&P-047-ASL206-30RG,Tipo FHS/UB/US = 30x62x18/30,B&P-047-ASL206-30RGAR4603,,,V-00-00-00,,2,200,169,,,2025-12-17,AUTOCENTRANTES,0,101,C/Uno,Control de Calidad,,,
25876,5088IC06000218W,2025-12-01,B&P-037-BP-22001-02,Soporte Angulo,B&P-037-BP-22001-025088IC06000218W,OCREP,159,X-00-00-00,,500,1,4001,IDESP,7074,2025-12-01,VARIOS,0,101,C/Uno,Control de Calidad,,,
25876,5088IC06000212Z,2025-11-18,B&P-037-BP-21001-BD,Soporte Rolo Derecho,B&P-037-BP-21001-BD5088IC06000212Z,OCOMI,1224,E-06-01-02W,,517,1837,1836,IDESP,7064,2025-11-18,VARIOS,0,101,C/Uno,Control de Calidad,,,
25876,5088IC06000212Z,2025-11-18,B&P-037-BP-21001-BD,Soporte Rolo Derecho,B&P-037-BP-21001-BD5088IC06000212Z,OCOMI,1224,E-07-01-01W,,610,1837,1836,IDESP,7064,2025-11-18,VARIOS,0,101,C/Uno,Control de Calidad,,,
25876,5088IC06000212Z,2025-11-18,B&P-037-BP-21001-BD,Soporte Rolo Derecho,B&P-037-BP-21001-BD5088IC06000212Z,OCOMI,1224,E-07-01-02W,,650,1837,1836,IDESP,7064,2025-11-18,VARIOS,0,101,C/Uno,Control de Calidad,,,
25876,5088IC06000212Z,2025-11-18,B&P-037-BP-21001-BD,Soporte Rolo Derecho,B&P-037-BP-21001-BD5088IC06000212Z,OCOMI,1224,V-00-00-00,,2,1837,1836,IDESP,7064,2025-11-18,VARIOS,0,101,C/Uno,Control de Calidad,,,
25876,5088IC06000212Z,2025-11-18,B&P-037-BP-21001-BI,Soporte Rolo Izquierdo,B&P-037-BP-21001-BI5088IC06000212Z,OCOMI,1224,E-06-02-01W,,517,1837,1836,IDESP,7064,2025-11-18,VARIOS,0,101,C/Uno,Control de Calidad,,,
25876,5088IC06000212Z,2025-11-18,B&P-037-BP-21001-BI,Soporte Rolo Izquierdo,B&P-037-BP-21001-BI5088IC06000212Z,OCOMI,1224,E-07-02-02W,,610,1837,1836,IDESP,7064,2025-11-18,VARIOS,0,101,C/Uno,Control de Calidad,,,
25876,5088IC06000212Z,2025-11-18,B&P-037-BP-21001-BI,Soporte Rolo Izquierdo,B&P-037-BP-21001-BI5088IC06000212Z,OCOMI,1224,E-07-02-03W,,650,1837,1836,IDESP,7064,2025-11-18,VARIOS,0,101,C/Uno,Control de Calidad,,,
25876,5088IC06000212Z,2025-11-18,B&P-037-BP-21001-BI,Soporte Rolo Izquierdo,B&P-037-BP-21001-BI5088IC06000212Z,OCOMI,1224,V-00-00-00,,3,1837,1836,IDESP,7064,2025-11-18,VARIOS,0,101,C/Uno,Control de Calidad,,,
25876,5088IC06000213R,2025-11-18,B&P-047-T-210,Soporte Tensor,B&P-047-T-2105088IC06000213R,OCREP,120,V-00-00-00,,1,100,84,IDESP,7063,2025-11-18,AUTOCENTRANTES,0,101,C/Uno,Control de Calidad,,,
25876,AR4541,2025-10-24,B&P-048-SAB5209-3,Doble Hilera de Bolas,B&P-048-SAB5209-3AR4541,,,H-02-04-03W,,3,75,73,,,2025-10-24,Rodamientos Esp.Agricolas,0,101,C/Uno,Control de Calidad,,,
25876,AR7482,2025-10-23,B&P-047-ACL206-18RG,"Tipo FH/AEL/YET = 1""1/8x62x18/35.7",B&P-047-ACL206-18RGAR7482,,,V-00-00-00,,4,200,678,,,2025-10-23,AUTOCENTRANTES,0,101,C/Uno,Control de Calidad,,,
25876,5088IC06000189G,2025-10-21,B&P-041-LS04-2RST,6004 = 20x42x12,B&P-041-LS04-2RST5088IC06000189G,OCREP,147,V-00-00-00,,11,1000,439,IDESP,7049,2025-10-21,RODAMIENTO DE BOLAS,0,101,C/Uno,Control de Calidad,,,
25876,AR7477,2025-10-06,B&P-047-ASL-205-14RG,"Tipo FHS/UB/US = 7/8""x52x15/27",B&P-047-ASL-205-14RGAR7477,,,V-00-00-00,,1,500,285,,,2025-10-06,AUTOCENTRANTES,0,101,C/Uno,Control de Calidad,,,
25876,5088IC06000154V,2025-09-16,BPB-033-ASA40-1-REEL,"Cadena de rod. en Rollo - P = 1/2"" -Simple",BPB-033-ASA40-1-REEL5088IC06000154V,OCEUG,1064,X-00-00-00,,8,2500,6501.37,IDESP,7034,2025-09-16,Cadenas,0,101,C/Uno,Control de Calidad,,,
25876,AR7470,2025-09-12,B&P-047-SAB-208-40DG,Tipo UC/YAR = 40x80x22/49.2,B&P-047-SAB-208-40DGAR7470,,,V-00-00-00,,1,2000,323,,,2025-09-12,AUTOCENTRANTES,0.1763,101,C/Uno,Control de Calidad,,,
25876,5088IC06000135U,2025-09-03,B&P-048-BB203-KRR2FD,4 puntos de contacto = 16.26x40x12/18.3,B&P-048-BB203-KRR2FD5088IC06000135U,OCBET,898,X-00-00-00,,2,2500,6508,IDESP,7030,2025-09-03,Rodamientos Esp.Agricolas,-0.0004,101,C/Uno,Control de Calidad,,,
25876,PO#943,2025-08-01,B&P-037-BP-22001-02,Soporte Angulo,B&P-037-BP-22001-02PO#943,,0,X-00-00-00,,1,1,4001,INCOU,7017,2025-08-07,VARIOS,0,101,C/Uno,Control de Calidad,,,
25876,PO#1294,2025-08-01,B&P-045-PFM-5-Z,Sop.de chapa redondo c/ 4 aguj,B&P-045-PFM-5-ZPO#1294,,0,X-00-00-00,,2,2,877,INCOU,7017,2025-08-07,SOPORTE DE CHAPAS,0,101,C/Uno,Control de Calidad,,,
25876,AR7465,2025-08-07,B&P-047-SAB-207-35DG,Tipo UC/YAR = 35x72x19/42.9,B&P-047-SAB-207-35DGAR7465,,,V-00-00-00,,1,4000,592,,,2025-08-07,AUTOCENTRANTES,-4.2467,101,C/Uno,Control de Calidad,,,
25876,PO#909,2025-08-01,B&P-048-DTR1645-RD,Doble Hilera Rodillos Conicos = 16x45x22.8/26,B&P-048-DTR1645-RDPO#909,,0,X-00-00-00,,10,10,10,INCOU,7017,2025-08-07,Rodamientos Esp.Agricolas,0,101,C/Uno,Control de Calidad,,,
25876,AR7462,2025-07-18,B&P-047-ACLR208-40RG,Tipo FHR/AELS/Lomo Recto = 40x80x22/43.7 -(sinlub),B&P-047-ACLR208-40RGAR7462,,,x-00-00-00,,9,1960,1519,,,2025-07-18,AUTOCENTRANTES,0.1278,101,C/Uno,Control de Calidad,,,
25876,AR7459,2025-06-04,B&P-047-ECL-205-25DG,Tipo HC/YEL/UEL = 25x52x15/44.3,B&P-047-ECL-205-25DGAR7459,,,V-00-00-00,,1,500,682,,,2025-06-04,AUTOCENTRANTES,1.9,101,C/Uno,Control de Calidad,,,
25876,AR7456,2025-06-02,B&P-047-ECL-210-50DG,Tipo HC/YEL/UEL = 50x90x22/62.7,B&P-047-ECL-210-50DGAR7456,,,V-00-00-00,,1,250,342,,,2025-06-02,AUTOCENTRANTES,1.1875,101,C/Uno,Control de Calidad,,,
25876,5073IC04045664F,2025-04-30,B&P-047-ACLR208-40RG,Tipo FHR/AELS/Lomo Recto = 40x80x22/43.7 -(sinlub),B&P-047-ACLR208-40RG5073IC04045664F,OCREP,122,V-00-00-00,,2,40,1519,IDESP,6986,2025-04-30,AUTOCENTRANTES,0.1278,101,C/Uno,Control de Calidad,,,
25876,5088IC06000093A,2025-04-29,B&P-004-208-DBL-08,SELLO DBL,B&P-004-208-DBL-085088IC06000093A,OCREP,115,V-00-00-00,,30,85,3842,IDESP,6982,2025-04-29,SELLOS,0,101,C/Uno,Control de Calidad,,,
25876,5088IC06000093A,2025-04-29,B&P-004-208-DBL-08,SELLO DBL,B&P-004-208-DBL-085088IC06000093A,OCREP,115,X-00-00-00,,4,85,3842,IDESP,6982,2025-04-29,SELLOS,0,101,C/Uno,Control de Calidad,,,
25876,5088IC06000086C,2025-03-28,B&P-033-C2060-H-SK1,CADENA ACARREADORA C/UNION,B&P-033-C2060-H-SK15088IC06000086C,OCEUG,1020,J-18-01-01W,,20,100,99,IDESP,6973,2025-03-28,Cadenas,0,101,C/Uno,Control de Calidad,,,
25876,5088IC06000086C,2025-03-28,B&P-033-C2060-H-SK1,CADENA ACARREADORA C/UNION,B&P-033-C2060-H-SK15088IC06000086C,OCEUG,1020,J-18-01-02W,,10,100,99,IDESP,6973,2025-03-28,Cadenas,0,101,C/Uno,Control de Calidad,,,
25876,5088IC06000086C,2025-03-28,B&P-033-C2060-H-SK1,CADENA ACARREADORA C/UNION,B&P-033-C2060-H-SK15088IC06000086C,OCEUG,1020,J-18-01-03W,,18,100,99,IDESP,6973,2025-03-28,Cadenas,0,101,C/Uno,Control de Calidad,,,
25876,5088IC06000086C,2025-03-28,B&P-033-C2060-H-SK1,CADENA ACARREADORA C/UNION,B&P-033-C2060-H-SK15088IC06000086C,OCEUG,1020,J-18-02-01W,,10,100,99,IDESP,6973,2025-03-28,Cadenas,0,101,C/Uno,Control de Calidad,,,
25876,5088IC06000086C,2025-03-28,B&P-033-C2060-H-SK1,CADENA ACARREADORA C/UNION,B&P-033-C2060-H-SK15088IC06000086C,OCEUG,1020,J-18-02-02W,,20,100,99,IDESP,6973,2025-03-28,Cadenas,0,101,C/Uno,Control de Calidad,,,
25876,5088IC06000086C,2025-03-28,B&P-033-C2060-H-SK1,CADENA ACARREADORA C/UNION,B&P-033-C2060-H-SK15088IC06000086C,OCEUG,1020,J-18-02-03W,,20,100,99,IDESP,6973,2025-03-28,Cadenas,0,101,C/Uno,Control de Calidad,,,
25876,5088IC06000085B,2025-03-28,B&P-042-22211CKW33C3,Rod. de rodillos a rotulas - Eje Conico = 55x100x25,B&P-042-22211CKW33C35088IC06000085B,OCREP,113,F-13-02-01,,6,25,6,IDESP,6975,2025-03-28,Rod.Esfericos,0,101,C/Uno,Control de Calidad,,,
25876,25088SEDI000033,2025-03-17,B&P-048-205-KRR2,Hexagonal Recto = 7/8x52x15/25.4,B&P-048-205-KRR225088SEDI000033,,0,X-00-00-00,,1,240,865,INSI,1001,2025-03-17,Rodamientos Esp.Agricolas,0,101,C/Uno,Control de Calidad,,,
25876,5088IC04000078B,2025-03-17,B&P-048-205-KYR2,Hexagonal Recto = 7/8x52x15/18.2,B&P-048-205-KYR25088IC04000078B,OCREP,109,X-00-00-00,,8,22,2447,IDESP,6969,2025-03-17,Rodamientos Esp.Agricolas,0,101,C/Uno,Control de Calidad,,,
25876,5088IC04000078B,2025-03-17,B&P-048-205-KYY5,Hexagonal Recto = 7/8x52x15/25.4,B&P-048-205-KYY55088IC04000078B,OCEUG,1024,V-00-00-00,,1,1000,468,IDESP,6969,2025-03-17,Rodamientos Esp.Agricolas,0.1856,101,C/Uno,Control de Calidad,,,
25876,5088IC06000053T,2025-03-06,BPB-048-FHRL-BB9105,Rod. Esp. Agricola,BPB-048-FHRL-BB91055088IC06000053T,OCEUG,1034,E-24-04-03W,,189,200,190,IDESP,6967,2025-03-06,Rodamientos Esp.Agricolas,0,101,C/Uno,Control de Calidad,,,
25876,5088IC06000053T,2025-03-06,BPB-048-FHRL-BB9105,Rod. Esp. Agricola,BPB-048-FHRL-BB91055088IC06000053T,OCEUG,1034,V-00-00-00,,1,200,190,IDESP,6967,2025-03-06,Rodamientos Esp.Agricolas,0,101,C/Uno,Control de Calidad,,,
25876,5088IC04000049W,2025-02-26,B&P-004-SNL512-TG,TG Seal SNL512,B&P-004-SNL512-TG5088IC04000049W,OCOMI,1223,E-20-02-02W,,220,220,400,IDESP,6961,2025-02-26,SELLOS,0,101,C/Uno,Control de Calidad,,,
25876,5088IC04000049W,2025-02-26,B&P-004-SNL519-TG,TG Seal SNL519,B&P-004-SNL519-TG5088IC04000049W,OCREP,107,A-16-01-02W,,56,1,108,IDESP,6961,2025-02-26,SELLOS,0,101,C/Uno,Control de Calidad,,,
25876,5088IC04000049W,2025-02-26,B&P-047-HA-210,Soporte Autocentrante,B&P-047-HA-2105088IC04000049W,OCOMI,1234,V-00-00-00,,3,157,73,IDESP,6961,2025-02-26,AUTOCENTRANTES,0,101,C/Uno,Control de Calidad,,,
25876,AR4332,2025-01-31,BPB-048-DTR2549-FM,Doble Hilera Rod Conicos = 25x49x45/40,BPB-048-DTR2549-FMAR4332,,,X-00-00-00,,9,2451,750,,,2025-01-31,Rodamientos Esp.Agricolas,-0.0842,101,C/Uno,Control de Calidad,,,
25876,AR7448,2024-12-06,B&P-041-HD06-2RS,6306 = 30x72x19,B&P-041-HD06-2RSAR7448,,,X-00-00-00,,10,500,1004,,,2024-12-06,RODAMIENTO DE BOLAS,0,101,C/Uno,Control de Calidad,,,
25876,AR7446,2024-12-06,B&P-047-SAB-208-40DG,Tipo UC/YAR = 40x80x22/49.2,B&P-047-SAB-208-40DGAR7446,,,X-00-00-00,,1,1000,323,,,2024-12-06,AUTOCENTRANTES,0.1763,101,C/Uno,Control de Calidad,,,
25876,4088IC04000232P,2024-12-02,B&P-027-08-DTR2549,SELLO PARA RODAMIENTO DTR2549-FM,B&P-027-08-DTR25494088IC04000232P,OCOMI,1188,X-00-00-00,,210,7500,2185,IDESP,6952,2024-12-02,SELLO,0,101,C/Uno,Control de Calidad,,,
25876,AR4300,2024-11-22,B&P-059-AG59517-02,Eje,B&P-059-AG59517-02AR4300,,,X-00-00-00,,15,15,23,,,2024-11-22,MAZAS - Term y Ptes.Pzas,0,101,C/Uno,Control de Calidad,,,
25876,AR7436,2024-10-25,B&P-047-ACL-209-28,"Tipo FH/AEL/YET = 1""3/4x85x22/43.7",B&P-047-ACL-209-28AR7436,,,X-00-00-00,,16,250,103,,,2024-10-25,AUTOCENTRANTES,0,101,C/Uno,Control de Calidad,,,
25876,AR4258,2024-09-30,B&P-041-LS05-2RST,6005 = 25x47x12,B&P-041-LS05-2RSTAR4258,,,X-00-00-00,,23,4256,33,,,2024-09-30,RODAMIENTO DE BOLAS,0,101,C/Uno,Control de Calidad,,,
25876,4088IC04000176W,2024-09-19,B&P-041-MS08-2RSTX,6208 = 40x80x18,B&P-041-MS08-2RSTX4088IC04000176W,OCBET,866,V-00-00-00,,2,500,5,IDESP,6935,2024-09-19,RODAMIENTO DE BOLAS,0,101,C/Uno,Control de Calidad,,,
25876,4088IC04000176W,2024-09-19,B&P-041-MS08-2RSTX,6208 = 40x80x18,B&P-041-MS08-2RSTX4088IC04000176W,OCBET,866,X-00-00-00,,3,500,5,IDESP,6935,2024-09-19,RODAMIENTO DE BOLAS,0,101,C/Uno,Control de Calidad,,,
25876,4088IC04000176W,2024-09-19,B&P-041-MS11-2RS,6211 = 55x100x21,B&P-041-MS11-2RS4088IC04000176W,OCBET,879,V-00-00-00,,1,300,413,IDESP,6935,2024-09-19,RODAMIENTO DE BOLAS,0,101,C/Uno,Control de Calidad,,,
25876,A003-00027300,2024-08-21,B&P-001-NTBS-1613-01,Aro Exterior NTB1613,B&P-001-NTBS-1613-01A003-00027300,,0,V-00-00-00,,16,20,16,InRet,3620,2024-08-21,ARO EXTERIOR,0,101,C/Uno,Control de Calidad,,,
25876,A003-00027300,2024-08-21,B&P-002-NTBS-1613-02,Eje NTBS1613,B&P-002-NTBS-1613-02A003-00027300,,0,V-00-00-00,,31,35,31,InRet,3620,2024-08-21,ARO INTERIOR,0,101,C/Uno,Control de Calidad,,,
25876,AR7414,2024-08-20,B&P-047-ACLR205-14R,"Tipo FHR/AELS/Lomo Recto = 7/8""x52x15/31",B&P-047-ACLR205-14RAR7414,,,V-00-00-00,,1,150,173,,,2024-08-20,AUTOCENTRANTES,0,101,C/Uno,Control de Calidad,,,
25876,10017ZFE1001314,2024-08-07,BPB-998-DTR3572-FM,"RODAMIENTO DOBLE CONICO Øi=35, Øe=72, Bi=70, Be=60_x000D_",BPB-998-DTR3572-FM10017ZFE1001314,,0,G-07-04-01W,,126,126,286,IPFAB,3617,2024-08-07,Retrabajados,0,101,C/Uno,Control de Calidad,,,
25876,4088IC04000140N,2024-08-05,B&P-047-ECL212-39D,"Tipo HC/YEL/UEL = 2""7/16x110x27/77.8",B&P-047-ECL212-39D4088IC04000140N,OCOMI,1200,V-00-00-00,,1,100,207,IDESP,6923,2024-08-05,AUTOCENTRANTES,0,101,C/Uno,Control de Calidad,,,
25876,AR4218,2024-07-26,B&P-048-NTBS1613-RST,Rod doble Hilera de bolas,B&P-048-NTBS1613-RSTAR4218,,,x-00-00-00,,4,4,291,,,2024-07-26,Rodamientos Esp.Agricolas,0,101,C/Uno,Control de Calidad,,,
25876,AR4154,2024-07-15,B&P-059-AG59520-01,Housing,B&P-059-AG59520-01AR4154,,,F-03-04-03W,,15,119,25,,,2024-07-15,MAZAS - Term y Ptes.Pzas,0,101,C/Uno,Control de Calidad,,,
25876,AR4154,2024-07-15,B&P-059-AG59520-01,Housing,B&P-059-AG59520-01AR4154,,,X-00-00-00,,4,119,25,,,2024-07-15,MAZAS - Term y Ptes.Pzas,0,101,C/Uno,Control de Calidad,,,
25876,A000100001443,2024-07-11,B&P-037-AG59520-03-Z,BUJE CINCADO,B&P-037-AG59520-03-ZA000100001443,,,V-00-00-00,,5,0,5,,,2024-07-11,VARIOS,0,101,C/Uno,Control de Calidad,,,
25876,AR4136,2024-06-21,B&P-059-AG59517-01,Cuerpo de maza,B&P-059-AG59517-01AR4136,,,x-00-00-00,,39,44,44,,,2024-06-21,MAZAS - Term y Ptes.Pzas,0,101,C/Uno,Control de Calidad,,,
25876,AR4138,2024-06-14,B&P-052-AG59517-03,Buje,B&P-052-AG59517-03AR4138,,,x-00-00-00,,35,40,40,,,2024-06-14,BUJES,0,101,C/Uno,Control de Calidad,,,
25876,4088IC04000074T,2024-04-26,B&P-047-PE-212,Soporte de Pie Reforzado,B&P-047-PE-2124088IC04000074T,OCOMI,1194,E-17-03-02,,2,183,56,IDESP,6897,2024-04-26,AUTOCENTRANTES,3.25,101,C/Uno,Control de Calidad,,,
25876,4088IC06000001L,2024-01-09,B&P-047-F-212,Soporte Cuadrado c/4 Agujeros,B&P-047-F-2124088IC06000001L,OCBET,850,V-00-00-00,,1,239,1,IDESP,6875,2024-01-09,AUTOCENTRANTES,0,101,C/Uno,Control de Calidad,,,
25876,A001100024132,2023-11-24,B&P-999-SAB205-25DG,Tipo UC/YAR = 25x52x15/34,B&P-999-SAB205-25DGA001100024132,,0,I-12-01-01W,,33,3000,35,INAC,6868,2023-11-24,Productos Varios,26.5628,101,C/Uno,Control de Calidad,,,
25876,AR7258,2023-10-23,B&P-047-SAB208-3,Tipo UC/YAR = 40x80x22/49.2,B&P-047-SAB208-3AR7258,,,X-00-00-00,,1,885,16,,,2023-10-23,AUTOCENTRANTES,0,101,C/Uno,Control de Calidad,,,
25876,3088IC04000142Y,00:00:00,B&P-004-LS10RSTX,Sello RSTX,B&P-004-LS10RSTX3088IC04000142Y,OCREP,65,E-09-04-01,,540,550,547,IDESP,6860,2023-10-17,SELLOS,0,101,C/Uno,Control de Calidad,,,
25876,3088IC04000142Y,00:00:00,B&P-004-LS10RSTX,Sello RSTX,B&P-004-LS10RSTX3088IC04000142Y,OCREP,65,V-00-00-00,,7,550,547,IDESP,6860,2023-10-17,SELLOS,0,101,C/Uno,Control de Calidad,,,
25876,3088IC04000142Y,2023-10-17,B&P-004-MS10RSTX,Sello RSTX,B&P-004-MS10RSTX3088IC04000142Y,OCREP,65,D-23-04-02,,370,550,385,IDESP,6860,2023-10-17,SELLOS,0,101,C/Uno,Control de Calidad,,,
25876,3088IC04000142Y,00:00:00,B&P-048-204-KRR2,Hexagonal Recto = 11/16x47x14/20.95,B&P-048-204-KRR23088IC04000142Y,OCBET,848,X-00-00-00,,8,493,606,IDESP,6860,2023-10-17,Rodamientos Esp.Agricolas,0,101,C/Uno,Control de Calidad,,,
25876,3088IC04000142Y,2023-10-17,B&P-048-207-KRRB9,"Hexagonal Bombe = 1""1/8x72x17/37.69",B&P-048-207-KRRB93088IC04000142Y,OCBET,848,C-15-06-01W,,146,500,479,IDESP,6860,2023-10-17,Rodamientos Esp.Agricolas,0,101,C/Uno,Control de Calidad,,,
25876,3088IC04000142Y,2023-10-17,B&P-048-207-KYYB2,"Hexagonal Bombe = 1""1/8x72x19/37.69",B&P-048-207-KYYB23088IC04000142Y,OCBET,848,V-00-00-00,,1,1000,156,IDESP,6860,2023-10-17,Rodamientos Esp.Agricolas,0,101,C/Uno,Control de Calidad,,,
25876,3088IC04000142Y,2023-10-17,BPB-048-DD59205SC,Tacita Guardapolvo de AG59205SB,BPB-048-DD59205SC3088IC04000142Y,OCREP,63,E-20-06-02W,,1072,536,1225,IDESP,6860,2023-10-17,Rodamientos Esp.Agricolas,0,101,C/Uno,Control de Calidad,,,
25876,A000100000595,2023-09-22,BPB-045-PFL-6-ZM,Sop.de chapa Ovalado c/2 aguj,BPB-045-PFL-6-ZMA000100000595,,,A-11-03-03,,140,0,140,,,2023-09-22,Soporte,0,101,C/Uno,Control de Calidad,,,
25876,AR3912,2023-08-31,B&P-047-SAB207-P,Tipo UC/YAR = 33.7x72x19/42.9,B&P-047-SAB207-PAR3912,,,D-12-06-01W,,8,456,744,,,2023-08-31,AUTOCENTRANTES,0,101,C/Uno,Control de Calidad,,,
25876,AR7381,2023-08-15,B&P-041-LS04-2RST,6004 = 20x42x12,B&P-041-LS04-2RSTAR7381,,,G-07-01-02W,,16,2000,439,,,2023-08-15,RODAMIENTO DE BOLAS,0,101,C/Uno,Control de Calidad,,,
25876,AR7380,2023-08-15,B&P-041-MS07-2RST,6207 = 35x72x17,B&P-041-MS07-2RSTAR7380,,,V-00-00-00,,1,2500,1,,,2023-08-15,RODAMIENTO DE BOLAS,0,101,C/Uno,Control de Calidad,,,
25876,AR7383,2023-08-15,B&P-047-ECL208-24DG,"Tipo HC/YEL/UEL = 1""1/2x80x22/56.3",B&P-047-ECL208-24DGAR7383,,,X-00-00-00,,1,250,217,,,2023-08-15,AUTOCENTRANTES,0,101,C/Uno,Control de Calidad,,,
25876,AR7377,2023-08-08,B&P-041-MS07-2RSTX,6207 = 35x72x17,B&P-041-MS07-2RSTXAR7377,,,V-00-00-00,,4,1000,387,,,2023-08-08,RODAMIENTO DE BOLAS,0,101,C/Uno,Control de Calidad,,,
25876,AR7376,2023-08-08,B&P-047-SAB205-14DG,"Tipo UC/YAR = 7/8""x52x15/34",B&P-047-SAB205-14DGAR7376,,,V-00-00-00,,1,1020,918,,,2023-08-08,AUTOCENTRANTES,0,101,C/Uno,Control de Calidad,,,
25876,AR7369,2023-08-03,B&P-047-ECL-212-60DG,Tipo HC/YEL/UEL = 60x110x27/77.8,B&P-047-ECL-212-60DGAR7369,,,V-00-00-00,,1,200,107,,,2023-08-03,AUTOCENTRANTES,0,101,C/Uno,Control de Calidad,,,
25876,AR7339,2023-07-25,B&P-048-204-JY3,Esp Agric. = 16.05x45.22x15.49/18.67,B&P-048-204-JY3AR7339,,,V-00-00-00,,113,5791,3504,,,2023-07-25,Rodamientos Esp.Agricolas,0,101,C/Uno,Control de Calidad,,,
25876,AR7337,2023-07-25,B&P-048-AG-1235-B,Esp agric. = 16.13x53.09x18.26/19.43,B&P-048-AG-1235-BAR7337,,,X-00-00-00,,18,10807,2131,,,2023-07-25,Rodamientos Esp.Agricolas,0,101,C/Uno,Control de Calidad,,,
25876,3088IC04000111K,2023-07-17,B&P-040-5205-2RS,Doble Hilera = 25x52x20.6,B&P-040-5205-2RS3088IC04000111K,OCOMI,1178,V-00-00-00,,2,1000,3,IDESP,6843,2023-07-17,Rod. Varios,0,101,C/Uno,Control de Calidad,,,
25876,3088IC04000111K,2023-07-17,B&P-040-5205-2RS,Doble Hilera = 25x52x20.6,B&P-040-5205-2RS3088IC04000111K,OCOMI,1178,X-00-00-00,,1,1000,3,IDESP,6843,2023-07-17,Rod. Varios,0,101,C/Uno,Control de Calidad,,,
25876,AR7335,2023-07-12,B&P-048-AG-1235-PPZ9,Esp Agric. = 14.46x53.09x18.2/29.2,B&P-048-AG-1235-PPZ9AR7335,,,X-00-00-00,,3,2473,3613,,,2023-07-12,Rodamientos Esp.Agricolas,0.39,101,C/Uno,Control de Calidad,,,
25876,3088IC06000138V,2023-07-05,B&P-047-FT-205-H,Soporte Ovalado c/2 Agujeros,B&P-047-FT-205-H3088IC06000138V,OCBET,837,D-17-06-01W,,66,9859,1523,IDESP,6839,2023-07-05,AUTOCENTRANTES,-0.0069,101,C/Uno,Control de Calidad,,,
25876,3088IC06000138V,2023-07-05,B&P-047-FT-205-H,Soporte Ovalado c/2 Agujeros,B&P-047-FT-205-H3088IC06000138V,OCBET,837,G-02-06-03W,,231,9859,1523,IDESP,6839,2023-07-05,AUTOCENTRANTES,-0.0069,101,C/Uno,Control de Calidad,,,
25876,3088IC06000138V,2023-07-05,B&P-047-FTS-206-4G,Soporte Ovalado c/2 Agujeros,B&P-047-FTS-206-4G3088IC06000138V,OCREP,52,D-04-05-03W,,35,42,55,IDESP,6839,2023-07-05,AUTOCENTRANTES,0,101,C/Uno,Control de Calidad,,,
25876,AR7316,2023-05-09,B&P-048-205-PP9,"Esp. Agric. = 19,2x52x18",B&P-048-205-PP9AR7316,,,x-00-00-00,,3,3000,3,,,2023-05-09,Rodamientos Esp.Agricolas,0,101,C/Uno,Control de Calidad,,,
25876,AR3876,2023-04-14,B&P-059-AGHUB39FM20,Maza Completa,B&P-059-AGHUB39FM20AR3876,,,x-00-00-00,,8,1281,349,,,2023-04-14,MAZAS - Term y Ptes.Pzas,0,101,C/Uno,Control de Calidad,,,
25876,3088IC04000071P,2023-04-04,B&P-041-MS09-2RSTX,6209 = 45x85x19,B&P-041-MS09-2RSTX3088IC04000071P,OCOMI,1136,X-00-00-00,,6,500,6,IDESP,6826,2023-04-04,RODAMIENTO DE BOLAS,0,101,C/Uno,Control de Calidad,,,
25876,3088IC04000064R,2023-03-27,000-053-X-32208,Bearing Parts,000-053-X-322083088IC04000064R,OCEUG,964,D-03-04-01W,,32,448,32,IDESP,6823,2023-03-27,CONO,0,101,C/Uno,Control de Calidad,,,
25876,AR7308,2023-03-22,B&P-041-MS04-2RS,6204 = 20x47x14,B&P-041-MS04-2RSAR7308,,,V-00-00-00,,10,25000,20121,,,2023-03-22,RODAMIENTO DE BOLAS,0,101,C/Uno,Control de Calidad,,,
25876,AR7308,2023-03-22,B&P-041-MS04-2RS,6204 = 20x47x14,B&P-041-MS04-2RSAR7308,,,X-00-00-00,,6,25000,20121,,,2023-03-22,RODAMIENTO DE BOLAS,0,101,C/Uno,Control de Calidad,,,
25876,AR7311,2023-03-22,B&P-041-MS12-2RS,6212 = 60x110x22,B&P-041-MS12-2RSAR7311,,,V-00-00-00,,1,1000,567,,,2023-03-22,RODAMIENTO DE BOLAS,0,101,C/Uno,Control de Calidad,,,
25876,3088IC04000048T,2023-03-01,B&P-047-FC-209,Soporte Redondo c/4 Agujeros,B&P-047-FC-2093088IC04000048T,OCOMI,1158,X-00-00-00,,2,249,325,IDESP,6816,2023-03-01,AUTOCENTRANTES,0,101,C/Uno,Control de Calidad,,,
25876,3088IC05000010J,2023-02-16,BPB-047-PE209-M,"Soporte de pie - Rosca BSPT 1/8""",BPB-047-PE209-M3088IC05000010J,OCREP,45,V-00-00-00,,1,5,1443,IDESP,6805,2023-02-16,Autocentrantes y Soportes,2.3478,101,C/Uno,Control de Calidad,,,
25876,2088IC06000197C,2023-01-06,B&P-048-204-KYY7,"Esp Agric. = 5/8""x47x15.49/19.69",B&P-048-204-KYY72088IC06000197C,OCOMI,1071,V-00-00-00,,1,2500,396,IDESP,6793,2023-01-06,Rodamientos Esp.Agricolas,0.0021,101,C/Uno,Control de Calidad,,,
25876,2088IC06000197C,2023-01-06,BPB-047-ASL207-35RR,Tipo FHS/UB/US = 35x72x19/32 -(sinlub),BPB-047-ASL207-35RR2088IC06000197C,OCOMI,990,X-00-00-00,,1,288,573,IDESP,6793,2023-01-06,Autocentrantes y Soportes,0,101,C/Uno,Control de Calidad,,,
25876,2088IC06000197C,2023-01-06,BPB-055-GU-353040,Guardap. Engr. Maicero,BPB-055-GU-3530402088IC06000197C,OCOMI,1111,X-00-00-00,,1,25000,7529,IDESP,6793,2023-01-06,Accesorios para Engranajes,0,101,C/Uno,Control de Calidad,,,
25876,2088IC06000198D,2023-01-04,B&P-001-OR205-G,OR bombe relubricable ancho 15 mm - Terminado,B&P-001-OR205-G2088IC06000198D,OCREP,36,A-02-05-02,,404,167,716,IDESP,6792,2023-01-04,ARO EXTERIOR,0,101,C/Uno,Control de Calidad,,,
25876,2088IC06000183U,2022-12-14,B&P-048-BB205KRP2,4 puntos de contacto = 19.2x52x15/21.1,B&P-048-BB205KRP22088IC06000183U,OCOMI,1087,X-00-00-00,,12,1920,432,IDESP,6784,2022-12-14,Rodamientos Esp.Agricolas,0,101,C/Uno,Control de Calidad,,,
25876,2088SIRA000050F,2022-11-28,B&P-048-AG-1235-B,Esp agric. = 16.13x53.09x18.26/19.43,B&P-048-AG-1235-B2088SIRA000050F,,0,X-00-00-00,,1,5198,2131,INSI,947,2022-11-28,Rodamientos Esp.Agricolas,0,101,C/Uno,Control de Calidad,,,
25876,2088IC06000163S,2022-11-22,B&P-004-211-DBL-08,Sello DBL,B&P-004-211-DBL-082088IC06000163S,OCREP,33,X-00-00-00,,5,1750,1821,IDESP,6774,2022-11-22,SELLOS,0,101,C/Uno,Control de Calidad,,,
25876,2088IC06000163S,2022-11-22,B&P-004-DTR2047-TPL,Sello Triple labio DTR2047,B&P-004-DTR2047-TPL2088IC06000163S,OCOMI,1073,X-00-00-00,,2,6000,5392,IDESP,6774,2022-11-22,SELLOS,0,101,C/Uno,Control de Calidad,,,
25876,2088IC06000163S,2022-11-22,B&P-047-SAB-212-60DG,Tipo UC/YAR = 60x110x27/65.1,B&P-047-SAB-212-60DG2088IC06000163S,OCREP,33,F-09-06-03,,2,39,277,IDESP,6774,2022-11-22,AUTOCENTRANTES,0,101,C/Uno,Control de Calidad,,,
25876,2088IC06000163S,2022-11-22,BPB-048-204KYY2,Hexagonal Recto = 11/16x47x14/20.95,BPB-048-204KYY22088IC06000163S,OCOMI,990,V-00-00-00,,1,358,25,IDESP,6774,2022-11-22,Rodamientos Esp.Agricolas,0.4625,101,C/Uno,Control de Calidad,,,
25876,2088IC04000207P,2022-11-08,000-053-X-30212,Cono,000-053-X-302122088IC04000207P,OCEUG,937,F-15-06-01W,,17,1000,17,IDESP,6771,2022-11-08,CONO,134.064,101,C/Uno,Control de Calidad,,,
25876,2088IC06000142P,2022-10-17,BPB-037-BP-12011-BD2,Soporte Rolo Derecho MDD-200,BPB-037-BP-12011-BD22088IC06000142P,OCOMI,1093,X-00-00-00,,4,2158,4,IDESP,6762,2022-10-17,Varios,0,101,C/Uno,Control de Calidad,,,
25876,03082022,2022-08-03,BPB-999-SAB208-40DG,Tipo UC/YAR = 40x80x22/49.2,BPB-999-SAB208-40DG03082022,,0,X-00-00-00,,17,17,17,INSI$,939,2022-08-03,Productos Varios,0,101,C/Uno,Control de Calidad,,,
25876,03082022,2022-08-03,BPB-999-SAB209-45DG,Tipo UC/YAR = 45x85x22/49.2,BPB-999-SAB209-45DG03082022,,0,X-00-00-00,,118,120,120,INSI$,939,2022-08-03,Productos Varios,0.992,101,C/Uno,Control de Calidad,,,
25876,2088IC05000106Y,2022-07-08,B&P-041-LS10-2RSTX,6010 = 50x80x16,B&P-041-LS10-2RSTX2088IC05000106Y,OCOMI,1081,V-00-00-00,,3,249,232,IDESP,6724,2022-07-08,RODAMIENTO DE BOLAS,0,101,C/Uno,Control de Calidad,,,
25876,2088IC05000106Y,2022-07-08,B&P-041-LS10-2RSTX,6010 = 50x80x16,B&P-041-LS10-2RSTX2088IC05000106Y,OCOMI,1081,X-00-00-00,,1,249,232,IDESP,6724,2022-07-08,RODAMIENTO DE BOLAS,0,101,C/Uno,Control de Calidad,,,
25876,2088IC05000106Y,2022-07-08,B&P-041-MS10-2RSTX,6210 = 50x90x20,B&P-041-MS10-2RSTX2088IC05000106Y,OCOMI,1081,X-00-00-00,,1,249,2,IDESP,6724,2022-07-08,RODAMIENTO DE BOLAS,0,101,C/Uno,Control de Calidad,,,
25876,2088IC04000143Y,2022-07-06,BPB-033-ASA50-1H-REE,"Cadena de rod. en Rollo - P = 5/8"" -Simple -Reforzada",BPB-033-ASA50-1H-REE2088IC04000143Y,OCEUG,909,J-13-03-01,,100,250,1275,IDESP,6723,2022-07-06,Cadenas,0,101,MTS,Control de Calidad,,,
25876,2088IC04000143Y,2022-07-06,BPB-033-ASA50-1H-REE,"Cadena de rod. en Rollo - P = 5/8"" -Simple -Reforzada",BPB-033-ASA50-1H-REE2088IC04000143Y,OCEUG,909,J-13-03-02,,100,250,1275,IDESP,6723,2022-07-06,Cadenas,0,101,MTS,Control de Calidad,,,
25876,2088IC04000143Y,2022-07-06,BPB-033-ASA50-1H-REE,"Cadena de rod. en Rollo - P = 5/8"" -Simple -Reforzada",BPB-033-ASA50-1H-REE2088IC04000143Y,OCEUG,909,J-13-03-03,,100,250,1275,IDESP,6723,2022-07-06,Cadenas,0,101,MTS,Control de Calidad,,,
25876,AR7264,2022-05-27,B&P-048-204-KYY7,"Esp Agric. = 5/8""x47x15.49/19.69",B&P-048-204-KYY7AR7264,,,V-00-00-00,,5,2382,396,,,2022-05-27,Rodamientos Esp.Agricolas,0.0021,101,C/Uno,Control de Calidad,,,
25876,AR7264,2022-05-27,B&P-048-204-KYY7,"Esp Agric. = 5/8""x47x15.49/19.69",B&P-048-204-KYY7AR7264,,,x-00-00-00,,1,2382,396,,,2022-05-27,Rodamientos Esp.Agricolas,0.0021,101,C/Uno,Control de Calidad,,,
25876,AR7268,2022-05-27,BPB-048-204KYY2,Hexagonal Recto = 11/16x47x14/20.95,BPB-048-204KYY2AR7268,,,X-00-00-00,,23,1642,25,,,2022-05-27,Rodamientos Esp.Agricolas,0.4625,101,C/Uno,Control de Calidad,,,
25876,2088IC04000105M,2022-05-03,BPB-033-ASA40-1-REEL,"Cadena de rod. en Rollo - P = 1/2"" -Simple",BPB-033-ASA40-1-REEL2088IC04000105M,OCEUG,908,x-00-00-00,,5.85,3000,6501.37,IDESP,6692,2022-05-03,Cadenas,0,101,C/Uno,Control de Calidad,,,
25876,2088IC04000105M,2022-05-03,BPB-033-ASA80-2-REEL,"Cadena de rod. en Rollo - P = 1"" -Doble",BPB-033-ASA80-2-REEL2088IC04000105M,OCEUG,908,x-00-00-00,,5.4,250,5.4,IDESP,6692,2022-05-03,Cadenas,0,101,C/Uno,Control de Calidad,,,
25876,AR7253,2022-04-26,B&P-047-ECL-211-55DG,Tipo HC/YEL/UEL = 55x100x25/71.4,B&P-047-ECL-211-55DGAR7253,,,x-00-00-00,,6,253,348,,,2022-04-26,AUTOCENTRANTES,2.6518,101,C/Uno,Control de Calidad,,,
25876,AR7255,2022-04-26,BPB-047-ECL-211-32,"Tipo HC/YEL/UEL = 2""x100x25/55.5",BPB-047-ECL-211-32AR7255,,,X-00-00-00,,3,100,139,,,2022-04-26,Autocentrantes y Soportes,0,101,C/Uno,Control de Calidad,,,
25876,AR7254,2022-04-26,BPB-047-ECL210-50D-3,Tipo HC/YEL/UEL = 50x90x22/57.7,BPB-047-ECL210-50D-3AR7254,,,V-00-00-00,,14,511,30,,,2022-04-26,Autocentrantes y Soportes,4.7907,101,C/Uno,Control de Calidad,,,
25876,2088IC06000048U,2022-04-25,B&P-048-FDECL211-55,FDECL211-55,B&P-048-FDECL211-552088IC06000048U,OCOMI,1097,V-00-00-00,,3,4,895,IDESP,6684,2022-04-25,Rodamientos Esp.Agricolas,9.68,101,C/Uno,Control de Calidad,,,
25876,AR7200,2022-03-31,BPB-041-MS04-2RS,6204 = 20x47x14,BPB-041-MS04-2RSAR7200,,,X-00-00-00,,2,50000,6,,,2022-03-31,Rod. Rigidos de Bolas,0,101,C/Uno,Control de Calidad,,,
25876,A000300003150,2022-03-29,BPB-047-FD-205-A1,SOPORTE 205 EN BRUTO,BPB-047-FD-205-A1A000300003150,,0,V-00-00-00,,4,83,21,INAC,6667,2022-03-29,Autocentrantes y Soportes,0,101,C/Uno,Control de Calidad,,,
25876,AR7227,2022-03-28,BPB-048-204KYY2,Hexagonal Recto = 11/16x47x14/20.95,BPB-048-204KYY2AR7227,,,X-00-00-00,,1,1033,25,,,2022-03-28,Rodamientos Esp.Agricolas,0.4625,101,C/Uno,Control de Calidad,,,
25876,AR7196,2022-03-18,B&P-041-LS07-2RST,6007 = 35x62x14,B&P-041-LS07-2RSTAR7196,,,V-00-00-00,,18,4320,3993,,,2022-03-18,RODAMIENTO DE BOLAS,0,101,C/Uno,Control de Calidad,,,
25876,A000300003135,2022-03-16,BPB-047-FD-205-A1,SOPORTE 205 EN BRUTO,BPB-047-FD-205-A1A000300003135,,0,V-00-00-00,,10,88,21,INAC,6661,2022-03-16,Autocentrantes y Soportes,0,101,C/Uno,Control de Calidad,,,
25876,A000300003120,2022-03-14,BPB-047-F-205-A1,SOPORTE 205 EN BRUTO,BPB-047-F-205-A1A000300003120,,0,V-00-00-00,,32,124,211,INAC,6660,2022-03-14,Autocentrantes y Soportes,0,101,C/Uno,Control de Calidad,,,
25876,AR7181,2022-03-02,BPB-047-ECL209-28MM,"Tipo HC/YEL/UEL = 1""3/4x85x22/56.3 -(sinlub)",BPB-047-ECL209-28MMAR7181,,,D-09-04-03,,1,158,3,,,2022-03-02,Autocentrantes y Soportes,0,101,C/Uno,Control de Calidad,,,
25876,AR7182,2022-03-02,BPB-047-ECL211-32MG,"Tipo HC/YEL/UEL = 2""x100x25/71.4",BPB-047-ECL211-32MGAR7182,,,X-00-00-00,,1,674,115,,,2022-03-02,Autocentrantes y Soportes,0,101,C/Uno,Control de Calidad,,,
25876,AR7173,2022-02-24,BPB-047-ECL205-16MM,"Tipo HC/YEL/UEL = 1""x52x15/44.3 -(sinlub)",BPB-047-ECL205-16MMAR7173,,,X-00-00-00,,3,1039,762,,,2022-02-24,Autocentrantes y Soportes,0,101,C/Uno,Control de Calidad,,,
25876,AR7162,2022-02-22,B&P-048-W-208-PP21-N,"Hexagonal Recto = 1""1/4x80x18/36.52",B&P-048-W-208-PP21-NAR7162,,,G-02-05-02W,,28,990,188,,,2022-02-22,Rodamientos Esp.Agricolas,0,101,C/Uno,Control de Calidad,,,
25876,AR7162,2022-02-22,B&P-048-W-208-PP21-N,"Hexagonal Recto = 1""1/4x80x18/36.52",B&P-048-W-208-PP21-NAR7162,,,V-00-00-00,,3,990,188,,,2022-02-22,Rodamientos Esp.Agricolas,0,101,C/Uno,Control de Calidad,,,
25876,2088IC05000025Y,2022-02-18,B&P-047-F-205-H,Soporte Cuadrado c/4 Agujeros,B&P-047-F-205-H2088IC05000025Y,OCOMI,982,X-00-00-00,,12,2100,767,IDESP,6647,2022-02-18,AUTOCENTRANTES,0,101,C/Uno,Control de Calidad,,,
25876,2088IC05000025Y,2022-02-18,B&P-047-FTS-205-HA,Soporte Ovalado c/2 Agujeros,B&P-047-FTS-205-HA2088IC05000025Y,OCOMI,982,X-00-00-00,,74,1100,920,IDESP,6647,2022-02-18,AUTOCENTRANTES,0,101,C/Uno,Control de Calidad,,,
25876,A000300003100,2022-02-16,BPB-047-F-205-A1,SOPORTE 205 EN BRUTO,BPB-047-F-205-A1A000300003100,,,V-00-00-00,,6,0,211,,,2022-02-16,Autocentrantes y Soportes,0,101,C/Uno,Control de Calidad,,,
25876,R000100013896,2022-02-10,BPB-047-F-205-A1,SOPORTE 205 EN BRUTO,BPB-047-F-205-A1R000100013896,,,V-00-00-00,,22,0,211,,,2022-02-10,Autocentrantes y Soportes,0,101,C/Uno,Control de Calidad,,,
25876,R000100013896,2022-02-10,BPB-047-F-211-A1,SOPORTE 211 EN BRUTO,BPB-047-F-211-A1R000100013896,,,V-00-00-00,,11,0,152,,,2022-02-10,Autocentrantes y Soportes,0,101,C/Uno,Control de Calidad,,,
25876,R000100013896,2022-02-10,BPB-047-FTS-205-A1,SOPORTE FTS 205 EN BRUTO,BPB-047-FTS-205-A1R000100013896,,,V-00-00-00,,12,0,311,,,2022-02-10,Autocentrantes y Soportes,0,101,C/Uno,Control de Calidad,,,
25876,A000300003080,00:00:00,BPB-047-F-205-A1,SOPORTE 205 EN BRUTO,BPB-047-F-205-A1A000300003080,,0,X-00-00-00,,3,63,211,INAC,6636,2022-01-26,Autocentrantes y Soportes,0,101,C/Uno,Control de Calidad,,,
25876,AR7132,2021-12-21,BPB-047-ACL205-16RG,"Tipo FH/AEL/YET = 1""x52x15/31",BPB-047-ACL205-16RGAR7132,,,D-02-06-03W,,19,1614,82,,,2021-12-21,Autocentrantes y Soportes,8.954,101,C/Uno,Control de Calidad,,,
25876,AR7132,2021-12-21,BPB-047-ACL205-16RG,"Tipo FH/AEL/YET = 1""x52x15/31",BPB-047-ACL205-16RGAR7132,,,X-00-00-00,,53,1614,82,,,2021-12-21,Autocentrantes y Soportes,8.954,101,C/Uno,Control de Calidad,,,
25876,A000300003056,00:00:00,BPB-047-F-205-A1,SOPORTE 205 EN BRUTO,BPB-047-F-205-A1A000300003056,,0,V-00-00-00,,74,143,211,INAC,6618,2021-12-16,Autocentrantes y Soportes,0,101,C/Uno,Control de Calidad,,,
25876,AR7126,2021-12-12,B&P-048-210-PPB20,"Hexagonal Bombe = 1""1/4x90x22/36.45",B&P-048-210-PPB20AR7126,,,V-00-00-00,,3,209,120,,,2021-12-12,Rodamientos Esp.Agricolas,0,101,C/Uno,Control de Calidad,,,
25876,A000300003033,2021-11-30,BPB-047-F-211-A1,SOPORTE 211 EN BRUTO,BPB-047-F-211-A1A000300003033,,0,V-00-00-00,,10,29,152,INAC,6616,2021-11-30,Autocentrantes y Soportes,0,101,C/Uno,Control de Calidad,,,
25876,A000300003033,2021-11-30,BPB-047-F-211-A1,SOPORTE 211 EN BRUTO,BPB-047-F-211-A1A000300003033,,0,X-00-00-00,,19,29,152,INAC,6616,2021-11-30,Autocentrantes y Soportes,0,101,C/Uno,Control de Calidad,,,
25876,A000400013527,2021-11-29,BPB-059-GU-2047,Sello mecanico 2047,BPB-059-GU-2047A000400013527,,0,X-00-00-00,,5,200,126,INAC,6615,2021-11-29,MAZAS - Term y Ptes.Pzas,0,101,C/Uno,Control de Calidad,,,
25876,1088IC04000177U,2021-11-25,BPB-056-ENG353040CHS,TENSOR DENTADO 9 DIENTES,BPB-056-ENG353040CHS1088IC04000177U,OCOMI,941,X-00-00-00,,67,6000,1750,IDESP,6613,2021-11-25,CRUCETAS Y ENGRANAJES,0,101,C/Uno,Control de Calidad,,,
25876,1088IC04000173Z,2021-11-16,B&P-001-OR207-G,OR bombe relubricable ancho 19 mm - Terminado_x000D_,B&P-001-OR207-G1088IC04000173Z,OCOMI,921,X-00-00-00,,250,250,250,IDESP,6607,2021-11-16,ARO EXTERIOR,0,101,C/Uno,Control de Calidad,,,
25876,A000300003011,2021-11-15,BPB-047-F-205-A1,SOPORTE 205 EN BRUTO,BPB-047-F-205-A1A000300003011,,0,V-00-00-00,,33,166,211,INAC,6604,2021-11-15,Autocentrantes y Soportes,0,101,C/Uno,Control de Calidad,,,
25876,AR7112,2021-11-19,BPB-048-205-KRRB2,Hexagonal Bombe = 7/8x52x15/25.4,BPB-048-205-KRRB2AR7112,,0,E-14-03-02W,,183,126,3464,INSI,916,2021-11-09,Rodamientos Esp.Agricolas,1.17,101,C/Uno,Control de Calidad,,,
25876,AR7112,2021-11-19,BPB-048-205-KRRB2,Hexagonal Bombe = 7/8x52x15/25.4,BPB-048-205-KRRB2AR7112,,0,V-00-00-00,,9,126,3464,INSI,916,2021-11-09,Rodamientos Esp.Agricolas,1.17,101,C/Uno,Control de Calidad,,,
25876,A000300002992,2021-11-01,BPB-047-F-206-A1,SOPORTE 206 EN BRUTO,BPB-047-F-206-A1A000300002992,,0,E-08-06-01,,12,58,18,INAC,6598,2021-11-01,Autocentrantes y Soportes,0,101,C/Uno,Control de Calidad,,,
25876,A000300002992,2021-11-01,BPB-047-F-206-A1,SOPORTE 206 EN BRUTO,BPB-047-F-206-A1A000300002992,,0,V-00-00-00,,6,58,18,INAC,6598,2021-11-01,Autocentrantes y Soportes,0,101,C/Uno,Control de Calidad,,,
25876,A000300002992,2021-11-01,BPB-047-F-211-A1,SOPORTE 211 EN BRUTO,BPB-047-F-211-A1A000300002992,,0,V-00-00-00,,1,1,152,INAC,6598,2021-11-01,Autocentrantes y Soportes,0,101,C/Uno,Control de Calidad,,,
25876,A000300002992,2021-11-01,BPB-047-FTS-205-A1,SOPORTE FTS 205 EN BRUTO,BPB-047-FTS-205-A1A000300002992,,0,V-00-00-00,,127,212,311,INAC,6598,2021-11-01,Autocentrantes y Soportes,0,101,C/Uno,Control de Calidad,,,
25876,1088IC04000156R,2021-10-15,B&P-048-5203-KYY9,Esp Agric. = 16.13x40x17.46/24.46,B&P-048-5203-KYY91088IC04000156R,OCEUG,864,X-00-00-00,,25,2477,6299,IDESP,6591,2021-10-15,Rodamientos Esp.Agricolas,0,101,C/Uno,Control de Calidad,,,
25876,A000300002969,2021-10-15,BPB-047-F-205-A1,SOPORTE 205 EN BRUTO,BPB-047-F-205-A1A000300002969,,0,V-00-00-00,,22,295,211,INAC,6592,2021-10-15,Autocentrantes y Soportes,0,101,C/Uno,Control de Calidad,,,
25876,A000300002969,2021-10-15,BPB-047-F-211-A1,SOPORTE 211 EN BRUTO,BPB-047-F-211-A1A000300002969,,0,V-00-00-00,,20,46,152,INAC,6592,2021-10-15,Autocentrantes y Soportes,0,101,C/Uno,Control de Calidad,,,
25876,AR3497,2021-10-01,BPB-047-F-205,Soporte Cuadrado c/4 Agujeros,BPB-047-F-205AR3497,,,A-20-03-03,,360,1183,724,,,2021-10-01,Autocentrantes y Soportes,0.3171,101,C/Uno,Control de Calidad,,,
25876,AR3497,2021-10-01,BPB-047-F-205,Soporte Cuadrado c/4 Agujeros,BPB-047-F-205AR3497,,,A-21-02-01,,287,1183,724,,,2021-10-01,Autocentrantes y Soportes,0.3171,101,C/Uno,Control de Calidad,,,
25876,1088IC05000124N,00:00:00,B&P-005-TDX010,Bearing parts 32010,B&P-005-TDX0101088IC05000124N,OCEUG,900,X-00-00-00,,1200,1200,1218,IDESP,6571,2021-09-06,CANASTO,0,101,C/Uno,Control de Calidad,,,
25876,A000800002512,2021-08-31,B&P-003-Ball-7/16,Ball-7/16,B&P-003-Ball-7/16A000800002512,,,X-00-00-00,,3325,0,320294,,,2021-08-31,BOLITAS,0,101,C/Uno,Control de Calidad,,,
25876,A000300002894,2021-08-18,BPB-047-F-205-A1,SOPORTE 205 EN BRUTO,BPB-047-F-205-A1A000300002894,,0,V-00-00-00,,17,205,211,INAC,6563,2021-08-18,Autocentrantes y Soportes,0,101,C/Uno,Control de Calidad,,,
25876,A000300002894,2021-08-18,BPB-047-FD-205-A1,SOPORTE 205 EN BRUTO,BPB-047-FD-205-A1A000300002894,,0,X-00-00-00,,7,31,21,INAC,6563,2021-08-18,Autocentrantes y Soportes,0,101,C/Uno,Control de Calidad,,,
25876,AR3343,2021-07-30,BPB-048-DTR3062-FM,Doble Hilera Rodillos Conicos = 30x62x50/40,BPB-048-DTR3062-FMAR3343,,,X-00-00-00,,4,1598,329,,,2021-07-30,Rodamientos Esp.Agricolas,0.4733,101,C/Uno,Control de Calidad,,,
25876,1088IC04000130J,2021-07-29,B&P-047-HA-208,Soporte Autocentrante,B&P-047-HA-2081088IC04000130J,OCOMI,923,C-18-05-03W,,139,250,231,IDESP,6553,2021-07-29,AUTOCENTRANTES,0.0929,101,C/Uno,Control de Calidad,,,
25876,A000300002875,2021-07-27,BPB-047-FTS-205-A1,SOPORTE FTS 205 EN BRUTO,BPB-047-FTS-205-A1A000300002875,,0,X-00-00-00,,1,338,311,INAC,6549,2021-07-27,Autocentrantes y Soportes,0,101,C/Uno,Control de Calidad,,,
25876,A000300002875,2021-07-27,BPB-047-PE-208-A1,SOPORTE 208 EN BRUTO,BPB-047-PE-208-A1A000300002875,,0,V-00-00-00,,8,26,45,INAC,6549,2021-07-27,Autocentrantes y Soportes,0,101,C/Uno,Control de Calidad,,,
25876,1088IC04000126Y,2021-07-19,BPB-047-FB-210,Soporte con pestaña c/3 Agujeros,BPB-047-FB-2101088IC04000126Y,,,x-00-00-00,,3,0,9,,,2021-07-19,Autocentrantes y Soportes,0,101,C/Uno,Control de Calidad,,,
25876,A000300002850,2021-07-07,BPB-047-FTS-205-A1,SOPORTE FTS 205 EN BRUTO,BPB-047-FTS-205-A1A000300002850,,0,X-00-00-00,,16,38,311,INAC,6542,2021-07-07,Autocentrantes y Soportes,0,101,C/Uno,Control de Calidad,,,
25876,A000300002858,2021-07-07,BPB-047-FTS-205-A1,SOPORTE FTS 205 EN BRUTO,BPB-047-FTS-205-A1A000300002858,,0,X-00-00-00,,7,30,311,INAC,6544,2021-07-07,Autocentrantes y Soportes,0,101,C/Uno,Control de Calidad,,,
25876,AR3321,2021-05-31,BPB-999-32216-MX,Rod. Conico = 80x140x35.25,BPB-999-32216-MXAR3321,,,X-00-00-00,,4,500,396,,,2021-05-31,Productos Varios,0,101,C/Uno,Control de Calidad,,,
25876,A000300020653,2021-05-20,BPB-047-P-209-L,Soporte de Pie,BPB-047-P-209-LA000300020653,,0,V-00-00-00,,1,45,1,INAC,6521,2021-05-20,Autocentrantes y Soportes,0,101,C/Uno,Control de Calidad,,,
25876,A000300002782,2021-05-03,BPB-047-F-211-A1,SOPORTE 211 EN BRUTO,BPB-047-F-211-A1A000300002782,,0,X-00-00-00,,6,50,152,INAC,6510,2021-05-03,Autocentrantes y Soportes,0,101,C/Uno,Control de Calidad,,,
25876,A000800000594,2021-04-28,B&P-999-PF-6-Z,SOP. CHAPA REDONDO C/3 AGUJEROS,B&P-999-PF-6-ZA000800000594,,,J-24-05-02,,5,0,25,,,2021-04-28,Productos Varios,0,101,C/Uno,Control de Calidad,,,
25876,0088ICO5000053N,2021-04-16,B&P-999-206-RW-08,SELLO SIMPLE LABIO / LABIO CORTO,B&P-999-206-RW-080088ICO5000053N,,,X-00-00-00,,11,0,2144,,,2021-04-16,Productos Varios,0,101,C/Uno,Control de Calidad,,,
25876,1088IC05000055Z,2021-04-15,B&P-004-206-RW-08,Sello RW simple labio con labio extendido,B&P-004-206-RW-081088IC05000055Z,OCREP,20,X-00-00-00,,10,1000,103,IDESP,6493,2021-04-15,SELLOS,0.0002,101,C/Uno,Control de Calidad,,,
25876,AR1875,2021-04-14,B&P-053-HM-518445,CONO,B&P-053-HM-518445AR1875,,,X-00-00-00,,1,2000,68,,,2021-04-14,CONO,-0.041,101,C/Uno,Control de Calidad,,,
25876,AR7064,2021-03-22,BPB-047-ECL-212-39-D,"Tipo HC/YEL/UEL = 2""7/16x110x27/77.8",BPB-047-ECL-212-39-DAR7064,,,X-00-00-00,,1,180,5,,,2021-03-22,Autocentrantes y Soportes,26.6867,101,C/Uno,Control de Calidad,,,
25876,1088IC04000026N,2021-03-02,B&P-010-LOC207-35,COLLAR DE AJUSTE 35MM,B&P-010-LOC207-351088IC04000026N,OCEUG,841,B-06-03-02W,,49,1000,1927,IDESP,6465,2021-03-02,LOC,0,101,C/Uno,Control de Calidad,,,
25876,1088IC04000026N,2021-03-02,B&P-010-LOC207-35,COLLAR DE AJUSTE 35MM,B&P-010-LOC207-351088IC04000026N,OCEUG,841,G-22-03-03,,281,1000,1927,IDESP,6465,2021-03-02,LOC,0,101,C/Uno,Control de Calidad,,,
25876,AR3102,2021-01-29,BPB-048-DTR3062-FM,Doble Hilera Rodillos Conicos = 30x62x50/40,BPB-048-DTR3062-FMAR3102,,,X-00-00-00,,1,1007,329,,,2021-01-29,Rodamientos Esp.Agricolas,0.4733,101,C/Uno,Control de Calidad,,,
25876,AR3024,2020-11-30,BPB-037-9011,Tapa Distribuidor Clic Alum 172336,BPB-037-9011AR3024,,,X-00-00-00,,1,1000,10,,,2020-11-30,Varios,0.025,101,C/Uno,Control de Calidad,,,
25876,0088IC05000038Z,2020-08-11,BPB-033-ASA-80-2,"Cadena de rod. en Caja - P = 1"" -Doble",BPB-033-ASA-80-20088IC05000038Z,OCEUG,809,V-00-00-00,,20,100,20,IDESP,6347,2020-08-11,Cadenas,0,101,FT,Control de Calidad,,,
25876,0088IC06000057S,2020-07-13,000-054-TCY205,Bearing Parts,000-054-TCY2050088IC06000057S,OCBET,499,X-00-00-00,,27,10000,37,IDESP,6331,2020-07-13,CUBETA,0.24,101,C/Uno,Control de Calidad,,,
25876,0088IC06000052N,2020-06-25,B&P-047-PE-211,Soporte de Pie Reforzado,B&P-047-PE-2110088IC06000052N,OCBET,456,G-08-03-03,,1,200,21,IDESP,6322,2020-06-25,AUTOCENTRANTES,0,101,C/Uno,Control de Calidad,,,
25876,0088IC06000052N,2020-06-25,BPB-047-SAB207-35LG,Tipo UC/YAR = 35x72x19/42.9 -SelloSTD,BPB-047-SAB207-35LG0088IC06000052N,OCBET,453,G-16-05-03,,110,2442,110,IDESP,6322,2020-06-25,Autocentrantes y Soportes,0,101,C/Uno,Control de Calidad,,,
25876,0088IC06000038R,2020-05-15,B&P-048-AG-1235-PPZ9,Esp Agric. = 14.46x53.09x18.2/29.2,B&P-048-AG-1235-PPZ90088IC06000038R,OCEUG,786,V-00-00-00,,8,1492,3613,IDESP,6296,2020-05-15,Rodamientos Esp.Agricolas,0.39,101,C/Uno,Control de Calidad,,,
25876,AR2823,2020-04-30,BPB-048-DTR2552-RG,Rodamiento doble cónico relubricable.,BPB-048-DTR2552-RGAR2823,,,X-00-00-00,,24,50,30,,,2020-04-30,Rodamientos Esp.Agricolas,0,101,C/Uno,Control de Calidad,,,
25876,AR2792,2020-03-31,BPB-048-DTR2549-FM,Doble Hilera Rod Conicos = 25x49x45/40,BPB-048-DTR2549-FMAR2792,,,V-00-00-00,,2,497,750,,,2020-03-31,Rodamientos Esp.Agricolas,-0.0842,101,C/Uno,Control de Calidad,,,
25876,AR2792,2020-03-31,BPB-048-DTR2549-FM,Doble Hilera Rod Conicos = 25x49x45/40,BPB-048-DTR2549-FMAR2792,,,X-00-00-00,,9,497,750,,,2020-03-31,Rodamientos Esp.Agricolas,-0.0842,101,C/Uno,Control de Calidad,,,
25876,0088IC06000017Y,2020-03-09,BPB-041-62210-2RS,Doble Hilera de Bolas,BPB-041-62210-2RS0088IC06000017Y,OCBET,644,G-23-02-03W,,9,10,10,IDESP,6259,2020-03-09,Rod. Rigidos de Bolas,0,101,C/Uno,Control de Calidad,,,
25876,07012020,2020-01-07,BPB-047-SAB206-30LG,Tipo UC/YAR = 30x62x18/38.1 -SelloSTD,BPB-047-SAB206-30LG07012020,,0,X-00-00-00,,5,120,273,INSI,863,2020-01-13,Autocentrantes y Soportes,0,101,C/Uno,Control de Calidad,,,
25876,AR2662,2019-11-15,BPB-037-9014,Tapa Distribuidor Clic APX,BPB-037-9014AR2662,,,X-00-00-00,,1,100,87,,,2019-11-15,Varios,0,101,C/Uno,Control de Calidad,,,
25876,9088IC06000148E,2019-09-16,B&P-048-210KRRB52,"Hexagonal Bombe = 1""1/2x91.5x22/30",B&P-048-210KRRB529088IC06000148E,OCBET,551,X-00-00-00,,1,252,250,IDESP,6169,2019-09-16,Rodamientos Esp.Agricolas,0,101,C/Uno,Control de Calidad,,,
25876,9088IC06000113T,2019-07-26,B&P-048-W208KRRB6,"Hexagonal Bombe = 1""3/8x80x21/36.5",B&P-048-W208KRRB69088IC06000113T,OCBET,603,H-02-04-02W,,2,29,352,IDESP,6141,2019-07-26,Rodamientos Esp.Agricolas,7.871,101,C/Uno,Control de Calidad,,,
25876,9088IC06000113T,2019-07-26,B&P-048-W208KRRB6,"Hexagonal Bombe = 1""3/8x80x21/36.5",B&P-048-W208KRRB69088IC06000113T,OCBET,603,V-00-00-00,,5,29,352,IDESP,6141,2019-07-26,Rodamientos Esp.Agricolas,7.871,101,C/Uno,Control de Calidad,,,
25876,AR2544,2019-07-26,BPB-047-ECL-212-39-D,"Tipo HC/YEL/UEL = 2""7/16x110x27/77.8",BPB-047-ECL-212-39-DAR2544,,,X-00-00-00,,4,50,5,,,2019-07-26,Autocentrantes y Soportes,26.6867,101,C/Uno,Control de Calidad,,,
25876,AR2445,2019-05-31,B&P-041-MS04-2RLD-C3,6204 = 20x47x14,B&P-041-MS04-2RLD-C3AR2445,,,X-00-00-00,,10,719,10,,,2019-05-31,RODAMIENTO DE BOLAS,0,101,C/Uno,Control de Calidad,,,
25876,A000700029548,2019-04-17,BPB-047-UC-212-DBL,Rod. Autocentrante,BPB-047-UC-212-DBLA000700029548,,0,X-00-00-00,,4,30,4,INAC,6093,2019-04-17,Autocentrantes y Soportes,22.2828,101,C/Uno,Control de Calidad,,,
25876,9088IC06000040S,2019-03-29,B&P-054-TDY211,Bearing parts,B&P-054-TDY2119088IC06000040S,OCEUG,740,X-00-00-00,,25,1000,87,IDESP,6083,2019-03-29,CUBETA,1.48,101,C/Uno,Control de Calidad,,,
25876,9088IC06000011Z,2019-03-01,B&P-047-SAB-212-60DG,Tipo UC/YAR = 60x110x27/65.1,B&P-047-SAB-212-60DG9088IC06000011Z,OCEUG,649,V-00-00-00,,1,42,277,IDESP,6067,2019-03-01,AUTOCENTRANTES,0,101,C/Uno,Control de Calidad,,,
25876,AR2307,2019-02-25,BPB-048-206-K14,"Esp Agric. = 1""1/4x62x16/24",BPB-048-206-K14AR2307,,,x-00-00-00,,11,209,14,,,2019-02-25,Rodamientos Esp.Agricolas,0,101,C/Uno,Control de Calidad,,,
25876,18088IC06000128,2019-01-22,BPB-047-SAB209-45LG,Tipo UC/YAR = 45x85x22/49.2 -SelloSTD,BPB-047-SAB209-45LG18088IC06000128,,,H-02-04-01W,,15,0,16,,,2019-01-22,Autocentrantes y Soportes,0,101,C/Uno,Control de Calidad,,,
25876,8088IC06000220R,2018-12-12,BPB-046-SABF209-45L,SAB209 + F209,BPB-046-SABF209-45L8088IC06000220R,OCBET,451,X-00-00-00,,8,1000,8,IDESP,6019,2018-12-12,Soporte + Rodamiento,0,101,C/Uno,Control de Calidad,,,
25876,8088IC06000201Z,2018-10-26,BPB-047-SAB209-45LG,Tipo UC/YAR = 45x85x22/49.2 -SelloSTD,BPB-047-SAB209-45LG8088IC06000201Z,OCBET,453,H-02-04-01W,,1,528,16,IDESP,5992,2018-10-26,Autocentrantes y Soportes,0,101,C/Uno,Control de Calidad,,,
25876,L180828135,2018-09-10,BPB-040-MG-5306-KRR3,Rodamiento Doble Cataforesis-TTS,BPB-040-MG-5306-KRR3L180828135,,,E-06-04-03,,7,153,271,,,2018-09-10,Rod.Varios,-0.0666,101,C/Uno,Control de Calidad,,,
25876,8088IC06000167E,2018-08-14,B&P-010-LOC210-50,COLLAR AJUSTE ECL,B&P-010-LOC210-508088IC06000167E,OCBET,414,X-00-00-00,,11,750,195,IDESP,5939,2018-08-14,LOC,0,101,C/Uno,Control de Calidad,,,
25876,17088IC06000144,2018-08-09,B&P-041-LS05-D,6005 = 25x47x12,B&P-041-LS05-D17088IC06000144,,,X-00-00-00,,10,0,7325,,,2018-08-09,RODAMIENTO DE BOLAS,-0.0316,101,C/Uno,Control de Calidad,,,
25876,8088IC06000169G,2018-08-07,B&P-003-TCX209,BEARING PARTS,B&P-003-TCX2098088IC06000169G,OCEUG,564,J-09-06-03,,1747,19000,1747,IDESP,5932,2018-08-07,BOLITAS,0,101,C/Uno,Control de Calidad,,,
25876,SIMI-2018-04-10,2018-07-02,BPB-048-204-KRR6,"Hexagonal Recto = 3/4""x44.56x16/20.43",BPB-048-204-KRR6SIMI-2018-04-10,OCBET,357,E-13-04-02W,,8,648,984,IDESP,5890,2018-07-02,Rodamientos Esp.Agricolas,0.0617,101,C/Uno,Control de Calidad,,,
25876,SIMI-2018-04-10,2018-07-02,BPB-048-204-KRR6,"Hexagonal Recto = 3/4""x44.56x16/20.43",BPB-048-204-KRR6SIMI-2018-04-10,OCBET,357,V-00-00-00,,5,648,984,IDESP,5890,2018-07-02,Rodamientos Esp.Agricolas,0.0617,101,C/Uno,Control de Calidad,,,
25876,SIMI-2018-01-19,2018-04-17,BPB-047-ECL210-50LG,Tipo HC/YEL/UEL = 50x90x22/62.7 -SelloSTD,BPB-047-ECL210-50LGSIMI-2018-01-19,OCBET,408,A-09-03-02W,,6,500,6,IDESP,5803,2018-04-17,Autocentrantes y Soportes,0,101,C/Uno,Control de Calidad,,,
25876,AR1954,2018-03-16,BPB-033-CA627-M40A-M,CADENA MAINERO CON MARCACION,BPB-033-CA627-M40A-MAR1954,,,X-00-00-00,,1,1000,1,,,2018-03-16,Cadenas,0.6738,101,C/Uno,Control de Calidad,,,
25876,AR1776,2018-01-31,B&P-047-ECL-208-40DG,Tipo HC/YEL/UEL = 40x80x22/56.3,B&P-047-ECL-208-40DGAR1776,,,E-04-02-03W,,108,950,924,,,2018-01-31,AUTOCENTRANTES,-0.0397,101,C/Uno,Control de Calidad,,,
25876,AR1769,2017-12-29,BPB-999-ECL210-50D-3,Rodamiento Autocentrante,BPB-999-ECL210-50D-3AR1769,,,F-05-06-03W,,9,200,10,,,2017-12-29,Productos Varios,0,101,C/Uno,Control de Calidad,,,
25876,SIMI-2017-09-23,2017-12-07,B&P-004-204-RST-08,SELLO RST,B&P-004-204-RST-08SIMI-2017-09-23,OCBET,332,X-00-00-00,,122,2000,4353,IDESP,5685,2017-12-07,SELLOS,0,101,C/Uno,Control de Calidad,,,
25876,SIMI-2017-08-11,2017-11-02,B&P-041-LS05-2RST,6005 = 25x47x12,B&P-041-LS05-2RSTSIMI-2017-08-11,OCBET,289,X-00-00-00,,10,42500,33,IDESP,5646,2017-11-02,RODAMIENTO DE BOLAS,0,101,C/Uno,Control de Calidad,,,
25876,A002200037844,2017-10-13,BPB-048-205-KRR2,Hexagonal Recto = 7/8x52x15/25.4,BPB-048-205-KRR2A002200037844,,0,V-00-00-00,,8,10,27,INAC,5623,2017-10-13,Rodamientos Esp.Agricolas,0.1294,101,C/Uno,Control de Calidad,,,
25876,SIMI-2017-07-05,2017-09-01,B&P-041-MS10-2RSTK,6210 = 50x90x20 - Eje Conico,B&P-041-MS10-2RSTKSIMI-2017-07-05,OCEUG,550,V-00-00-00,,8,500,447,IDESP,5575,2017-09-01,RODAMIENTO DE BOLAS,0,101,C/Uno,Control de Calidad,,,
25876,1088IC06000171P,2017-08-29,B&P-047-SAB-212-60DG,Tipo UC/YAR = 60x110x27/65.1,B&P-047-SAB-212-60DG1088IC06000171P,,,V-00-00-00,,1,0,277,,,2017-08-29,AUTOCENTRANTES,0,101,C/Uno,Control de Calidad,,,
25876,7088SIMI000275V,2017-08-15,B&P-001-LS05-D,BEARING PARTS,B&P-001-LS05-D7088SIMI000275V,OCEXT,665,J-27-04-01,,16,50000,14156,IDESP,5546,2017-08-15,ARO EXTERIOR,0,101,C/Uno,Control de Calidad,,,
25876,7088SIMI000275V,2017-08-15,B&P-001-LS05-D,BEARING PARTS,B&P-001-LS05-D7088SIMI000275V,OCEXT,665,J-27-04-03,,9,50000,14156,IDESP,5546,2017-08-15,ARO EXTERIOR,0,101,C/Uno,Control de Calidad,,,
25876,7088SIMI000275V,2017-08-15,B&P-002-LS05-D,BEARING PARTS,B&P-002-LS05-D7088SIMI000275V,OCEXT,665,J-26-04-01,,9,50000,9322,IDESP,5546,2017-08-15,ARO INTERIOR,0,101,C/Uno,Control de Calidad,,,
25876,7088SIMI000275V,2017-08-15,B&P-002-LS05-D,BEARING PARTS,B&P-002-LS05-D7088SIMI000275V,OCEXT,665,J-26-04-03,,16,50000,9322,IDESP,5546,2017-08-15,ARO INTERIOR,0,101,C/Uno,Control de Calidad,,,
25876,7088SIMI000275V,2017-08-15,B&P-005-RET/SET-LS05,BEARING PARTS,B&P-005-RET/SET-LS057088SIMI000275V,OCEXT,665,F-20-06-02,,25,50000,33489,IDESP,5546,2017-08-15,CANASTO,0,101,C/Uno,Control de Calidad,,,
25876,7088SIMI000275V,2017-08-15,BPB-053-020-DTR2047,CONO DTR2047-FM,BPB-053-020-DTR20477088SIMI000275V,OCEXT,665,X-00-00-00,,30,5000,2696,IDESP,5546,2017-08-15,CONO,-0.007,101,C/Uno,Control de Calidad,,,
25876,SIMI-2017-06-14,2017-08-02,B&P-004-205-RW-08,Sello RW simple labio con labio extendido,B&P-004-205-RW-08SIMI-2017-06-14,OCBET,276,V-00-00-00,,4,5000,450,IDESP,5532,2017-08-02,SELLOS,0,101,C/Uno,Control de Calidad,,,
25876,SIMI-2017-06-14,2017-08-02,B&P-005-CAGE206-17,CANASTO O JAULA DE NYLON,B&P-005-CAGE206-17SIMI-2017-06-14,OCBET,267,A-10-04-03,,4,250,494,IDESP,5532,2017-08-02,CANASTO,0,101,C/Uno,Control de Calidad,,,
25876,SIMI-2017-06-14,2017-08-02,B&P-005-CAGE206-17,CANASTO O JAULA DE NYLON,B&P-005-CAGE206-17SIMI-2017-06-14,OCBET,267,X-00-00-00,,41,250,494,IDESP,5532,2017-08-02,CANASTO,0,101,C/Uno,Control de Calidad,,,
25876,SIMI-2017-05-08,2017-08-01,B&P-010-LOC209-45,COLLAR DE AJUSTE 45MM,B&P-010-LOC209-45SIMI-2017-05-08,OCEUG,531,G-04-03-01W,,280,920,538,IDESP,5528,2017-08-01,LOC,2.3624,101,C/Uno,Control de Calidad,,,
25876,A000700021691,2017-08-01,BPB-048-G-209-KYYB2,"Hexagonal Bombe = 1""1/2x85x19/30",BPB-048-G-209-KYYB2A000700021691,,,H-21-03-01,,51,0,51,,,2017-08-01,Rodamientos Esp.Agricolas,0,101,C/Uno,Control de Calidad,,,
25876,SIMI-2017-06-08,2017-07-31,B&P-004-204-KYY7,SELLO,B&P-004-204-KYY7SIMI-2017-06-08,OCEUG,616,X-00-00-00,,179,3030,3023,IDESP,5525,2017-07-31,SELLOS,0,101,C/Uno,Control de Calidad,,,
25876,SIMI-2017-04-03,2017-05-12,B&P-003-Ball-7/16,Ball-7/16,B&P-003-Ball-7/16SIMI-2017-04-03,OCBET,257,X-00-00-00,,700,45000,320294,IDESP,5465,2017-06-08,BOLITAS,0,101,C/Uno,Control de Calidad,,,
25876,AR1444,2017-05-24,BPB-056-DS4575C25CHS,Engranaje Mando Z11/Eje: Cil/CA627,BPB-056-DS4575C25CHSAR1444,,,X-00-00-00,,1,3000,1459,,,2017-05-24,CRUCETAS Y ENGRANAJES,-0.0017,101,C/Uno,Control de Calidad,,,
25876,SIMI-2017-04-03,2017-05-12,B&P-004-208-TPL-08,Sellos Triple Labio,B&P-004-208-TPL-08SIMI-2017-04-03,OCBET,222,X-00-00-00,,345,2500,452,IDESP,5425,2017-05-12,SELLOS,0,101,C/Uno,Control de Calidad,,,
25876,SIMI-2017-02-17,2017-04-12,BPB-999-5206-2RST,Rod. Rigido de bolas,BPB-999-5206-2RSTSIMI-2017-02-17,,,D-16-06-02W,,7,0,7,,,2017-04-12,Productos Varios,2.245,101,C/Uno,Control de Calidad,,,
25876,A002200034117,2017-03-07,PEE-047-HC-211-55MM,ROD.AUTOCENTRANTE,PEE-047-HC-211-55MMA002200034117,,0,X-00-00-00,,9,10,14,INAC,5335,2017-03-07,Autocentrantes y Soportes,31.3996,101,C/Uno,Control de Calidad,,,
25876,A000700019984,2017-03-06,PEE-047-HC-211-55MM,ROD.AUTOCENTRANTE,PEE-047-HC-211-55MMA000700019984,,0,X-00-00-00,,5,5,14,INAC,5329,2017-03-06,Autocentrantes y Soportes,31.3996,101,C/Uno,Control de Calidad,,,
25876,A000200000075,2017-02-07,BPB-056-DS4575C25CHS,Engranaje Mando Z11/Eje: Cil/CA627,BPB-056-DS4575C25CHSA000200000075,,,X-00-00-00,,7,0,1459,,,2017-02-07,CRUCETAS Y ENGRANAJES,-0.0017,101,C/Uno,Control de Calidad,,,
25876,SIMI-2016-10-22,2017-01-24,B&P-001-MS04-D,ARO EXTERIOR,B&P-001-MS04-DSIMI-2016-10-22,OCBET,166,X-00-00-00,,87,25000,5087,IDESP,5286,2017-01-24,ARO EXTERIOR,0,101,C/Uno,Control de Calidad,,,
25876,7073SIMI001497W,2017-01-20,B&P-004-209-DBL-08,SELLO DBL,B&P-004-209-DBL-087073SIMI001497W,OCEUG,574,V-00-00-00,,6,277,7,IDESP,5277,2017-01-20,SELLOS,0,101,C/Uno,Control de Calidad,,,
25876,SIMI-2016-08-31,2016-12-27,B&P-004-AG-1235-PPZ9,SELLOS,B&P-004-AG-1235-PPZ9SIMI-2016-08-31,OCEUG,354,X-00-00-00,,4,5000,55,IDESP,5259,2016-12-27,SELLOS,0,101,C/Uno,Control de Calidad,,,
25876,X-000-000-000,2016-12-12,B&P-047-PE-207,Soporte de Pie Reforzado,B&P-047-PE-207X-000-000-000,OCEUG,403,E-10-01-03W,,4,500,518,IDESP,5227,2016-12-12,AUTOCENTRANTES,-0.0121,101,C/Uno,Control de Calidad,,,
25876,F718926,2016-11-11,FK--047-UC-211,ROD.AUTOCENTRANTE,FK--047-UC-211F718926,,,H-09-03-02,NULL,14,0,23,,,2016-11-11,Autocentrantes y Soportes,0,101,c/uno,Control de Calidad,,,
25876,SIMI-2016-08-31,2016-10-14,B&P-002-ECL205-25-02,IR ECL205-25 TERMINADO,B&P-002-ECL205-25-02SIMI-2016-08-31,OCEUG,520,H-01-04-01,,404,300,760,IDESP,5154,2016-10-14,ARO INTERIOR,0,101,C/Uno,Control de Calidad,,,
25876,5088DJAI001123J,2015-12-10,B&P-001-OR205-01,OR AUTOCENT Ø52 TERMINADO,B&P-001-OR205-015088DJAI001123J,OCEUG,358,E-09-06-03W,,61,966,304,IDESP,5109,2016-09-07,ARO EXTERIOR,0,101,C/Uno,Control de Calidad,,,
25876,5088DJAI001123J,2015-12-10,B&P-001-OR205-01,OR AUTOCENT Ø52 TERMINADO,B&P-001-OR205-015088DJAI001123J,OCEUG,358,H-13-06-02W,,106,966,304,IDESP,5109,2016-09-07,ARO EXTERIOR,0,101,C/Uno,Control de Calidad,,,
25876,4088DJAI002722Y,2016-09-07,B&P-001-OR207-01,OR AUTOCENT Ø72 TERMINADO,B&P-001-OR207-014088DJAI002722Y,OCEUG,370,G-16-06-03,,91,2000,101,IDESP,5109,2016-09-07,ARO EXTERIOR,0,101,C/Uno,Control de Calidad,,,
25876,4088DJAI002721N,00:00:00,B&P-001-OR207-A1,OR AUTOCENT Ø72 S/RECTIFICAR c/Ranura lub. y Pin,B&P-001-OR207-A14088DJAI002721N,OCEUG,369,B-24-01-03,,10,2000,1810,IDESP,5109,2016-09-07,ARO EXTERIOR,0,101,C/Uno,Control de Calidad,,,
25876,4088DJAI002723P,2016-09-07,B&P-004-207-DBL-08,SELLO DBL,B&P-004-207-DBL-084088DJAI002723P,OCEUG,371,X-00-00-00,,26,7623,6120,IDESP,5109,2016-09-07,SELLOS,0,101,C/Uno,Control de Calidad,,,
25876,AR0851,2016-08-26,BPB-056-ENG353040CHS,TENSOR DENTADO 9 DIENTES,BPB-056-ENG353040CHSAR0851,,,X-00-00-00,,7,514,1750,,,2016-08-26,CRUCETAS Y ENGRANAJES,0,101,C/Uno,Control de Calidad,,,
25876,X-000-000-000,2016-02-22,BPB-048-5204-KPP3,Esp Agric. = 20x47x42.6/48,BPB-048-5204-KPP3X-000-000-000,OCEUG,110,D-03-02-03W,,19,2134,28,IDESP,5082,2016-08-08,Rodamientos Esp.Agricolas,-0.0234,101,C/Uno,Control de Calidad,,,
25876,A000400046536,2016-07-27,PEE-043-6009-2RLD,ROD.RIGIDO DE BOLAS,PEE-043-6009-2RLDA000400046536,,,C-15-03-01W,NULL,24,0,24,,,2016-07-27,Rod.Varios,9.1632,101,c/uno,Control de Calidad,,,
25876,X-000-000-000,2016-06-01,B&P-002-ECL207-35-A2,IR ECL207-35 S/RECTIFICAR,B&P-002-ECL207-35-A2X-000-000-000,OCEUG,449,X-00-00-00,,35,3000,35,IDESP,5014,2016-06-01,ARO INTERIOR,0.904,101,C/Uno,Control de Calidad,,,
25876,X-000-000-000,2016-06-01,B&P-010-LOC207-35,COLLAR DE AJUSTE 35MM,B&P-010-LOC207-35X-000-000-000,OCEUG,449,G-22-03-03,,799,3000,1927,IDESP,5014,2016-06-01,LOC,0,101,C/Uno,Control de Calidad,,,
25876,5088DJAI000228Y,2016-05-12,B&P-050-SET-10,SET-10 conos y cubetas,B&P-050-SET-105088DJAI000228Y,,,X-00-00-00,,57,0,57,,,2016-05-12,Cono y cubeta,-0.092,101,C/Uno,Control de Calidad,,,
25876,AR0661,2016-04-29,B&P-001-OR205-01,OR AUTOCENT Ø52 TERMINADO,B&P-001-OR205-01AR0661,,,E-09-06-03W,,61,3845,304,,,2016-04-29,ARO EXTERIOR,0,101,C/Uno,Control de Calidad,,,
25876,AR0661,2016-04-29,B&P-001-OR205-01,OR AUTOCENT Ø52 TERMINADO,B&P-001-OR205-01AR0661,,,X-00-00-00,,5,3845,304,,,2016-04-29,ARO EXTERIOR,0,101,C/Uno,Control de Calidad,,,
25876,AR0578,2016-03-18,B&P-047-ACL-210-50mm,Tipo FH/AEL/YET = 50x90x22/43.7,B&P-047-ACL-210-50mmAR0578,,,X-00-00-00,,11,1908,1181,,,2016-03-18,AUTOCENTRANTES,-19.1785,101,C/Uno,Control de Calidad,,,
25876,4088DJAI002720M,2016-01-13,B&P-010-LOC207-35,COLLAR DE AJUSTE 35MM,B&P-010-LOC207-354088DJAI002720M,OCEUG,368,F-09-04-01,,120,1669,1927,IDESP,4910,2016-01-13,LOC,0,101,C/Uno,Control de Calidad,,,
25876,4088DJAI002720M,2016-01-13,B&P-010-LOC207-35,COLLAR DE AJUSTE 35MM,B&P-010-LOC207-354088DJAI002720M,OCEUG,368,G-22-03-03,,23,1669,1927,IDESP,4910,2016-01-13,LOC,0,101,C/Uno,Control de Calidad,,,
25876,4088DJAI002727T,2015-12-24,B&P-004-210-RST-08,SELLOS RST,B&P-004-210-RST-084088DJAI002727T,OCEUG,375,X-00-00-00,,42,4000,133,IDESP,4893,2015-12-24,SELLOS,0,101,C/Uno,Control de Calidad,,,
25876,5088DJAI000228Y,2015-06-29,B&P-050-3T-12080,3T-12080,B&P-050-3T-120805088DJAI000228Y,OCEUG,420,H-14-03-02W,,44,760,44,IDESP,4888,2015-12-22,Cono y cubeta,0,101,C/Uno,Control de Calidad,,,
25876,AR0457,2015-10-30,B&P-041-BP-13009-5,EJE Ø23,B&P-041-BP-13009-5AR0457,,,F-16-06-02W,,5,73,20,,,2015-10-30,RODAMIENTO DE BOLAS,1.6639,101,C/Uno,Control de Calidad,,,
25876,AR0451,2015-10-23,BPB-041-BP-13007,RODILLO DE REACCION BAJO,BPB-041-BP-13007AR0451,,,H-17-02-02W,,13,50,17,,,2015-10-23,Rod. Rigidos de Bolas,402.5,101,C/Uno,Control de Calidad,,,
25876,AR0449,2015-10-23,BPB-047-ACL206-20,"Tipo FH/AEL/YET = 1""1/4x62x18/35.7",BPB-047-ACL206-20AR0449,,,X-00-00-00,,3,500,456,,,2015-10-23,Autocentrantes y Soportes,2.5713,101,C/Uno,Control de Calidad,,,
25876,AR0446,2015-10-16,BPB-041-BP-13006,RODILLO DE REACCION ALTO,BPB-041-BP-13006AR0446,,,H-17-04-02W,,7,46,14,,,2015-10-16,Rod. Rigidos de Bolas,472.5,101,C/Uno,Control de Calidad,,,
25876,A000800000996,2015-10-07,B&P-001-OR205-01,OR AUTOCENT Ø52 TERMINADO,B&P-001-OR205-01A000800000996,,,E-09-06-03W,,71,0,304,,,2015-10-07,ARO EXTERIOR,0,101,C/Uno,Control de Calidad,,,
25876,4088DJAI002725R,2015-10-06,B&P-010-LOC207-35,COLLAR DE AJUSTE 35MM,B&P-010-LOC207-354088DJAI002725R,OCEUG,383,G-22-03-03,,22,3000,1927,IDESP,4808,2015-10-06,LOC,0,101,C/Uno,Control de Calidad,,,
25876,AR0409,2015-09-18,B&P-041-F490306,"Rod. Radial C4 - Bolitas 9/16""",B&P-041-F490306AR0409,,,X-00-00-00,,24,381,98,,,2015-09-18,RODAMIENTO DE BOLAS,0.3295,101,C/Uno,Control de Calidad,,,
25876,AR0246,2015-04-10,B&P-058-30203-MX,Rod. Conico = 17x40x13.25,B&P-058-30203-MXAR0246,,,X-00-00-00,,12,3500,14,,,2015-04-10,Rodamientos de Rodillos Conicos,0,101,C/Uno,Control de Calidad,,,
25876,9017ZFE1000155G,2015-02-09,BPB-048-DTR2552-FM,Doble Hilera Rodillos Conicos = 25x52x45/40,BPB-048-DTR2552-FM9017ZFE1000155G,,,X-00-00-00,,47,0,47,,,2015-02-09,Rodamientos Esp.Agricolas,2.2971,101,C/Uno,Control de Calidad,,,
25876,AR0161,2014-12-19,BPB-041-BP-13011,RUEDA DE CARRO TROLLEY SUPERIOR,BPB-041-BP-13011AR0161,,,V-00-00-00,,4,164,4,,,2014-12-19,Rod. Rigidos de Bolas,458.5,101,C/Uno,Control de Calidad,,,
25876,3088DJAI004178U,2014-10-30,KG--042-22218CW33C3,Rod. Rodillos Cilindricos,KG--042-22218CW33C33088DJAI004178U,OCEXT,636,B-17-04-02W,,7,21,12,IDESP,4445,2014-10-30,Rod.Esfericos,0,101,C/Uno,Control de Calidad,,,
25876,3088DJAI004178U,2014-10-30,KG--042-22218CW33C3,Rod. Rodillos Cilindricos,KG--042-22218CW33C33088DJAI004178U,OCEXT,636,V-00-00-00,,5,21,12,IDESP,4445,2014-10-30,Rod.Esfericos,0,101,C/Uno,Control de Calidad,,,
25876,14088DJAI000082,2014-10-07,B&P-053-TDX218,CONO 32218,B&P-053-TDX21814088DJAI000082,,,X-00-00-00,,18,0,58,,,2014-10-07,CONO,0,101,C/Uno,Control de Calidad,,,
25876,A000100131870,2014-09-16,BPB-041-BP-13007,RODILLO DE REACCION BAJO,BPB-041-BP-13007A000100131870,,,H-17-02-02W,,1,0,17,,,2014-09-16,Rod. Rigidos de Bolas,402.5,101,C/Uno,Control de Calidad,,,
25876,4088DJAI000114H,2014-09-11,BPB-048-AG-1235-PPZ9,Esp Agric. = 14.46x53.09x18.2/29.2,BPB-048-AG-1235-PPZ94088DJAI000114H,OCEUG,122,E-13-05-03W,,45,1374,50,IDESP,4395,2014-09-11,Rodamientos Esp.Agricolas,-0.018,101,C/Uno,Control de Calidad,,,
25876,4088DJAI000114H,2014-09-11,BPB-048-AG-1235-PPZ9,Esp Agric. = 14.46x53.09x18.2/29.2,BPB-048-AG-1235-PPZ94088DJAI000114H,OCEUG,122,X-00-00-00,,5,1374,50,IDESP,4395,2014-09-11,Rodamientos Esp.Agricolas,-0.018,101,C/Uno,Control de Calidad,,,
25876,29072014,2014-07-29,B&P-048-UK-208,Tipo YSA (conico) = 40x80x21/34,B&P-048-UK-20829072014,,,H-05-03-02W,,29,0,83,,,2014-07-29,Rodamientos Esp.Agricolas,0,101,C/Uno,Control de Calidad,,,
25876,29072014,2014-07-29,B&P-048-UK-208,Tipo YSA (conico) = 40x80x21/34,B&P-048-UK-20829072014,,,X-00-00-00,,5,0,83,,,2014-07-29,Rodamientos Esp.Agricolas,0,101,C/Uno,Control de Calidad,,,
25876,AR0050,2014-06-23,B&P-053-X-32216,Rod. Conico,B&P-053-X-32216AR0050,,,X-00-00-00,,24,998,24,,,2014-06-23,CONO,0,101,C/Uno,Control de Calidad,,,
25876,3088IC06000156U,2014-01-06,B&P-054-HM-803110,Rod. Rodillos Conicos (CUBETA),B&P-054-HM-8031103088IC06000156U,OCEUG,251,X-00-00-00,,3,1386,3,IDESP,4049,2014-01-06,CUBETA,0,101,C/Uno,Control de Calidad,,,
25876,8017ZFE1000496N,2012-09-03,BPB-048-205-KRR2,Hexagonal Recto = 7/8x52x15/25.4,BPB-048-205-KRR28017ZFE1000496N,,,V-00-00-00,,19,0,27,,,2012-09-03,Rodamientos Esp.Agricolas,0.1294,101,C/Uno,Control de Calidad,,,
25876,2088IC06000139U,2012-05-17,BPB-047-UC-209-DBL,Tipo UC/YAR = 45x85x22/49.2,BPB-047-UC-209-DBL2088IC06000139U,OCEUG,70,A-17-04-01W,,5,3780,9,IDESP,3554,2012-05-17,Autocentrantes y Soportes,3.02,101,C/Uno,Control de Calidad,,,
25876,0088IC06000102X,2010-12-15,BPB-047-ECL207-35D1,Rod. Autocentrante,BPB-047-ECL207-35D10088IC06000102X,,0,I-14-03-03W,,9,16,9,InRet,1671,2012-03-12,Autocentrantes y Soportes,2.7199999999999998,101,C/Uno,Control de Calidad,,,
25876,2088IC06000036Z,2012-03-12,BPB-048-207-KRRB12,"Hexagonal Bombe = 1""1/8x72x17/25",BPB-048-207-KRRB122088IC06000036Z,OCEUG,89,V-00-00-00,,3,289,3,IDESP,3507,2012-03-12,Rodamientos Esp.Agricolas,-0.0251,101,C/Uno,Control de Calidad,,,
25876,2088IC06000036Z,2012-03-12,BPB-048-5204-KPP3,Esp Agric. = 20x47x42.6/48,BPB-048-5204-KPP32088IC06000036Z,OCEUG,85,D-03-02-03W,,4,600,28,IDESP,3507,2012-03-12,Rodamientos Esp.Agricolas,-0.0234,101,C/Uno,Control de Calidad,,,
25876,2088IC06000036Z,2012-03-12,BPB-048-5204-KPP3,Esp Agric. = 20x47x42.6/48,BPB-048-5204-KPP32088IC06000036Z,OCEUG,85,X-00-00-00,,5,600,28,IDESP,3507,2012-03-12,Rodamientos Esp.Agricolas,-0.0234,101,C/Uno,Control de Calidad,,,
25876,1088IC06000237S,2011-11-02,BPB-048-UC-5209-G-45,Doble Hilera de Bolas - bombe,BPB-048-UC-5209-G-451088IC06000237S,OCEUG,57,A-20-02-02W,,3,172,3,IDESP,3419,2011-11-02,Rodamientos Esp.Agricolas,-0.0232,101,C/Uno,Control de Calidad,,,
25876,0017IC06000328K,2010-03-03,BPB-047-SAB209-45DG,Tipo UC/YAR = 45x85x22/49.2,BPB-047-SAB209-45DG0017IC06000328K,,0,X-00-00-00,,1,290,1,InRet,1530,2011-08-24,Autocentrantes y Soportes,-0.1107,101,C/Uno,Control de Calidad,,,
25876,1088IC06000077U,2011-03-16,BPB-048-DTR2549-FM,Doble Hilera Rod Conicos = 25x49x45/40,BPB-048-DTR2549-FM1088IC06000077U,,0,V-00-00-00,,2,500,750,InRet,1478,2011-06-07,Rodamientos Esp.Agricolas,-0.0842,101,C/Uno,Control de Calidad,,,
25876,1017ZFE1000555D,2011-05-12,BPB-047-ACL206-30RG,Tipo FH/AEL/YET = 30x62x18/35.7,BPB-047-ACL206-30RG1017ZFE1000555D,OCOMI,356,B-02-01-01W,,108,1000,113,IDESP,3268,2011-05-12,Autocentrantes y Soportes,-0.0034,101,C/Uno,Control de Calidad,,,
25876,1017ZFE1000555D,2011-05-12,BPB-047-ACL206-30RG,Tipo FH/AEL/YET = 30x62x18/35.7,BPB-047-ACL206-30RG1017ZFE1000555D,OCOMI,356,X-00-00-00,,5,1000,113,IDESP,3268,2011-05-12,Autocentrantes y Soportes,-0.0034,101,C/Uno,Control de Calidad,,,
25876,1017ZFE1000553B,2011-05-09,BPB-048-5207-KRRB2,"Hexagonal Bombe = 1""1/8x72x27/37",BPB-048-5207-KRRB21017ZFE1000553B,OCOMI,330,X-00-00-00,,5,500,588,IDESP,3260,2011-05-09,Rodamientos Esp.Agricolas,0,101,C/Uno,Control de Calidad,,,
25876,1088IC06000096V,2011-03-31,BPB-054-010-DTR2047,DTR2047-FM,BPB-054-010-DTR20471088IC06000096V,OCOMI,325,X-00-00-00,,10,96,1373,IDESP,3213,2011-03-31,CUBETAS,-0.0011,101,C/Uno,Control de Calidad,,,
25876,1088IC06000096V,2011-03-31,BPB-054-010-DTR2552,DTR2552-FM,BPB-054-010-DTR25521088IC06000096V,OCOMI,327,X-00-00-00,,78,1007,78,IDESP,3213,2011-03-31,CUBETAS,0,101,C/Uno,Control de Calidad,,,
25876,0088IC06000118P,2011-01-10,BPB-053-020-DTR2552,CONO DTR2552-FM,BPB-053-020-DTR25520088IC06000118P,OCOMI,327,X-00-00-00,,888,2014,964,IDESP,3131,2011-01-10,CONO,-0.0055,101,C/Uno,Control de Calidad,,,
25876,0088IC06000112J,2010-12-23,BPB-047-ECL-212-60mm,Rod. autocentrante,BPB-047-ECL-212-60mm0088IC06000112J,,,E-05-06-03,,3,0,3,,,2010-12-23,Autocentrantes y Soportes,-0.037,101,C/Uno,Control de Calidad,,,
25876,0017IC06001193L,00:00:00,BPB-047-UC-208-DBL,Rod. Autocentrante,BPB-047-UC-208-DBL0017IC06001193L,,0,A-21-02-02W,,21,450,21,IPFAB,1395,2010-12-03,Autocentrantes y Soportes,-0.0098,101,C/Uno,Control de Calidad,,,
25876,10017ZFE1001314,2010-11-08,BPB-048-DTR3572-FM,Doble Hilera Rodillos Conicos = 35x72x70/60,BPB-048-DTR3572-FM10017ZFE1001314,,0,G-05-06-02W,,39,272,101,IPFAB,1370,2010-11-10,Rodamientos Esp.Agricolas,0.2611,101,C/Uno,Control de Calidad,,,
25876,0073IC04179587L,2010-09-29,BPB-998-DTR3572-FM,"RODAMIENTO DOBLE CONICO Øi=35, Øe=72, Bi=70, Be=60_x000D_",BPB-998-DTR3572-FM0073IC04179587L,,,G-07-04-01W,,118,0,286,,,2010-09-29,Retrabajados,0,101,C/Uno,Control de Calidad,,,
25876,8017ZFE1001288N,2009-11-05,BPB-048-DTR2549-FM,Doble Hilera Rod Conicos = 25x49x45/40,BPB-048-DTR2549-FM8017ZFE1001288N,,0,V-00-00-00,,2,200,750,InRet,1224,2010-05-20,Rodamientos Esp.Agricolas,-0.0842,101,C/Uno,Control de Calidad,,,
25876,EPFAB1184,2010-05-05,BPB-043-CB6203-1450,RODILLO Ø47.62 X 1450mm CON EXTREMO RETRACTIL,BPB-043-CB6203-1450EPFAB1184,,,X-00-00-00,,3,0,4,,,2010-05-05,Rod.Varios,7.0672,101,C/Uno,Control de Calidad,,,
25876,0017ZFE1000227V,2010-03-04,BPB-047-SC-310-2RST,Cilindrico Bombe = 50x110x27,BPB-047-SC-310-2RST0017ZFE1000227V,OCOMI,363,X-00-00-00,,7,195,125,IDESP,2763,2010-03-04,Autocentrantes y Soportes,0,101,C/Uno,Control de Calidad,,,
25876,9017ZFE1001312C,2010-01-19,BPB-041-5210,ROD. DOBLE HILERA DE BOLA,BPB-041-52109017ZFE1001312C,,,H-09-03-01W,,22,0,22,,,2010-01-19,Rod. Rigidos de Bolas,0,101,C/Uno,Control de Calidad,,,
25876,8017ZFE1000937N,2009-12-23,PEE-047-FHR-207-35MM,ROD.TIPO AEL RECTO,PEE-047-FHR-207-35MM8017ZFE1000937N,,,C-05-05-01W,NULL,14,0,21,,,2009-12-23,Autocentrantes y Soportes,9.0998,101,c/uno,Control de Calidad,,,
25876,8017ZFE1000937N,2009-12-23,PEE-047-FHR-207-35MM,ROD.TIPO AEL RECTO,PEE-047-FHR-207-35MM8017ZFE1000937N,,,X-00-00-00,NULL,7,0,21,,,2009-12-23,Autocentrantes y Soportes,9.0998,101,c/uno,Control de Calidad,,,
25876,A000100000063,2009-10-22,PEE-048-GR-210-DBSQ,ROD.DOBLE CONT.ANGUL,PEE-048-GR-210-DBSQA000100000063,,0,A-20-03-01W,NULL,18,202,18,InRet,1056,2009-11-02,Rodamientos Esp.Agricolas,5.1393,101,c/uno,Control de Calidad,,,
25876,9017ZFE1000361F,2009-04-07,BPB-027-08-DTR2047,SELLO P/RODAMIENTO DTR2047-FM,BPB-027-08-DTR20479017ZFE1000361F,OCOMI,468,X-00-00-00,,36,5623,1616,IDESP,2382,2009-04-07,Sellos,0.085,101,C/Uno,Control de Calidad,,,
25876,9017ZFE1000155G,2009-02-17,BPB-053-020-DTR2552,CONO DTR2552-FM,BPB-053-020-DTR25529017ZFE1000155G,OCOMI,327,X-00-00-00,,76,567,964,IDESP,2315,2009-02-17,CONO,-0.0055,101,C/Uno,Control de Calidad,,,
25876,8017ZFE1001524G,2008-12-31,BPB-037-B2001,Conveyor Roller Bearing,BPB-037-B20018017ZFE1001524G,OCOMI,390,X-00-00-00,,6,300,100,IDESP,2274,2008-12-31,Varios,0,101,C/Uno,Control de Calidad,,,
25876,8017ZFE1001094X,2008-09-15,BPB-040-1312,Rod. Bolas a Rotula = 60x130x31,BPB-040-13128017ZFE1001094X,OCOMI,320,V-00-00-00,,3,50,35,IDESP,2127,2008-09-15,Rod.Varios,0,101,C/Uno,Control de Calidad,,,
25876,IC04164693V,2005-12-15,PEE-031-FWD-421413-K,Automotor FWD-421413-K = 42x82x37,PEE-031-FWD-421413-KIC04164693V,,,E-06-02-02,,3,0,3,,,2005-12-15,Automotores,0,101,C/Uno,Control de Calidad,,,
25876,IC06000129M,2004-02-11,PEE-047-GR-211-35R,ROD.AUTOCE.2 3/16,PEE-047-GR-211-35RIC06000129M,,,B-20-03-02W,,4,0,5,,,2004-02-11,Autocentrantes y Soportes,0,101,C/Uno,Control de Calidad,,,
25876,.,2003-01-08,PEE-047-SER-208-24,"ROTO MAINERO 1 1/2""",PEE-047-SER-208-24.,,,X-00-00-00,NULL,36,0,61,,,2003-01-08,Autocentrantes y Soportes,0,101,c/uno,Control de Calidad,,,
25876,ZFE1000417A,2003-01-08,PEE-031-W24-5303-2RL,5303 = 17x47x24,PEE-031-W24-5303-2RLZFE1000417A,,,F-04-02-02W,NULL,126,0,126,,,2003-01-08,Automotores,0,101,c/uno,Control de Calidad,,,
25876,IC04002345D,2003-01-08,PEE-045-PFL-7-Z,Sop.de chapa Ovalado c/2 aguj,PEE-045-PFL-7-ZIC04002345D,,,A-14-05-03,NULL,187,0,187,,,2003-01-08,Soporte de Chapa,0,101,c/uno,Control de Calidad,,,
25876,AR7429,00:00:00,B&P-047-ACLR208-40RG,Tipo FHR/AELS/Lomo Recto = 40x80x22/43.7 -(sinlub),B&P-047-ACLR208-40RGAR7429,,,X-00-00-00,,9,400,1519,,,00:00:00,AUTOCENTRANTES,0.1278,101,C/Uno,Control de Calidad,,,
25876,AR7326,00:00:00,B&P-048-204-KYY7,"Esp Agric. = 5/8""x47x15.49/19.69",B&P-048-204-KYY7AR7326,,,X-00-00-00,,9,2096,396,,,00:00:00,Rodamientos Esp.Agricolas,0.0021,101,C/Uno,Control de Calidad,,,
25876,AR7336,00:00:00,B&P-048-AG-1235-PPZ9,Esp Agric. = 14.46x53.09x18.2/29.2,B&P-048-AG-1235-PPZ9AR7336,,,V-00-00-00,,1,2240,3613,,,00:00:00,Rodamientos Esp.Agricolas,0.39,101,C/Uno,Control de Calidad,,,
25876,AR0572,00:00:00,BPB-047-ACL-207-35DG,Tipo FH/AEL/YET = 35x72x19/38.9,BPB-047-ACL-207-35DGAR0572,,,C-08-06-02W,,5,1489,315,,,00:00:00,Autocentrantes y Soportes,0.4701,101,C/Uno,Control de Calidad,,,
25876,AR7146,00:00:00,BPB-047-ACL205-16RG,"Tipo FH/AEL/YET = 1""x52x15/31",BPB-047-ACL205-16RGAR7146,,,V-00-00-00,,9,2006,82,,,00:00:00,Autocentrantes y Soportes,8.954,101,C/Uno,Control de Calidad,,,
25876,AR7145,00:00:00,BPB-047-ACL205-16RR,"Tipo FH/AEL/YET = 1""x52x15/31 -(sinlub)",BPB-047-ACL205-16RRAR7145,,,D-17-04-01W,,34,540,34,,,00:00:00,Autocentrantes y Soportes,0,101,C/Uno,Control de Calidad,,,
25876,AR7170,00:00:00,BPB-047-ECL207-20MG,"Tipo HC/YEL/UEL = 1"" 1/4x72x19/51.1",BPB-047-ECL207-20MGAR7170,,,H-06-05-01W,,26,169,119,,,00:00:00,Autocentrantes y Soportes,0,101,C/Uno,Control de Calidad,,,
25876,AR7171,00:00:00,BPB-047-SAB205-16MG,RODAMIENTO AUTOCENTRANTE,BPB-047-SAB205-16MGAR7171,,,A-19-02-02W,,59,1704,1742,,,00:00:00,Autocentrantes y Soportes,0,101,C/Uno,Control de Calidad,,,
25876,AR7171,00:00:00,BPB-047-SAB205-16MG,RODAMIENTO AUTOCENTRANTE,BPB-047-SAB205-16MGAR7171,,,X-00-00-00,,3,1704,1742,,,00:00:00,Autocentrantes y Soportes,0,101,C/Uno,Control de Calidad,,,
