Elegido;1251;3;4;5;6;7;
Numero;Codigo;Juego;Juego+;Juego-;Fecha Rev. Plano; Rev.;Observaciones
1;2206;NO EXIST.;NO EXIST.;NO EXIST.;……………….;…..;
2;3214;NO EXIST.;NO EXIST.;NO EXIST.;……………….;…..;
3;3215;NO EXIST.;NO EXIST.;NO EXIST.;……………….;…..;
4;20178;NO EXIST.;NO EXIST.;NO EXIST.;……………….;…..;
5;20179;NO EXIST.;NO EXIST.;NO EXIST.;……………….;…..;
6;20180;NO EXIST.;NO EXIST.;NO EXIST.;……………….;…..;
7;51102;NO EXIST.;NO EXIST.;NO EXIST.;2016-04-14 00:00:00;0;
8;51103;NO EXIST.;NO EXIST.;NO EXIST.;2016-04-14 00:00:00;A;
9;51104;NO EXIST.;NO EXIST.;NO EXIST.;2016-04-14 00:00:00;A;
10;BPB-040-51105 - ESUN;NO EXIST.;NO EXIST.;NO EXIST.;2016-04-14 00:00:00;0;
11;51109;NO EXIST.;NO EXIST.;NO EXIST.;……………….;…..;
12;51110;NO EXIST.;NO EXIST.;NO EXIST.;2016-11-25 00:00:00;D;
13;51111;NO EXIST.;NO EXIST.;NO EXIST.;………………;……;
14;BPB-040-51112 - ESUN;NO EXIST.;NO EXIST.;NO EXIST.;2016-04-14 00:00:00;A;
15;51113;NO EXIST.;NO EXIST.;NO EXIST.;2016-08-23 00:00:00;0;
16;BPB-040-51114 - ESUN;NO EXIST.;NO EXIST.;NO EXIST.;2016-04-14 00:00:00;A;
17;51115;NO EXIST.;NO EXIST.;NO EXIST.;……………….;…..;
18;B&P-040-51116-HLBR;NO EXIST.;NO EXIST.;NO EXIST.;2023-06-13 00:00:00;A;
19;51117;NO EXIST.;NO EXIST.;NO EXIST.;……………….;…..;
20;B&P-040-51205-HLBR;NO EXIST.;NO EXIST.;NO EXIST.;2016-04-14 00:00:00;0;
21;B&P-048-51206-HLBR;NO EXIST.;NO EXIST.;NO EXIST.;2024-08-13 00:00:00;B;
22;51208;NO EXIST.;NO EXIST.;NO EXIST.;……………….;…..;
23;51210;NO EXIST.;NO EXIST.;NO EXIST.;………………;……;
24;B&P-040-51210-HLBR;NO EXIST.;NO EXIST.;NO EXIST.;2024-08-13 00:00:00;A;
25;51211;NO EXIST.;NO EXIST.;NO EXIST.;……………….;…..;
26;51214;NO EXIST.;NO EXIST.;NO EXIST.;……………….;…..;
27;51215;NO EXIST.;NO EXIST.;NO EXIST.;……………….;…..;
28;51215;NO EXIST.;NO EXIST.;NO EXIST.;……………….;…..;
29;BPB-040-51217 - ESUN;NO EXIST.;NO EXIST.;NO EXIST.;2016-07-11 00:00:00;0;
30;51310;NO EXIST.;NO EXIST.;NO EXIST.;……………….;…..;
31;BPB-040-51310-HLBR;NO EXIST.;NO EXIST.;NO EXIST.;2020-11-06 00:00:00;A;
32;51315;NO EXIST.;NO EXIST.;NO EXIST.;……………….;…..;
33;81210;NO EXIST.;NO EXIST.;NO EXIST.;2014-11-20 00:00:00;…..;
34;81212;NO EXIST.;NO EXIST.;NO EXIST.;……………….;…..;
35;5950109;NO EXIST.;NO EXIST.;NO EXIST.;……………….;…..;
36;5950702;NO EXIST.;NO EXIST.;NO EXIST.;……………….;…..;
37;003-TCX207;NO EXIST.;NO EXIST.;NO EXIST.;……………….;…..;
38;003-TDX213;NO EXIST.;NO EXIST.;NO EXIST.;2012-01-11 00:00:00;0;
39;BPB-045-PFT-4-ZM - JDCZ;NO EXIST.;NO EXIST.;NO EXIST.;2017-09-06 00:00:00;A;
40;BPB-031-12033ROLLER - XZD;NO EXIST.;NO EXIST.;NO EXIST.;2018-05-23 00:00:00;0;
41;17/64;NO EXIST.;NO EXIST.;NO EXIST.;……………….;…..;
42;204KRR11;NO EXIST.;NO EXIST.;NO EXIST.;……………….;…..;
43;205-DBL-08;NO EXIST.;NO EXIST.;NO EXIST.;2016-03-23 00:00:00;A;
44;206-DBL-08;NO EXIST.;NO EXIST.;NO EXIST.;……………….;…..;
45;207-09;NO EXIST.;NO EXIST.;NO EXIST.;2016-08-11 00:00:00;0;
46;207-DBL-08;NO EXIST.;NO EXIST.;NO EXIST.;……………….;…..;
47;BPB-041-BP-18017-01 - YS;NO EXIST.;NO EXIST.;NO EXIST.;2018-11-14 00:00:00;0;
48;209-Seal;NO EXIST.;NO EXIST.;NO EXIST.;……………….;…..;
49;21310-MBW33C;NO EXIST.;NO EXIST.;NO EXIST.;……………….;…..;
50;3T-12080;NO EXIST.;NO EXIST.;NO EXIST.;……………….;…..;
51;3TX-14123;NO EXIST.;NO EXIST.;NO EXIST.;……………….;…..;
52;3TX-14314;NO EXIST.;NO EXIST.;NO EXIST.;……………….;…..;
53;3TX-14349;NO EXIST.;NO EXIST.;NO EXIST.;……………….;…..;
54;3TY-14123;NO EXIST.;NO EXIST.;NO EXIST.;……………….;…..;
55;3TY-14314;NO EXIST.;NO EXIST.;NO EXIST.;……………….;…..;
56;3TY-14349;NO EXIST.;NO EXIST.;NO EXIST.;……………….;…..;
57;4575C25CHSA  ;NO EXIST.;NO EXIST.;NO EXIST.;……………….;…..;
58;4575C25CHSB ;NO EXIST.;NO EXIST.;NO EXIST.;2016-04-04 00:00:00;0;
59;5-12213;NO EXIST.;NO EXIST.;NO EXIST.;……………….;…..;
60;5-14.;NO EXIST.;NO EXIST.;NO EXIST.;……………….;…..;
61;5-153;NO EXIST.;NO EXIST.;NO EXIST.;……………….;…..;
62;5-160;NO EXIST.;NO EXIST.;NO EXIST.;……………….;…..;
63;5-178;NO EXIST.;NO EXIST.;NO EXIST.;……………….;…..;
64;5203KYY2-08;NO EXIST.;NO EXIST.;NO EXIST.;……………….;…..;
65;5-213;NO EXIST.;NO EXIST.;NO EXIST.;……………….;…..;
66;59502-A2;NO EXIST.;NO EXIST.;NO EXIST.;……………….;…..;
67;59502-A3;NO EXIST.;NO EXIST.;NO EXIST.;……………….;…..;
68;59502-A8;NO EXIST.;NO EXIST.;NO EXIST.;……………….;…..;
69;63001-2RLD;NO EXIST.;NO EXIST.;NO EXIST.;……………….;…..;
70;6308 RET/SET;NO EXIST.;NO EXIST.;NO EXIST.;……………….;…..;
71;6310-2RS;NO EXIST.;NO EXIST.;NO EXIST.;……………….;…..;
72;81120TN;NO EXIST.;NO EXIST.;NO EXIST.;……………….;…..;
73;81215-TN;NO EXIST.;NO EXIST.;NO EXIST.;……………….;…..;
74;AG-2565-CHS;NO EXIST.;NO EXIST.;NO EXIST.;……………….;…..;
75;AG25H1-CH;NO EXIST.;NO EXIST.;NO EXIST.;2017-09-21 00:00:00;C;
76;AG-3062-PD;NO EXIST.;NO EXIST.;NO EXIST.;……………….;…..;
77;AG-353040CHS;NO EXIST.;NO EXIST.;NO EXIST.;2014-02-25 00:00:00;A;
78;AG3565CH;NO EXIST.;NO EXIST.;NO EXIST.;……………….;…..;
79;AG-3565-CH;NO EXIST.;NO EXIST.;NO EXIST.;……………….;…..;
80;AG-4515-16;NO EXIST.;NO EXIST.;NO EXIST.;……………….;…..;
81;AG-59196DDH;NO EXIST.;NO EXIST.;NO EXIST.;……………….;…..;
82;AG59205SB;NO EXIST.;NO EXIST.;NO EXIST.;……………….;…..;
83;AG59205SBI;NO EXIST.;NO EXIST.;NO EXIST.;……………….;…..;
84;AG59394501;NO EXIST.;NO EXIST.;NO EXIST.;……………….;…..;
85;AG59394502;NO EXIST.;NO EXIST.;NO EXIST.;……………….;…..;
86;AG59505H;NO EXIST.;NO EXIST.;NO EXIST.;……………….;…..;
87;AG5950701;NO EXIST.;NO EXIST.;NO EXIST.;……………….;…..;
88;AG59512;NO EXIST.;NO EXIST.;NO EXIST.;2016-07-20 00:00:00;0;
89;BPB-033-ASA-100-1 - CHOHO;NO EXIST.;NO EXIST.;NO EXIST.;2016-04-28 00:00:00;0;
90;ASA100-1H;NO EXIST.;NO EXIST.;NO EXIST.;2016-04-28 00:00:00;0;
91;BPB-033-ASA-100-1H-CHOHO;NO EXIST.;NO EXIST.;NO EXIST.;2024-07-15 00:00:00;A;
92;ASA100-2;NO EXIST.;NO EXIST.;NO EXIST.;2016-04-28 00:00:00;0;
93;BPB-033-ASA-100-3-CHOHO;NO EXIST.;NO EXIST.;NO EXIST.;2016-04-28 00:00:00;0;
94;BPB-033-ASA160-1H-RE - CHOHO;NO EXIST.;NO EXIST.;NO EXIST.;2015-11-10 00:00:00;0;
95;BPB-033-ASA-40-1 - ESUN;NO EXIST.;NO EXIST.;NO EXIST.;2016-05-03 00:00:00;A;
96;BPB-033-ASA40-1-REEL - CHOHO;NO EXIST.;NO EXIST.;NO EXIST.;2022-09-07 00:00:00;B;
97;ASA-40-2;NO EXIST.;NO EXIST.;NO EXIST.;……………….;…..;
98;ASA-40-ERCA;NO EXIST.;NO EXIST.;NO EXIST.;2016-09-07 00:00:00;0;
99;ASA-410;NO EXIST.;NO EXIST.;NO EXIST.;2016-11-21 00:00:00;0;
100;ASA-415-H;NO EXIST.;NO EXIST.;NO EXIST.;2016-04-29 00:00:00;0;
101;BPB-033-ASA-50-1 - ESUN;NO EXIST.;NO EXIST.;NO EXIST.;2016-05-03 00:00:00;A;
102;BPB-033-ASA50-1-REEL-CHOHO;NO EXIST.;NO EXIST.;NO EXIST.;2022-09-07 00:00:00;B;
103;ASA-50-2;NO EXIST.;NO EXIST.;NO EXIST.;……………….;…..;
104;ASA-50-ERCA;NO EXIST.;NO EXIST.;NO EXIST.;2016-09-21 00:00:00;0;
105;ASA50-H-1;NO EXIST.;NO EXIST.;NO EXIST.;2015-11-10 00:00:00;0;
106;BPB-033-ASA60-1- CHOHO;NO EXIST.;NO EXIST.;NO EXIST.;2016-05-03 00:00:00;A;
107;BPB-033-ASA-60-1H - ESUN;NO EXIST.;NO EXIST.;NO EXIST.;2015-11-10 00:00:00;0;
108;BPB-033-ASA60-1H-REE - CHOHO;NO EXIST.;NO EXIST.;NO EXIST.;2022-09-07 00:00:00;A;
109;BPB-033-ASA60-1-REEL - CHOHO;NO EXIST.;NO EXIST.;NO EXIST.;2016-05-03 00:00:00;A;
110;ASA-60-2;NO EXIST.;NO EXIST.;NO EXIST.;2016-04-29 00:00:00;0;
111;ASA80-1;NO EXIST.;NO EXIST.;NO EXIST.;……………….;…..;
112;ASA-80-1;NO EXIST.;NO EXIST.;NO EXIST.;2016-05-03 00:00:00;A;
113;BPB-033-ASA-80-1H - ESUN;NO EXIST.;NO EXIST.;NO EXIST.;2016-06-02 00:00:00;A;
114;BPB-033-ASA80-1H-REE - CHOHO;NO EXIST.;NO EXIST.;NO EXIST.;2016-06-02 00:00:00;A;
115;BPB-033-ASA80-1-REE - CHOHO;NO EXIST.;NO EXIST.;NO EXIST.;2016-05-03 00:00:00;A;
116;ASA-80-2;NO EXIST.;NO EXIST.;NO EXIST.;2016-04-29 00:00:00;0;
117;BPB-133-ASA-80-2-10 - CHOHO;NO EXIST.;NO EXIST.;NO EXIST.;2016-03-10 00:00:00;0;
118;BPB-133-ASA-80-2-12 - CHOHO;NO EXIST.;NO EXIST.;NO EXIST.;2016-03-10 00:00:00;0;
119;BPB-033-ASA80-2-REEL - CHOHO;NO EXIST.;NO EXIST.;NO EXIST.;2016-04-28 00:00:00;0;
120;ATL-X000-03;NO EXIST.;NO EXIST.;NO EXIST.;2016-10-28 00:00:00;0;
121;B2001;NO EXIST.;NO EXIST.;NO EXIST.;……………….;…..;
122;B&P-035-BA-3616-ZOH - CWN;NO EXIST.;NO EXIST.;NO EXIST.;2015-11-11 00:00:00;D;
123;BBT329013;NO EXIST.;NO EXIST.;NO EXIST.;……………….;…..;
124;BH2047-02;NO EXIST.;NO EXIST.;NO EXIST.;……………….;…..;
125;BH2047-15;NO EXIST.;NO EXIST.;NO EXIST.;……………….;…..;
126;BHA-2020-ZO;NO EXIST.;NO EXIST.;NO EXIST.;……………….;…..;
127;BHA-2020-ZOH;NO EXIST.;NO EXIST.;NO EXIST.;……………….;…..;
128;BPB-048-BP-12001 - YS;NO EXIST.;NO EXIST.;NO EXIST.;2017-05-04 00:00:00;F;
129;BP-12011-01;NO EXIST.;NO EXIST.;NO EXIST.;2016-10-04 00:00:00;A;
130;BPB-048-BP-12011-01 - CMI;NO EXIST.;NO EXIST.;NO EXIST.;2016-10-04 00:00:00;A;
131;BP-12011-01-1;NO EXIST.;NO EXIST.;NO EXIST.;2016-09-19 00:00:00;0;
132;BP-12011-02;NO EXIST.;NO EXIST.;NO EXIST.;2016-09-19 00:00:00;0;
133;BP-12011-03;NO EXIST.;NO EXIST.;NO EXIST.;2016-09-19 00:00:00;0;
134;BP-12011-05;NO EXIST.;NO EXIST.;NO EXIST.;2016-09-19 00:00:00;…..;
135;BP-12011-A3;NO EXIST.;NO EXIST.;NO EXIST.;……………….;…..;
136;BPB-037-BP-12011-BD - SNTL;NO EXIST.;NO EXIST.;NO EXIST.;2019-06-27 00:00:00;B;
137;BPB-037-BP-12011-BI - SNTL;NO EXIST.;NO EXIST.;NO EXIST.;2019-06-27 00:00:00;B;
138;BP-13002;NO EXIST.;NO EXIST.;NO EXIST.;……………….;…..;
139;BP-13002-A1;NO EXIST.;NO EXIST.;NO EXIST.;……………….;…..;
140;BP-13002-A2;NO EXIST.;NO EXIST.;NO EXIST.;……………….;…..;
141;BP-13006;NO EXIST.;NO EXIST.;NO EXIST.;……………….;…..;
142;BP-13006;NO EXIST.;NO EXIST.;NO EXIST.;……………….;…..;
143;BP-13006-B1;NO EXIST.;NO EXIST.;NO EXIST.;……………….;…..;
144;BP-13006-B2;NO EXIST.;NO EXIST.;NO EXIST.;……………….;…..;
145;BP-13007;NO EXIST.;NO EXIST.;NO EXIST.;……………….;…..;
146;BP-13007;NO EXIST.;NO EXIST.;NO EXIST.;……………….;…..;
147;BP-13007-B1;NO EXIST.;NO EXIST.;NO EXIST.;……………….;…..;
148;BP-13007-B2;NO EXIST.;NO EXIST.;NO EXIST.;……………….;…..;
149;BP-13008;NO EXIST.;NO EXIST.;NO EXIST.;……………….;…..;
150;BP-13008-B1;NO EXIST.;NO EXIST.;NO EXIST.;……………….;…..;
151;BP-13008-B2;NO EXIST.;NO EXIST.;NO EXIST.;2014-10-20 00:00:00;0;
152;BP-13009;NO EXIST.;NO EXIST.;NO EXIST.;……………….;…..;
153;BP-13009-5;NO EXIST.;NO EXIST.;NO EXIST.;……………….;…..;
154;BP-13009-B1;NO EXIST.;NO EXIST.;NO EXIST.;……………….;…..;
155;BP-13009-B1;NO EXIST.;NO EXIST.;NO EXIST.;……………….;…..;
156;BP-13009-B2;NO EXIST.;NO EXIST.;NO EXIST.;……………….;…..;
157;BP-13010;NO EXIST.;NO EXIST.;NO EXIST.;……………….;…..;
158;BP-13011;NO EXIST.;NO EXIST.;NO EXIST.;……………….;…..;
159;BP-13014;NO EXIST.;NO EXIST.;NO EXIST.;2018-06-21 00:00:00;G;
160;BP-13014-A;NO EXIST.;NO EXIST.;NO EXIST.;2013-07-03 00:00:00;0;
161;BP-13019;NO EXIST.;NO EXIST.;NO EXIST.;……………….;…..;
162;BP-13020;NO EXIST.;NO EXIST.;NO EXIST.;……………….;…..;
163;BP-14002;NO EXIST.;NO EXIST.;NO EXIST.;……………….;…..;
164;BP-15009;NO EXIST.;NO EXIST.;NO EXIST.;……………….;…..;
165;BP-15009-02;NO EXIST.;NO EXIST.;NO EXIST.;2015-09-22 00:00:00;0;
166;BP-15009-BODY;NO EXIST.;NO EXIST.;NO EXIST.;2016-07-29 00:00:00;A;
167;BP-15010;NO EXIST.;NO EXIST.;NO EXIST.;……………….;…..;
168;BP-15010-BODY;NO EXIST.;NO EXIST.;NO EXIST.;2016-07-29 00:00:00;A;
169;BP-16003;NO EXIST.;NO EXIST.;NO EXIST.;2018-08-03 00:00:00;0;
170;BP-16003-09;NO EXIST.;NO EXIST.;NO EXIST.;……………….;…..;
171;BP-16006-A;NO EXIST.;NO EXIST.;NO EXIST.;……………….;…..;
172;BR-16-POSB30;NO EXIST.;NO EXIST.;NO EXIST.;……………….;…..;
173;BT305724-C3;NO EXIST.;NO EXIST.;NO EXIST.;……………….;…..;
174;BUJ353040;NO EXIST.;NO EXIST.;NO EXIST.;……………….;…..;
175;CA550-A1-CHOHO;NO EXIST.;NO EXIST.;NO EXIST.;2017-09-21 00:00:00;0;
176;CA550-A1-CL-CHOHO;NO EXIST.;NO EXIST.;NO EXIST.;2016-05-02 00:00:00;0;
177;CA550-A1-OL;NO EXIST.;NO EXIST.;NO EXIST.;2016-05-02 00:00:00;0;
178;CA550K-19SE2LP;NO EXIST.;NO EXIST.;NO EXIST.;2016-07-05 00:00:00;A;
179;BPB-033-CA550K-19SE4 - CHOHO;NO EXIST.;NO EXIST.;NO EXIST.;2016-07-05 00:00:00;A;
180;BPB-033-CA555R-QX48P - CHOHO;NO EXIST.;NO EXIST.;NO EXIST.;2016-08-25 00:00:00;0;
181;BPB-033-CA627-M40A - CHOHO;NO EXIST.;NO EXIST.;NO EXIST.;2016-08-25 00:00:00;0;
182;CA627-M40A-5;NO EXIST.;NO EXIST.;NO EXIST.;2016-09-09 00:00:00;0;
183;CA627-M40A-7;NO EXIST.;NO EXIST.;NO EXIST.;2016-09-09 00:00:00;0;
184;B&P-005-CAGE206-17 - ZJXY;NO EXIST.;NO EXIST.;NO EXIST.;2015-01-09 00:00:00;0;
185;B&P-005-CAGE207-17 - ZJXY;NO EXIST.;NO EXIST.;NO EXIST.;2016-08-10 00:00:00;C;
186;CAZ-ME9;NO EXIST.;NO EXIST.;NO EXIST.;……………….;…..;
187;BPB-033-CL-100-2 - CHOHO;NO EXIST.;NO EXIST.;NO EXIST.;2016-06-02 00:00:00;0;
188;BPB-033-CL-100-3 - CHOHO;NO EXIST.;NO EXIST.;NO EXIST.;2016-12-13 00:00:00;0;
189;CL-40-1;NO EXIST.;NO EXIST.;NO EXIST.;2016-05-03 00:00:00;0;
190;BPB-033-CL-40-2-CHOHO;NO EXIST.;NO EXIST.;NO EXIST.;2017-07-04 00:00:00;0;
191;CL-410;NO EXIST.;NO EXIST.;NO EXIST.;2017-04-13 00:00:00;0;
192;BPB-033-CL-415-H-CHOHO;NO EXIST.;NO EXIST.;NO EXIST.;2016-07-18 00:00:00;0;
193;BPB-033-CL-50-1 - CHOHO;NO EXIST.;NO EXIST.;NO EXIST.;2016-05-03 00:00:00;0;
194;CL-50-H1;NO EXIST.;NO EXIST.;NO EXIST.;2016-05-03 00:00:00;0;
195;BPB-033-CL-60-1 - CHOHO;NO EXIST.;NO EXIST.;NO EXIST.;2016-05-03 00:00:00;0;
196;BPB-033-CL-60-1H - CHOHO;NO EXIST.;NO EXIST.;NO EXIST.;2016-06-02 00:00:00;0;
197;CL-80-1;NO EXIST.;NO EXIST.;NO EXIST.;2016-05-03 00:00:00;…..;
198;BPB-033-CL-80-1-H - CHOHO;NO EXIST.;NO EXIST.;NO EXIST.;2017-06-08 00:00:00;0;
199;CORONA CENTRAL-01505-101;NO EXIST.;NO EXIST.;NO EXIST.;……………….;…..;
200;CORONA LATERAL-01505-102;NO EXIST.;NO EXIST.;NO EXIST.;……………….;…..;
201;CR-18-UU;NO EXIST.;NO EXIST.;NO EXIST.;……………….;…..;
202;BPB-047-F-209-A - LD;NO EXIST.;NO EXIST.;NO EXIST.;2022-05-04 00:00:00;C;
203;BPB-046-SABP214-70L - GXTY;NO EXIST.;NO EXIST.;NO EXIST.;2018-01-23 00:00:00;Standard GXTY;
204;BPB-046-SABFL205-25L - GXTY;NO EXIST.;NO EXIST.;NO EXIST.;2018-01-23 00:00:00;Standard GXTY;
205;BPB-046-SABFL206-30L - GXTY;NO EXIST.;NO EXIST.;NO EXIST.;2018-01-23 00:00:00;Standard GXTY;
206;BPB-046-SABFL207-35L - GXTY;NO EXIST.;NO EXIST.;NO EXIST.;2018-01-23 00:00:00;Standard GXTY;
207;BPB-046-SABF213-65L - GXTY;NO EXIST.;NO EXIST.;NO EXIST.;2018-01-23 00:00:00;Standard GXTY;
208;BPB-046-SABFB209-45L - GXTY;NO EXIST.;NO EXIST.;NO EXIST.;2018-01-23 00:00:00;Standard GXTY;
209;BPB-037-BP-18020 - BPB;NO EXIST.;NO EXIST.;NO EXIST.;2018-09-21 00:00:00;0;
210;DD-2047-SH;NO EXIST.;NO EXIST.;NO EXIST.;……………….;…..;
211;DD59205SC;NO EXIST.;NO EXIST.;NO EXIST.;2019-06-16 00:00:00;A;
212;DS2560C28;NO EXIST.;NO EXIST.;NO EXIST.;……………….;…..;
213;DTR2047-Seal;NO EXIST.;NO EXIST.;NO EXIST.;……………….;…..;
214;DTR2549-SELLO;NO EXIST.;NO EXIST.;NO EXIST.;……………….;…..;
215;DTR3062-Seal;NO EXIST.;NO EXIST.;NO EXIST.;……………….;…..;
216;DTR3572-SELLO;NO EXIST.;NO EXIST.;NO EXIST.;……………….;…..;
217;DTR4080-SELLO;NO EXIST.;NO EXIST.;NO EXIST.;……………….;…..;
218;F-203;NO EXIST.;NO EXIST.;NO EXIST.;2017-11-13 00:00:00;0;
219;F-204;NO EXIST.;NO EXIST.;NO EXIST.;……………….;…..;
220;F-204-PBT;NO EXIST.;NO EXIST.;NO EXIST.;……………….;…..;
221;F205;NO EXIST.;NO EXIST.;NO EXIST.;2013-12-09 00:00:00;A;
222;F205-L;NO EXIST.;NO EXIST.;NO EXIST.;2017-03-06 00:00:00;0;
223;F-205-PBT;NO EXIST.;NO EXIST.;NO EXIST.;……………;……;
224;F-206;NO EXIST.;NO EXIST.;NO EXIST.;2014-09-11 00:00:00;B;
225;F206-L;NO EXIST.;NO EXIST.;NO EXIST.;2017-02-16 00:00:00;0;
226;F-206-PBT;NO EXIST.;NO EXIST.;NO EXIST.;……………….;…..;
227;F-207;NO EXIST.;NO EXIST.;NO EXIST.;2013-12-09 00:00:00;A;
228;BPB-047-F-207-L - SCB;NO EXIST.;NO EXIST.;NO EXIST.;2017-03-06 00:00:00;0;
229;F-207-M;NO EXIST.;NO EXIST.;NO EXIST.;……………….;…..;
230;F-207-PBT;NO EXIST.;NO EXIST.;NO EXIST.;……………….;…..;
231;F-208;NO EXIST.;NO EXIST.;NO EXIST.;2016-07-26 00:00:00;0;
232;F208-L;NO EXIST.;NO EXIST.;NO EXIST.;2017-02-16 00:00:00;0;
233;F208-M;NO EXIST.;NO EXIST.;NO EXIST.;……………….;…..;
234;F-208-PBT;NO EXIST.;NO EXIST.;NO EXIST.;……………….;…..;
235;F-209;NO EXIST.;NO EXIST.;NO EXIST.;2014-09-12 00:00:00;A;
236;F-209-3;NO EXIST.;NO EXIST.;NO EXIST.;2017-05-08 00:00:00;0;
237;F-209-3-A;NO EXIST.;NO EXIST.;NO EXIST.;2017-04-10 00:00:00;0;
238;F209-L;NO EXIST.;NO EXIST.;NO EXIST.;2017-02-16 00:00:00;0;
239;F-209-M;NO EXIST.;NO EXIST.;NO EXIST.;……………….;…..;
240;F-210-JSJZ;NO EXIST.;NO EXIST.;NO EXIST.;2013-12-09 00:00:00;A;
241;F210-L;NO EXIST.;NO EXIST.;NO EXIST.;2017-02-16 00:00:00;0;
242;F-211;NO EXIST.;NO EXIST.;NO EXIST.;2014-10-30 00:00:00;A;
243;BPB-047-F-211-L - JSJZ;NO EXIST.;NO EXIST.;NO EXIST.;2018-02-01 00:00:00;0;
244;F-211-M;NO EXIST.;NO EXIST.;NO EXIST.;……………….;…..;
245;F212-L;NO EXIST.;NO EXIST.;NO EXIST.;2017-02-16 00:00:00;0;
246;F-213;NO EXIST.;NO EXIST.;NO EXIST.;……………….;…..;
247;F3X-206-XH;NO EXIST.;NO EXIST.;NO EXIST.;2016-08-09 00:00:00;0;
248;F3X-207-XH;NO EXIST.;NO EXIST.;NO EXIST.;2016-08-09 00:00:00;0;
249;F4903062;NO EXIST.;NO EXIST.;NO EXIST.;……………….;…..;
250;F490306-A1;NO EXIST.;NO EXIST.;NO EXIST.;……………….;…..;
251;F490306-A2;NO EXIST.;NO EXIST.;NO EXIST.;……………….;…..;
252;F4907015-08;NO EXIST.;NO EXIST.;NO EXIST.;……………….;…..;
253;F490MGL02;NO EXIST.;NO EXIST.;NO EXIST.;2016-11-03 00:00:00;A;
254;FB-204;NO EXIST.;NO EXIST.;NO EXIST.;……………….;…..;
255;FB205;NO EXIST.;NO EXIST.;NO EXIST.;……………….;…..;
256;FB207;NO EXIST.;NO EXIST.;NO EXIST.;2016-08-05 00:00:00;0;
257;FB-208;NO EXIST.;NO EXIST.;NO EXIST.;2013-12-09 00:00:00;A;
258;FB209;NO EXIST.;NO EXIST.;NO EXIST.;2012-12-04 00:00:00;0;
259;FB-211;NO EXIST.;NO EXIST.;NO EXIST.;2013-03-22 00:00:00;A;
260;FC-204;NO EXIST.;NO EXIST.;NO EXIST.;……………….;…..;
261;FC-206;NO EXIST.;NO EXIST.;NO EXIST.;2014-09-12 00:00:00;0;
262;FC-207;NO EXIST.;NO EXIST.;NO EXIST.;……………….;…..;
263;FC-208;NO EXIST.;NO EXIST.;NO EXIST.;2011-11-14 00:00:00;A;
264;BPB-047-FC-209 - MID;NO EXIST.;NO EXIST.;NO EXIST.;STANDARD MID;N/A;
265;BPB-047-FC210-JSJZ;NO EXIST.;NO EXIST.;NO EXIST.;2020-03-12 00:00:00;0;
266;FC211-L;NO EXIST.;NO EXIST.;NO EXIST.;2017-03-02 00:00:00;0;
267;FC212;NO EXIST.;NO EXIST.;NO EXIST.;……………….;…..;
268;FD-204-XH;NO EXIST.;NO EXIST.;NO EXIST.;……………….;…..;
269;FD205;NO EXIST.;NO EXIST.;NO EXIST.;2015-01-16 00:00:00;A;
270;B&P-047-FD-205 - LDK;NO EXIST.;NO EXIST.;NO EXIST.;……………….;…..;
271;FD206;NO EXIST.;NO EXIST.;NO EXIST.;……………….;…..;
272;FD-208;NO EXIST.;NO EXIST.;NO EXIST.;……………….;…..;
273;FD211-50;NO EXIST.;NO EXIST.;NO EXIST.;2017-06-05 00:00:00;0;
274;FDECL209-35;NO EXIST.;NO EXIST.;NO EXIST.;……………….;…..;
275;FDECL211-50;NO EXIST.;NO EXIST.;NO EXIST.;……………….;…..;
276;FDECL211-55;NO EXIST.;NO EXIST.;NO EXIST.;……………….;…..;
277;FFH-5209HX;NO EXIST.;NO EXIST.;NO EXIST.;……………….;…..;
278;FHR-207-SEAL;NO EXIST.;NO EXIST.;NO EXIST.;……………….;…..;
279;FHRL-205-KRR2;NO EXIST.;NO EXIST.;NO EXIST.;……………….;…..;
280;FHT-207-35FZ;NO EXIST.;NO EXIST.;NO EXIST.;……………….;…..;
281;FT203;NO EXIST.;NO EXIST.;NO EXIST.;2012-06-21 00:00:00;0;
282;FT205-H;NO EXIST.;NO EXIST.;NO EXIST.;2018-06-22 00:00:00;B;
283;FT205-KRRB2;Radial ;13;38;……………….;…..;
284;B&P-047-FT-206 - SCB;NO EXIST.;NO EXIST.;NO EXIST.;2014-10-30 00:00:00;A;
285;FT-207;NO EXIST.;NO EXIST.;NO EXIST.;……………….;…..;
286;FT208;NO EXIST.;NO EXIST.;NO EXIST.;2013-12-09 00:00:00;C;
287;FT208-M;NO EXIST.;NO EXIST.;NO EXIST.;…………….;…..;
288;FT209;NO EXIST.;NO EXIST.;NO EXIST.;2010-04-06 00:00:00;0;
289;G20-PB;NO EXIST.;NO EXIST.;NO EXIST.;……………….;…..;
290;G-20-PB;NO EXIST.;NO EXIST.;NO EXIST.;……………….;…..;
291;G-22-PB;NO EXIST.;NO EXIST.;NO EXIST.;……………….;…..;
292;G-22-PW;NO EXIST.;NO EXIST.;NO EXIST.;……………….;…..;
293;BPB-034-GE20-12UK2RS - CZBR;NO EXIST.;NO EXIST.;NO EXIST.;STANDARD CZBR;N/A;
294;GE-20-FW;NO EXIST.;NO EXIST.;NO EXIST.;……………….;…..;
295;GE-25-FW;NO EXIST.;NO EXIST.;NO EXIST.;……………….;…..;
296;GE-30-ES-2RS;NO EXIST.;NO EXIST.;NO EXIST.;2008-04-08 00:00:00;0;
297;GE-40-ES-2RS;NO EXIST.;NO EXIST.;NO EXIST.;2016-05-04 00:00:00;0;
298;GE-45;NO EXIST.;NO EXIST.;NO EXIST.;……………….;…..;
299;BPB-034-GE-50-ES-2RS - KGB;NO EXIST.;NO EXIST.;NO EXIST.;2017-08-17 00:00:00;0;
300;GE-60-ES-2RS;NO EXIST.;NO EXIST.;NO EXIST.;2016-05-04 00:00:00;0;
301;GEG20-ES-2RS;NO EXIST.;NO EXIST.;NO EXIST.;2022-09-09 00:00:00;B;
302;B&P-034-GEG20ES-2RS-KGB;NO EXIST.;NO EXIST.;NO EXIST.;2022-09-09 00:00:00;B;
303;GEZ100ES-2RS;NO EXIST.;NO EXIST.;NO EXIST.;2014-08-21 00:00:00;A;
304;GEZ-108ES-2RS;NO EXIST.;NO EXIST.;NO EXIST.;……………….;…..;
305;GR212-DBSQ;NO EXIST.;NO EXIST.;NO EXIST.;……………….;…..;
306;GR212-SQZ;NO EXIST.;NO EXIST.;NO EXIST.;……………….;…..;
307;GU-215;NO EXIST.;NO EXIST.;NO EXIST.;……………….;…..;
308;GU2565;NO EXIST.;NO EXIST.;NO EXIST.;……………….;…..;
309;BPB-055-GU-2565 - XINXIN;NO EXIST.;NO EXIST.;NO EXIST.;2016-05-10 00:00:00;0;
310;BPB-055-GU-353040 - XINXIN;NO EXIST.;NO EXIST.;NO EXIST.;2016-05-10 00:00:00;0;
311;H-207;NO EXIST.;NO EXIST.;NO EXIST.;……………….;…..;
312;H-208;NO EXIST.;NO EXIST.;NO EXIST.;……………….;…..;
313;H209;NO EXIST.;NO EXIST.;NO EXIST.;……………….;…..;
314;H-210;NO EXIST.;NO EXIST.;NO EXIST.;……………….;…..;
315;H-212;NO EXIST.;NO EXIST.;NO EXIST.;……………….;…..;
316;H-213;NO EXIST.;NO EXIST.;NO EXIST.;……………….;…..;
317;H-215;NO EXIST.;NO EXIST.;NO EXIST.;……………….;…..;
318;H-218;NO EXIST.;NO EXIST.;NO EXIST.;……………….;…..;
319;H-2306;NO EXIST.;NO EXIST.;NO EXIST.;……………….;…..;
320;H-2307;NO EXIST.;NO EXIST.;NO EXIST.;……………….;…..;
321;B&P-051-H-2308-HLBR;NO EXIST.;NO EXIST.;NO EXIST.;2021-06-22 00:00:00;0;
322;H-2309;NO EXIST.;NO EXIST.;NO EXIST.;……………….;…..;
323;H-2309;NO EXIST.;NO EXIST.;NO EXIST.;……………….;…..;
324;H-2311;NO EXIST.;NO EXIST.;NO EXIST.;……………….;…..;
325;H-2312;NO EXIST.;NO EXIST.;NO EXIST.;……………….;…..;
326;H-2313;NO EXIST.;NO EXIST.;NO EXIST.;……………….;…..;
327;H-2314;NO EXIST.;NO EXIST.;NO EXIST.;……………….;…..;
328;H-2315;NO EXIST.;NO EXIST.;NO EXIST.;……………….;…..;
329;H-2316;NO EXIST.;NO EXIST.;NO EXIST.;……………….;…..;
330;H-2317;NO EXIST.;NO EXIST.;NO EXIST.;……………….;…..;
331;H-2318;NO EXIST.;NO EXIST.;NO EXIST.;……………….;…..;
332;H-305;NO EXIST.;NO EXIST.;NO EXIST.;……………….;…..;
333;H-306;NO EXIST.;NO EXIST.;NO EXIST.;……………….;…..;
334;H-307;NO EXIST.;NO EXIST.;NO EXIST.;……………….;…..;
335;H-308;NO EXIST.;NO EXIST.;NO EXIST.;……………….;…..;
336;H-309;NO EXIST.;NO EXIST.;NO EXIST.;……………….;…..;
337;H-310;NO EXIST.;NO EXIST.;NO EXIST.;……………….;…..;
338;H-311;NO EXIST.;NO EXIST.;NO EXIST.;……………….;…..;
339;H-312;NO EXIST.;NO EXIST.;NO EXIST.;……………….;…..;
340;H-314;NO EXIST.;NO EXIST.;NO EXIST.;……………….;…..;
341;H-316;NO EXIST.;NO EXIST.;NO EXIST.;……………….;…..;
342;H-318;NO EXIST.;NO EXIST.;NO EXIST.;……………….;…..;
343;HA204;NO EXIST.;NO EXIST.;NO EXIST.;……………….;…..;
344;HA-205;NO EXIST.;NO EXIST.;NO EXIST.;……………….;…..;
345;HA-206;NO EXIST.;NO EXIST.;NO EXIST.;……………….;…..;
346;HA207;NO EXIST.;NO EXIST.;NO EXIST.;……………….;…..;
347;HA-208;NO EXIST.;NO EXIST.;NO EXIST.;2015-01-16 00:00:00;A;
348;HA-209;NO EXIST.;NO EXIST.;NO EXIST.;2017-12-13 00:00:00;A;
349;HA-210;NO EXIST.;NO EXIST.;NO EXIST.;2009-05-18 00:00:00;0;
350;HA-212;NO EXIST.;NO EXIST.;NO EXIST.;2017-12-13 00:00:00;A;
351;HA-215;NO EXIST.;NO EXIST.;NO EXIST.;2017-02-23 00:00:00;0;
352;HCFS211-32;NO EXIST.;NO EXIST.;NO EXIST.;……………….;…..;
353;HK-2526;NO EXIST.;NO EXIST.;NO EXIST.;……………….;…..;
354;B&P-048-J91-B - CMI;Axial;200;150;2022-05-16 00:00:00;F;
355;J91-B-SEAL;NO EXIST.;NO EXIST.;NO EXIST.;……………….;…..;
356;B&P-048-J91-C - CMI;Axial;250;150;2022-05-17 00:00:00;C;
357;J91-R;Axial;NO EXIST.;NO EXIST.;……………….;…..;
358;KM-08;NO EXIST.;NO EXIST.;NO EXIST.;2017-07-26 00:00:00;0;
359;KY2813;NO EXIST.;NO EXIST.;NO EXIST.;2015-10-16 00:00:00;0;
360;KY3020ABS;NO EXIST.;NO EXIST.;NO EXIST.;2015-10-16 00:00:00;0;
361;KY3031ABS;NO EXIST.;NO EXIST.;NO EXIST.;2015-10-16 00:00:00;0;
362;KY3057;NO EXIST.;NO EXIST.;NO EXIST.;2015-10-16 00:00:00;0;
363;KY3057;NO EXIST.;NO EXIST.;NO EXIST.;……………….;…..;
364;KY3116ABS;NO EXIST.;NO EXIST.;NO EXIST.;2015-11-16 00:00:00;0;
365;LF-203;NO EXIST.;NO EXIST.;NO EXIST.;2016-03-23 00:00:00;A;
366;LF-204;NO EXIST.;NO EXIST.;NO EXIST.;……………….;…..;
367;LF-205;NO EXIST.;NO EXIST.;NO EXIST.;2013-12-09 00:00:00;A;
368;LF-206;NO EXIST.;NO EXIST.;NO EXIST.;……………….;…..;
369;LOC205-14;NO EXIST.;NO EXIST.;NO EXIST.;2015-01-05 00:00:00;0;
370;LOC205-16;NO EXIST.;NO EXIST.;NO EXIST.;2015-01-05 00:00:00;0;
371;B&P-010-LOC205-25-ZJXY;NO EXIST.;NO EXIST.;NO EXIST.;2015-01-05 00:00:00;0;
372;LOC206-18;NO EXIST.;NO EXIST.;NO EXIST.;2016-10-07 00:00:00;0;
373;LOC206-19;NO EXIST.;NO EXIST.;NO EXIST.;……………….;…..;
374;LOC206-20;NO EXIST.;NO EXIST.;NO EXIST.;……………….;…..;
375;LOC206-30;NO EXIST.;NO EXIST.;NO EXIST.;……………….;…..;
376;LOC207-22;NO EXIST.;NO EXIST.;NO EXIST.;2015-01-05 00:00:00;0;
377;LOC207-23;NO EXIST.;NO EXIST.;NO EXIST.;……………….;…..;
378;LOC207-35;NO EXIST.;NO EXIST.;NO EXIST.;2016-11-15 00:00:00;A;
379;LOC208-40;NO EXIST.;NO EXIST.;NO EXIST.;2016-11-15 00:00:00;A;
380;LOC209-27;NO EXIST.;NO EXIST.;NO EXIST.;……………….;…..;
381;LOC209-45;NO EXIST.;NO EXIST.;NO EXIST.;2016-05-23 00:00:00;0;
382;B&P-010-LOC210-50 - CZWJ;NO EXIST.;NO EXIST.;NO EXIST.;2017-11-06 00:00:00;0;
383;LOC211-35;NO EXIST.;NO EXIST.;NO EXIST.;……………….;…..;
384;LOC212-60;NO EXIST.;NO EXIST.;NO EXIST.;……………….;…..;
385;LS06-2RST-08;NO EXIST.;NO EXIST.;NO EXIST.;……………….;…..;
386;MB-08;NO EXIST.;NO EXIST.;NO EXIST.;2018-01-11 00:00:00;0;
387;MS03-2RST-08;NO EXIST.;NO EXIST.;NO EXIST.;……………….;…..;
388;MS04-2RST-08;NO EXIST.;NO EXIST.;NO EXIST.;2010-01-07 00:00:00;0;
389;MS05-2RST-08;NO EXIST.;NO EXIST.;NO EXIST.;……………….;…..;
390;MS05-2RST-08;NO EXIST.;NO EXIST.;NO EXIST.;……………….;…..;
391;MS06-2RST-08;NO EXIST.;NO EXIST.;NO EXIST.;……………….;…..;
392;MS07-2RLD-08;NO EXIST.;NO EXIST.;NO EXIST.;……………….;…..;
393;NFS-30;NO EXIST.;NO EXIST.;NO EXIST.;……………….;…..;
394;NJ-208;NO EXIST.;NO EXIST.;NO EXIST.;……………….;…..;
395;NJ2209ECP-C3;NO EXIST.;NO EXIST.;NO EXIST.;……………….;…..;
396;NK-2216;NO EXIST.;NO EXIST.;NO EXIST.;……………….;…..;
397;NK-2416;NO EXIST.;NO EXIST.;NO EXIST.;……………….;…..;
398;NK-4230;NO EXIST.;NO EXIST.;NO EXIST.;……………….;…..;
399;NTA-V30-PPX;NO EXIST.;NO EXIST.;NO EXIST.;2016-07-13 00:00:00;0;
400;BPB-002-NTB1613-A2;NO EXIST.;NO EXIST.;NO EXIST.;2018-10-04 00:00:00;0;
401;NTR2050-BJL;NO EXIST.;NO EXIST.;NO EXIST.;……………….;…..;
402;NTR2050-BJR;NO EXIST.;NO EXIST.;NO EXIST.;……………….;…..;
403;NTR2050-BRG;NO EXIST.;NO EXIST.;NO EXIST.;……………….;…..;
404;NTR2050-WHR;NO EXIST.;NO EXIST.;NO EXIST.;……………….;…..;
405;NUP-203-EM;NO EXIST.;NO EXIST.;NO EXIST.;……………….;…..;
406;OIL-376590-A;NO EXIST.;NO EXIST.;NO EXIST.;……………….;…..;
407;OL-100-1H;NO EXIST.;NO EXIST.;NO EXIST.;2016-05-03 00:00:00;0;
408;OL-100-2;NO EXIST.;NO EXIST.;NO EXIST.;2016-05-03 00:00:00;0;
409;OL-100-3;NO EXIST.;NO EXIST.;NO EXIST.;2017-05-16 00:00:00;0;
410;OL-40-1;NO EXIST.;NO EXIST.;NO EXIST.;2016-05-03 00:00:00;0;
411;OL-410;NO EXIST.;NO EXIST.;NO EXIST.;2017-04-13 00:00:00;0;
412;BPB-033-OL-415-H- CHOHO;NO EXIST.;NO EXIST.;NO EXIST.;2024-07-16 00:00:00;A;
413;B&P-033-OL-50-1 - CHOHO;NO EXIST.;NO EXIST.;NO EXIST.;2016-05-02 00:00:00;0;
414;OL-50-H1;NO EXIST.;NO EXIST.;NO EXIST.;……………….;…..;
415;OL-60-1;NO EXIST.;NO EXIST.;NO EXIST.;2016-05-02 00:00:00;0;
416;BPB-033-OL-60-1H - CHOHO;NO EXIST.;NO EXIST.;NO EXIST.;2016-06-02 00:00:00;0;
417;BPB-033-OL-80-1-CHOHO;NO EXIST.;NO EXIST.;NO EXIST.;2016-05-03 00:00:00;0;
418;BPB-033-OL-80-1-H - CHOHO;NO EXIST.;NO EXIST.;NO EXIST.;2016-05-02 00:00:00;0;
419;BPB-OL-80-2-CHOHO;NO EXIST.;NO EXIST.;NO EXIST.;2016-05-03 00:00:00;0;
420;P-204;NO EXIST.;NO EXIST.;NO EXIST.;……………….;…..;
421;P-204-PBT;NO EXIST.;NO EXIST.;NO EXIST.;……………….;…..;
422;P205-L;NO EXIST.;NO EXIST.;NO EXIST.;2017-03-06 00:00:00;0;
423;P-205-PBT;NO EXIST.;NO EXIST.;NO EXIST.;……………….;…..;
424;P206-L;NO EXIST.;NO EXIST.;NO EXIST.;2017-02-21 00:00:00;0;
425;P-206-PBT;NO EXIST.;NO EXIST.;NO EXIST.;……………….;…..;
426;P207-L;NO EXIST.;NO EXIST.;NO EXIST.;2017-03-02 00:00:00;0;
427;P-207-PBT;NO EXIST.;NO EXIST.;NO EXIST.;……………….;…..;
428;P208-L;NO EXIST.;NO EXIST.;NO EXIST.;2017-03-07 00:00:00;0;
429;P-208-PBT;NO EXIST.;NO EXIST.;NO EXIST.;……………….;…..;
430;P210-L;NO EXIST.;NO EXIST.;NO EXIST.;2017-03-06 00:00:00;0;
431;P211-L;NO EXIST.;NO EXIST.;NO EXIST.;2017-03-06 00:00:00;0;
432;P212-L;NO EXIST.;NO EXIST.;NO EXIST.;2017-03-06 00:00:00;0;
433;P214;NO EXIST.;NO EXIST.;NO EXIST.;2008-12-15 00:00:00;A;
434;PA205;NO EXIST.;NO EXIST.;NO EXIST.;……………….;…..;
435;PA-207;NO EXIST.;NO EXIST.;NO EXIST.;2011-08-15 00:00:00;0;
436;PA209;NO EXIST.;NO EXIST.;NO EXIST.;2010-09-01 00:00:00;0;
437;B&P-047-PE-204-LD;NO EXIST.;NO EXIST.;NO EXIST.;2022-01-05 00:00:00;0;
438;PE-205;NO EXIST.;NO EXIST.;NO EXIST.;……………….;…..;
439;PE-206;NO EXIST.;NO EXIST.;NO EXIST.;2010-02-12 00:00:00;0;
440;BPB-047-PE-207 - JSJZ;NO EXIST.;NO EXIST.;NO EXIST.;2020-03-12 00:00:00;0;
441;PE-208;NO EXIST.;NO EXIST.;NO EXIST.;……………….;…..;
442;PE-208-M;NO EXIST.;NO EXIST.;NO EXIST.;……………….;…..;
443;BPB-047-P-209-L - JSJZ;NO EXIST.;NO EXIST.;NO EXIST.;2020-03-12 00:00:00;0;
444;BPB-047-PE-210 - JSJZ;NO EXIST.;NO EXIST.;NO EXIST.;2018-02-01 00:00:00;0;
445;PE-210;NO EXIST.;NO EXIST.;NO EXIST.;……………….;…..;
446;PE-211;NO EXIST.;NO EXIST.;NO EXIST.;2014-10-30 00:00:00;A;
447;PE-211-M;NO EXIST.;NO EXIST.;NO EXIST.;……………….;…..;
448;PE-212;NO EXIST.;NO EXIST.;NO EXIST.;……………….;…..;
449;PE-213;NO EXIST.;NO EXIST.;NO EXIST.;……………….;…..;
450;PE-214;NO EXIST.;NO EXIST.;NO EXIST.;2015-12-15 00:00:00;0;
451;PE-218;NO EXIST.;NO EXIST.;NO EXIST.;……………….;…..;
452;PF-3;NO EXIST.;NO EXIST.;NO EXIST.;……………….;…..;
453;PF-4-Z;NO EXIST.;NO EXIST.;NO EXIST.;2016-05-27 00:00:00;B;
454;B&P-045-PF-5-Z - CZCY;NO EXIST.;NO EXIST.;NO EXIST.;2022-05-19 00:00:00;E;
455;BPB-045-PF-5-ZM;NO EXIST.;NO EXIST.;NO EXIST.;2022-05-19 00:00:00;E;
456;PF-6-Z;NO EXIST.;NO EXIST.;NO EXIST.;2014-08-08 00:00:00;A;
457;PF-6-ZM;NO EXIST.;NO EXIST.;NO EXIST.;……………….;…..;
458;B&P-045-PF-7-Z - CZCY;NO EXIST.;NO EXIST.;NO EXIST.;2023-10-09 00:00:00;H;
459;PF-7-ZM;NO EXIST.;NO EXIST.;NO EXIST.;2022-01-17 00:00:00;G;
460;PFF-10;NO EXIST.;NO EXIST.;NO EXIST.;2016-05-27 00:00:00;0;
461;PFF-11-Z;NO EXIST.;NO EXIST.;NO EXIST.;2017-07-26 00:00:00;A;
462;PFF-6-Z;NO EXIST.;NO EXIST.;NO EXIST.;……………….;…..;
463;PFF-8-Z;NO EXIST.;NO EXIST.;NO EXIST.;……………….;…..;
464;PFF-9-Z;NO EXIST.;NO EXIST.;NO EXIST.;2017-06-28 00:00:00;D;
465;PFL-204-KRR6;NO EXIST.;NO EXIST.;NO EXIST.;……………….;…..;
466;B&P-045-PFL-4-Z - CZCY;NO EXIST.;NO EXIST.;NO EXIST.;2015-01-05 00:00:00;B;
467;BPB-045-PFL-5-Z - JDCZ;NO EXIST.;NO EXIST.;NO EXIST.;2017-09-06 00:00:00;D;
468;PFL-6-Z;NO EXIST.;NO EXIST.;NO EXIST.;2016-07-22 00:00:00;B;
469;PFS-6-Z;NO EXIST.;NO EXIST.;NO EXIST.;……………….;…..;
470;BPB-045-PFT-5-ZM - JDCZ;NO EXIST.;NO EXIST.;NO EXIST.;2017-09-06 00:00:00;C;
471;B&P-045-PFT-6-Z - JDCZ;NO EXIST.;NO EXIST.;NO EXIST.;2017-09-06 00:00:00;C;
472;PFT-7-Z;NO EXIST.;NO EXIST.;NO EXIST.;2017-07-26 00:00:00;A;
473;PFX-7Z;NO EXIST.;NO EXIST.;NO EXIST.;……………….;…..;
474;BPB-034-PHS-10-DER. - KGB;NO EXIST.;NO EXIST.;NO EXIST.;2019-08-01 00:00:00;0;
475;PHS-10-IZQ;NO EXIST.;NO EXIST.;NO EXIST.;……………….;…..;
476;BPB-034-PHS-12-DER. - KGB;NO EXIST.;NO EXIST.;NO EXIST.;2016-07-20 00:00:00;0;
477;BPB-034-PHS-12-IZQ. - KGB;NO EXIST.;NO EXIST.;NO EXIST.;2016-07-20 00:00:00;0;
478;B&P-034-PHS-14-DER-KGB;NO EXIST.;NO EXIST.;NO EXIST.;2024-03-20 00:00:00;A;
479;PHS-14-IZQ;NO EXIST.;NO EXIST.;NO EXIST.;……………….;…..;
480;B&P-034-PHS-16-DER-KGB;NO EXIST.;NO EXIST.;NO EXIST.;2024-03-20 00:00:00;A;
481;PHS-16-IZQ;NO EXIST.;NO EXIST.;NO EXIST.;……………….;…..;
482;B&P-034-PHS-18-DER-KGB;NO EXIST.;NO EXIST.;NO EXIST.;2024-03-20 00:00:00;C;
483;PHS-18-IZQ;NO EXIST.;NO EXIST.;NO EXIST.;……………….;…..;
484;BPB-034-PHS-20-DER. - KGB;NO EXIST.;NO EXIST.;NO EXIST.;2016-07-20 00:00:00;0;
485;BPB-034-PHS-20-IZQ. - KGB;NO EXIST.;NO EXIST.;NO EXIST.;2016-07-20 00:00:00;0;
486;PHS-22-DER;NO EXIST.;NO EXIST.;NO EXIST.;……………….;…..;
487;PHS-22-IZQ;NO EXIST.;NO EXIST.;NO EXIST.;……………….;…..;
488;B&P-034-PHS-25-DER-KGB;NO EXIST.;NO EXIST.;NO EXIST.;2024-03-20 00:00:00;B;
489;PHS-25-IZQ;NO EXIST.;NO EXIST.;NO EXIST.;……………….;…..;
490;B&P-034-PHS-5-DER-KGB;NO EXIST.;NO EXIST.;NO EXIST.;2024-03-20 00:00:00;A;
491;PHS-5-IZQ;NO EXIST.;NO EXIST.;NO EXIST.;……………….;…..;
492;PHS-6-DER;NO EXIST.;NO EXIST.;NO EXIST.;2016-05-04 00:00:00;0;
493;BPB-034-PHS-6-IZQ.  - KGB;NO EXIST.;NO EXIST.;NO EXIST.;2016-07-20 00:00:00;0;
494;BPB-034-PHS-8-DER. - KGB;NO EXIST.;NO EXIST.;NO EXIST.;2016-07-20 00:00:00;0;
495;PHS-8-IZQ;NO EXIST.;NO EXIST.;NO EXIST.;……………….;…..;
496;PHSB-6-DER;NO EXIST.;NO EXIST.;NO EXIST.;2016-05-06 00:00:00;0;
497;BPB-034-PHSB-8-DER. - KGB;NO EXIST.;NO EXIST.;NO EXIST.;2016-07-20 00:00:00;0;
498;PIÑON-01511-113;NO EXIST.;NO EXIST.;NO EXIST.;……………….;…..;
499;PIÑON1-01511-122;NO EXIST.;NO EXIST.;NO EXIST.;……………….;…..;
500;PIÑON2-01511-122;NO EXIST.;NO EXIST.;NO EXIST.;……………….;…..;
501;BPB-034-POS-10-DER. - KGB;NO EXIST.;NO EXIST.;NO EXIST.;2017-08-17 00:00:00;0;
502;BPB-034-POS-10-IZQ. - KGB;NO EXIST.;NO EXIST.;NO EXIST.;2017-08-17 00:00:00;0;
503;BPB-034-POS-12-DER. - KGB;NO EXIST.;NO EXIST.;NO EXIST.;2017-08-17 00:00:00;0;
504;B&P-034-POS-12-IZQ. - KGB;NO EXIST.;NO EXIST.;NO EXIST.;2017-08-17 00:00:00;0;
505;BPB-034-POS-14-DER. - KGB;NO EXIST.;NO EXIST.;NO EXIST.;2017-08-17 00:00:00;0;
506;BPB-034-POS-14-IZQ. - KGB;NO EXIST.;NO EXIST.;NO EXIST.;2017-08-17 00:00:00;0;
507;BPB-034-POS-16-DER. - KGB;NO EXIST.;NO EXIST.;NO EXIST.;2017-08-17 00:00:00;0;
508;BPB-034-POS-16-IZQ. - KGB;NO EXIST.;NO EXIST.;NO EXIST.;2017-08-17 00:00:00;0;
509;B&P-034-POS-18-DER. - KGB;NO EXIST.;NO EXIST.;NO EXIST.;2022-08-10 00:00:00;0;
510;POS-18-IZQ;NO EXIST.;NO EXIST.;NO EXIST.;……………….;…..;
511;B&P-034-POS-20-DER-KGB;NO EXIST.;NO EXIST.;NO EXIST.;2024-03-20 00:00:00;A;
512;B&P-034-POS-20-IZQ-KGB;NO EXIST.;NO EXIST.;NO EXIST.;2024-03-20 00:00:00;A;
513;BPB-034-POS-22-DER. - KGB;NO EXIST.;NO EXIST.;NO EXIST.;2017-08-17 00:00:00;0;
514;POS-22-IZQ;NO EXIST.;NO EXIST.;NO EXIST.;……………….;…..;
515;BPB-034-POS-25-DER. - KGB;NO EXIST.;NO EXIST.;NO EXIST.;2019-08-01 00:00:00;0;
516;POS-25-IZQ;NO EXIST.;NO EXIST.;NO EXIST.;……………….;…..;
517;POS-5-DER;NO EXIST.;NO EXIST.;NO EXIST.;……………….;…..;
518;POS-5-IZQ;NO EXIST.;NO EXIST.;NO EXIST.;……………….;…..;
519;POS-6-DER;NO EXIST.;NO EXIST.;NO EXIST.;;;
520;POS-6-IZQ;NO EXIST.;NO EXIST.;NO EXIST.;……………….;…..;
521;POS-8-DER;NO EXIST.;NO EXIST.;NO EXIST.;……………….;…..;
522;POS-8-IZQ;NO EXIST.;NO EXIST.;NO EXIST.;……………….;…..;
523;POSB 30-12DB-D;NO EXIST.;NO EXIST.;NO EXIST.;……………….;…..;
524;B&P-034-POSB-10-DER-KGB;NO EXIST.;NO EXIST.;NO EXIST.;2024-03-20 00:00:00;C;
525;POSB-10-IZQ;NO EXIST.;NO EXIST.;NO EXIST.;……………….;…..;
526;POSB-12-DER;NO EXIST.;NO EXIST.;NO EXIST.;……………….;…..;
527;POSB-12-IZQ;NO EXIST.;NO EXIST.;NO EXIST.;……………….;…..;
528;POSB-16-DER;NO EXIST.;NO EXIST.;NO EXIST.;……………….;…..;
529;POSB-16-IZQ;NO EXIST.;NO EXIST.;NO EXIST.;……………….;…..;
530;POSB-4-DER;NO EXIST.;NO EXIST.;NO EXIST.;……………….;…..;
531;POSB-4-IZQ;NO EXIST.;NO EXIST.;NO EXIST.;……………….;…..;
532;POSB-5-DER;NO EXIST.;NO EXIST.;NO EXIST.;……………….;…..;
533;POSB-5-IZQ;NO EXIST.;NO EXIST.;NO EXIST.;……………….;…..;
534;BPB-034-POSB-6-DER. - KGB;NO EXIST.;NO EXIST.;NO EXIST.;2016-09-21 00:00:00;0;
535;B&P-034-POSB-6-IZQ. - KGB;NO EXIST.;NO EXIST.;NO EXIST.;2024-03-20 00:00:00;A;
536;BPB-034-POSB-7-DER. - KGB;NO EXIST.;NO EXIST.;NO EXIST.;2017-08-17 00:00:00;0;
537;BPB-034-POSB-7-IZQ. - KGB;NO EXIST.;NO EXIST.;NO EXIST.;2017-08-17 00:00:00;0;
538;POSB-8-DER;NO EXIST.;NO EXIST.;NO EXIST.;……………….;…..;
539;POSB-8-IZQ;NO EXIST.;NO EXIST.;NO EXIST.;……………….;…..;
540;PP-4-Z;NO EXIST.;NO EXIST.;NO EXIST.;2016-07-22 00:00:00;0;
541;PP5-Z;NO EXIST.;NO EXIST.;NO EXIST.;……………….;…..;
542;PP-7-Z;NO EXIST.;NO EXIST.;NO EXIST.;……………….;…..;
543;PRISI-3/8x24x3/8;NO EXIST.;NO EXIST.;NO EXIST.;……………….;…..;
544;PRISI-6x1x6;NO EXIST.;NO EXIST.;NO EXIST.;……………….;…..;
545;PRISI-6x1x8;NO EXIST.;NO EXIST.;NO EXIST.;……………….;…..;
546;B&P-037-PRISI-8x1x8-ZJXY;NO EXIST.;NO EXIST.;NO EXIST.;……………….;…..;
547;PSB-205;NO EXIST.;NO EXIST.;NO EXIST.;……………….;…..;
548;PSB-206;NO EXIST.;NO EXIST.;NO EXIST.;……………….;…..;
549;PSB-208;NO EXIST.;NO EXIST.;NO EXIST.;……………….;…..;
550;PSB-209;NO EXIST.;NO EXIST.;NO EXIST.;……………….;…..;
551;RET/SET-LS05;NO EXIST.;NO EXIST.;NO EXIST.;……………….;…..;
552;RET/SET-LS06;NO EXIST.;NO EXIST.;NO EXIST.;……………….;…..;
553;RET/SET-MS03;NO EXIST.;NO EXIST.;NO EXIST.;……………….;…..;
554;RET/SET-MS04;NO EXIST.;NO EXIST.;NO EXIST.;2013-07-17 00:00:00;0;
555;RET/SET-MS05;NO EXIST.;NO EXIST.;NO EXIST.;……………….;…..;
556;RET/TCX205;NO EXIST.;NO EXIST.;NO EXIST.;……………….;…..;
557;RET/TCX207;NO EXIST.;NO EXIST.;NO EXIST.;……………….;…..;
558;RNB 1/4 X 5/8;NO EXIST.;NO EXIST.;NO EXIST.;……………….;…..;
559;RNB6.35x12.7;NO EXIST.;NO EXIST.;NO EXIST.;……………….;…..;
560;RNB6.35x15.875;NO EXIST.;NO EXIST.;NO EXIST.;……………….;…..;
561;BPB-037-RNB6X16 - HZDQ;NO EXIST.;NO EXIST.;NO EXIST.;2017-10-13 00:00:00;0;
562;ROD-END;NO EXIST.;NO EXIST.;NO EXIST.;……………….;…..;
563;RS-6018-SEAL;NO EXIST.;NO EXIST.;NO EXIST.;……………….;…..;
564;SA20T/K-RD;NO EXIST.;NO EXIST.;NO EXIST.;……………….;…..;
565;SA20T/K-RI;NO EXIST.;NO EXIST.;NO EXIST.;……………….;…..;
566;SABF-206-30RG;NO EXIST.;NO EXIST.;NO EXIST.;……………….;…..;
567;SABF-213-65MM;NO EXIST.;NO EXIST.;NO EXIST.;2017-05-05 00:00:00;0;
568;SABP208;NO EXIST.;NO EXIST.;NO EXIST.;……………….;…..;
569;SABP210;NO EXIST.;NO EXIST.;NO EXIST.;……………….;…..;
570;SABP214;NO EXIST.;NO EXIST.;NO EXIST.;……………….;…..;
571;SBX6209-2RSK;NO EXIST.;NO EXIST.;NO EXIST.;……………….;…..;
572;SEA6204RSTDL;NO EXIST.;NO EXIST.;NO EXIST.;……………….;…..;
573;Seal 5204KPP3;NO EXIST.;NO EXIST.;NO EXIST.;……………….;…..;
574;SEAL -RST-6203;NO EXIST.;NO EXIST.;NO EXIST.;……………….;…..;
575;SEAL203KRR3;NO EXIST.;NO EXIST.;NO EXIST.;……………….;…..;
576;SEAL204-DBL;NO EXIST.;NO EXIST.;NO EXIST.;……………….;…..;
577;SEAL204-DBL;NO EXIST.;NO EXIST.;NO EXIST.;……………….;…..;
578;SEAL204JY3SL ;NO EXIST.;NO EXIST.;NO EXIST.;……………….;…..;
579;Seal-206-DBL;NO EXIST.;NO EXIST.;NO EXIST.;……………….;…..;
580;SEAL-206-KRRR6;NO EXIST.;NO EXIST.;NO EXIST.;……………….;…..;
581;Seal-206-R1;NO EXIST.;NO EXIST.;NO EXIST.;……………….;…..;
582;SEAL207-DBL;NO EXIST.;NO EXIST.;NO EXIST.;……………….;…..;
583;SEAL208-DBL;NO EXIST.;NO EXIST.;NO EXIST.;……………….;…..;
584;SEAL-211-DBL-08;NO EXIST.;NO EXIST.;NO EXIST.;……………….;…..;
585;SEAL-307DBL;NO EXIST.;NO EXIST.;NO EXIST.;……………….;…..;
586;SEAL-314;NO EXIST.;NO EXIST.;NO EXIST.;……………….;…..;
587;SEAL-5203;NO EXIST.;NO EXIST.;NO EXIST.;……………….;…..;
588;Seal-5206-RST;NO EXIST.;NO EXIST.;NO EXIST.;……………….;…..;
589;SEAL-5209KRRB2;NO EXIST.;NO EXIST.;NO EXIST.;……………….;…..;
590;SEAL5210-RST;NO EXIST.;NO EXIST.;NO EXIST.;……………….;…..;
591;SEAL-5211-2RST;NO EXIST.;NO EXIST.;NO EXIST.;……………….;…..;
592;Seal-6020-2RS;NO EXIST.;NO EXIST.;NO EXIST.;……………….;…..;
593;Seal-6805-RLD;NO EXIST.;NO EXIST.;NO EXIST.;……………….;…..;
594;Seal-6905-RLD;NO EXIST.;NO EXIST.;NO EXIST.;……………….;…..;
595;SEAL-G-5209;NO EXIST.;NO EXIST.;NO EXIST.;……………….;…..;
596;SEAL-HCF211;NO EXIST.;NO EXIST.;NO EXIST.;……………….;…..;
597;SEAL-UC214;NO EXIST.;NO EXIST.;NO EXIST.;……………….;…..;
598;Seal-W208B22;NO EXIST.;NO EXIST.;NO EXIST.;……………….;…..;
599;SEAL-WLG5208;NO EXIST.;NO EXIST.;NO EXIST.;……………….;…..;
600;BPB-047-SFC-85-M - JSJZ;NO EXIST.;NO EXIST.;NO EXIST.;2017-04-05 00:00:00;C;
601;Slinger-205KPPB9-09;NO EXIST.;NO EXIST.;NO EXIST.;……………….;…..;
602;SLINGER-211;NO EXIST.;NO EXIST.;NO EXIST.;……………….;…..;
603;BPB-047-SP205-AL - SK;NO EXIST.;NO EXIST.;NO EXIST.;2021-08-05 00:00:00;F;
604;SP205-1;NO EXIST.;NO EXIST.;NO EXIST.;2017-06-08 00:00:00;0;
605;SP205-1-P;NO EXIST.;NO EXIST.;NO EXIST.;2016-04-08 00:00:00;0;
606;SP205-2;NO EXIST.;NO EXIST.;NO EXIST.;2017-06-08 00:00:00;0;
607;SP205-2-P;NO EXIST.;NO EXIST.;NO EXIST.;2016-04-08 00:00:00;0;
608;SQME9;NO EXIST.;NO EXIST.;NO EXIST.;……………….;…..;
609;SQME-UTV;NO EXIST.;NO EXIST.;NO EXIST.;;;
610;SQME-UTV-A1;NO EXIST.;NO EXIST.;NO EXIST.;……………….;…..;
611;SQME-UTV-A2;NO EXIST.;NO EXIST.;NO EXIST.;……………….;…..;
612;SQME-UTV-A3;NO EXIST.;NO EXIST.;NO EXIST.;……………….;…..;
613;T-204;NO EXIST.;NO EXIST.;NO EXIST.;……………….;…..;
614;T205;NO EXIST.;NO EXIST.;NO EXIST.;2014-09-12 00:00:00;A;
615;BPB-047-T-205-13 - LD;NO EXIST.;NO EXIST.;NO EXIST.;2016-11-16 00:00:00;0;
616;T-206;NO EXIST.;NO EXIST.;NO EXIST.;……………….;…..;
617;T-207;NO EXIST.;NO EXIST.;NO EXIST.;2013-06-14 00:00:00;0;
618;B&P-047-T-208-LCTP;NO EXIST.;NO EXIST.;NO EXIST.;2024-12-24 00:00:00;B;
619;T-210;NO EXIST.;NO EXIST.;NO EXIST.;2014-09-12 00:00:00;0;
620;T-212;NO EXIST.;NO EXIST.;NO EXIST.;……………….;…..;
621;T212-L;NO EXIST.;NO EXIST.;NO EXIST.;2017-02-24 00:00:00;0;
622;T-218;NO EXIST.;NO EXIST.;NO EXIST.;……………….;…..;
623;TTB-11315SP;NO EXIST.;NO EXIST.;NO EXIST.;……………….;…..;
624;UCF-207-35MM;Radial C3;15;33;……………….;…..;
625;UCF-208-40MM;Radial C3;15;33;……………….;…..;
626;UCF-209-45MM;Radial C3;18;36;……………….;…..;
627;UCF-210-50MM;Radial C3;18;36;……………….;…..;
628;UCF-212-60MM;Radial C3;23;43;……………….;…..;
629;UCF213;NO EXIST.;NO EXIST.;NO EXIST.;2017-04-21 00:00:00;0;
630;UCF213-64;NO EXIST.;NO EXIST.;NO EXIST.;2017-05-24 00:00:00;0;
631;UCFB-208-40MM-DBL;Radial C3;15;33;……………….;…..;
632;UCFT-205-25MMDBL;Radial C3;13;28;……………….;…..;
633;UCFT-207-35MM;Radial C3;15;33;……………….;…..;
634;UCFT-209-45MM;Radial C3;18;36;……………….;…..;
635;UCFT-211-55MM;Radial C3;23;43;……………….;…..;
636;UCP-207-35MM;Radial C3;15;33;……………….;…..;
637;UCP-209-45MM;Radial C3;18;36;……………….;…..;
638;UCPX14-70;NO EXIST.;NO EXIST.;NO EXIST.;2016-04-01 00:00:00;0;
639;WLG5208-2RSTW-08 (seal);NO EXIST.;NO EXIST.;NO EXIST.;……………….;…..;
640;WSER-47;NO EXIST.;NO EXIST.;NO EXIST.;……………….;…..;
641;Z-6203-SEAL;NO EXIST.;NO EXIST.;NO EXIST.;……………….;…..;
642;CL-60-2;NO EXIST.;NO EXIST.;NO EXIST.;2017-08-22 00:00:00;0;
643;CA555-C6E-52L-ATT;NO EXIST.;NO EXIST.;NO EXIST.;2017-05-22 00:00:00;;
644;FD211-112SQ;NO EXIST.;NO EXIST.;NO EXIST.;2017-10-26 00:00:00;0;
645;BPB-044-BP-17010-04 - XINXIN;NO EXIST.;NO EXIST.;NO EXIST.;2018-03-08 00:00:00;A;
646;BP-17011-03;NO EXIST.;NO EXIST.;NO EXIST.;2018-03-21 00:00:00;0;
647;BP-17011-B1;NO EXIST.;NO EXIST.;NO EXIST.;2018-02-07 00:00:00;0;
648;BP-17011-C2;NO EXIST.;NO EXIST.;NO EXIST.;2018-02-07 00:00:00;0;
649;P-213-L;NO EXIST.;NO EXIST.;NO EXIST.;2017-08-08 00:00:00;0;
650;FC-210;NO EXIST.;NO EXIST.;NO EXIST.;2013-06-14 00:00:00;0;
651;BPB-037-BP-17010 - XINXIN;NO EXIST.;NO EXIST.;NO EXIST.;2019-11-25 00:00:00;C;
652;BPB-044-BP-17010-01 - XINXIN;NO EXIST.;NO EXIST.;NO EXIST.;2018-03-08 00:00:00;B;
653;BPB-044-BP-17010-02 - XINXIN;NO EXIST.;NO EXIST.;NO EXIST.;2017-09-18 00:00:00;0;
654;FC-205;NO EXIST.;NO EXIST.;NO EXIST.;2017-08-08 00:00:00;0;
655;PA-208;NO EXIST.;NO EXIST.;NO EXIST.;2017-08-08 00:00:00;0;
656;GU6008;NO EXIST.;NO EXIST.;NO EXIST.;2017-03-06 00:00:00;0;
657;FD-207;NO EXIST.;NO EXIST.;NO EXIST.;2017-07-31 00:00:00;0;
658;B&P-047-FB-206-FN;NO EXIST.;NO EXIST.;NO EXIST.;2024-04-29 00:00:00;A;
659;BPB-048-205KRP2-6PF-HNHS;NO EXIST.;NO EXIST.;NO EXIST.;2017-11-23 00:00:00;0;
660;SFC72;NO EXIST.;NO EXIST.;NO EXIST.;2017-06-14 00:00:00;0;
661;BPB-047-P-209-L-JSJZ;NO EXIST.;NO EXIST.;NO EXIST.;2020-03-12 00:00:00;0;
662;CA555R-QX48M;NO EXIST.;NO EXIST.;NO EXIST.;2016-08-25 00:00:00;0;
663;CA627-M40A-M;NO EXIST.;NO EXIST.;NO EXIST.;2016-12-21 00:00:00;0;
664;B&P-047-HA-211-FN;NO EXIST.;NO EXIST.;NO EXIST.;2024-04-30 00:00:00;B;
665;BPB-034-GEZ-12ES-2RS - KGB;Radial ;18 µm;8 µm;2017-11-16 00:00:00;0;
666;BPB-034-GEZ-14ES-2RS - KGB;Radial;18 µm;8 µm;2017-11-16 00:00:00;0;
667;BPB-048-S410000034 - XCYW;NO EXIST.;NO EXIST.;NO EXIST.;2017-08-25 00:00:00;0;
668;BPB-034-GEZ-012-ES - KGB;NO EXIST.;NO EXIST.;NO EXIST.;2017-08-17 00:00:00;0;
669;BPB-034-GEZ-014-ES-2 - KGB;NO EXIST.;NO EXIST.;NO EXIST.;2017-08-17 00:00:00;0;
670;BPB-035-BHA-1616-ZOH - CWN;NO EXIST.;NO EXIST.;NO EXIST.;2016-12-16 00:00:00;C;
671;B&P-003-TCX205 - ZANG;NO EXIST.;NO EXIST.;NO EXIST.;2011-11-02 00:00:00;0;
672;B&P-003-TCX204 - ZANG;NO EXIST.;NO EXIST.;NO EXIST.;2012-01-11 00:00:00;0;
673;B&P-003-TCX206 - ZANG;NO EXIST.;NO EXIST.;NO EXIST.;2012-03-12 00:00:00;0;
674;B&P-003-TCX208 - ZANG;NO EXIST.;NO EXIST.;NO EXIST.;2012-09-04 00:00:00;0;
675;B&P-003-TCX211 - ZANG;NO EXIST.;NO EXIST.;NO EXIST.;2012-09-04 00:00:00;0;
676;B&P-003-TCX212 - ZANG;NO EXIST.;NO EXIST.;NO EXIST.;2012-09-04 00:00:00;0;
677;B&P-003-TCX310 - ZANG;NO EXIST.;NO EXIST.;NO EXIST.;2013-04-29 00:00:00;0;
678;B&P-003-TDX010 - ZANG;NO EXIST.;NO EXIST.;NO EXIST.;2012-09-04 00:00:00;0;
679;B&P-003-TDX209 - ZANG;NO EXIST.;NO EXIST.;NO EXIST.;2013-04-18 00:00:00;0;
680;BPB-033-CL-80-2 - CHOHO;NO EXIST.;NO EXIST.;NO EXIST.;2017-12-05 00:00:00;0;
681;BPB-033-CL-160-1H - CHOHO;NO EXIST.;NO EXIST.;NO EXIST.;2019-03-11 00:00:00;0;
682;BPB-033-OL-160-1H - CHOHO;NO EXIST.;NO EXIST.;NO EXIST.;2018-05-14 00:00:00;Plano fabrica;
683;B&P-047-F-217 - SCB;NO EXIST.;NO EXIST.;NO EXIST.;2017-08-09 00:00:00;0;
684;B&P-047-F-215 - SCB;NO EXIST.;NO EXIST.;NO EXIST.;2017-08-04 00:00:00;0;
685;B&P-047-F-218 - SCB;NO EXIST.;NO EXIST.;NO EXIST.;2017-08-04 00:00:00;0;
686;B&P-047-F3X-204 - SCB;NO EXIST.;NO EXIST.;NO EXIST.;2017-08-04 00:00:00;0;
687;BPB-046-SABP205-25L - GXTY;NO EXIST.;NO EXIST.;NO EXIST.;2018-01-23 00:00:00;Standard GXTY;
688;BPB-046-SABP206-30L - GXTY;NO EXIST.;NO EXIST.;NO EXIST.;2018-01-23 00:00:00;Standard GXTY;
689;BPB-046-SABFL206-30L - GXTY;NO EXIST.;NO EXIST.;NO EXIST.;2018-01-23 00:00:00;Standard GXTY;
690;BPB-046-SABFC208-40L - GXTY;NO EXIST.;NO EXIST.;NO EXIST.;2018-01-23 00:00:00;Standard GXTY;
691;BPB-046-SABFB209-45L - GXTY;NO EXIST.;NO EXIST.;NO EXIST.;2018-01-23 00:00:00;Standard GXTY;
692;BPB-046-SABF210-50L - GXTY;NO EXIST.;NO EXIST.;NO EXIST.;2018-01-23 00:00:00;Standard GXTY;
693;BPB-046-SABF209-45L - GXTY;NO EXIST.;NO EXIST.;NO EXIST.;2018-01-23 00:00:00;Standard GXTY;
694;BPB-046-SABF208-40L - GXTY;NO EXIST.;NO EXIST.;NO EXIST.;2018-01-23 00:00:00;Standard GXTY;
695;BPB-046-SABF207-35L - GXTY;NO EXIST.;NO EXIST.;NO EXIST.;2018-01-23 00:00:00;Standard GXTY;
696;BPB-046-SABF206-30L - GXTY;NO EXIST.;NO EXIST.;NO EXIST.;2018-01-23 00:00:00;Standard GXTY;
697;BPB-046-SABFL204-20L - GXTY;NO EXIST.;NO EXIST.;NO EXIST.;2018-01-23 00:00:00;Standard GXTY;
698;BPB-044-BP-17010-05 - XINXIN;NO EXIST.;NO EXIST.;NO EXIST.;2017-09-18 00:00:00;00:00:00;
699;BPB-044-BP-17010-03 - XINXIN;NO EXIST.;NO EXIST.;NO EXIST.;2018-03-08 00:00:00;B;
700;B&P-047-FT-206 - JDCZ;NO EXIST.;NO EXIST.;NO EXIST.;2014-10-30 00:00:00;A;
701;B&P-047-F-218 - JDCZ;NO EXIST.;NO EXIST.;NO EXIST.;2017-08-04 00:00:00;0;
702;B&P-047-F-217 - JDCZ;NO EXIST.;NO EXIST.;NO EXIST.;2017-08-09 00:00:00;0;
703;B&P-047-F-215 - JDCZ;NO EXIST.;NO EXIST.;NO EXIST.;2017-08-04 00:00:00;0;
704;BPB-047-F-209-L - JDCZ;NO EXIST.;NO EXIST.;NO EXIST.;2017-03-06 00:00:00;0;
705;B&P-047-F-207 - JDCZ;NO EXIST.;NO EXIST.;NO EXIST.;2013-12-09 00:00:00;A;
706;BPB-047-F-206-L - JDCZ;NO EXIST.;NO EXIST.;NO EXIST.;2017-03-06 00:00:00;0;
707;BPB-047-F-205-L - JDCZ;NO EXIST.;NO EXIST.;NO EXIST.;2017-03-06 00:00:00;0;
708;B&P-047-LF-205 - JDCZ;NO EXIST.;NO EXIST.;NO EXIST.;2013-12-09 00:00:00;A;
709;BPB-047-P-206-L - JDCZ;NO EXIST.;NO EXIST.;NO EXIST.;2017-02-21 00:00:00;0;
710;BPB-047-P-207-L - JDCZ;NO EXIST.;NO EXIST.;NO EXIST.;2017-03-06 00:00:00;0;
711;BPB-047-F-207-L - JDCZ;NO EXIST.;NO EXIST.;NO EXIST.;2017-03-06 00:00:00;0;
712;BPB-047-P-205-L - JDCZ;NO EXIST.;NO EXIST.;NO EXIST.;2017-03-06 00:00:00;0;
713;BPB-033-CA550K-19SE2 - CHOHO;NO EXIST.;NO EXIST.;NO EXIST.;2016-07-05 00:00:00;A;
714;B&P-047-F-209 - JSJZ;NO EXIST.;NO EXIST.;NO EXIST.;2018-05-14 00:00:00;Standard JSJZ;
715;BPB-047-FT-205-H - JSSX;NO EXIST.;NO EXIST.;NO EXIST.;2018-07-10 00:00:00;Standard JSSX;
716;BPB-046-SABP213-65L - GXTY;NO EXIST.;NO EXIST.;NO EXIST.;2018-05-23 00:00:00;Standard GXTY;
717;BPB-037-BP-18013-03;NO EXIST.;NO EXIST.;NO EXIST.;2018-10-17 00:00:00;0;
718;BPB-043-FRNR32-EI;NO EXIST.;NO EXIST.;NO EXIST.;2019-01-08 00:00:00;Standard;
719;BPB-044-BP-18016-01 - TCI;NO EXIST.;NO EXIST.;NO EXIST.;2018-11-08 00:00:00;0;
720;BPB-044-BP-18016-02 - TCI;NO EXIST.;NO EXIST.;NO EXIST.;2018-11-08 00:00:00;0;
721;BPB-033-BP-18016 - TCI;NO EXIST.;NO EXIST.;NO EXIST.;2019-01-25 00:00:00;A;
722;BPB-037-SUPL.140X180 - XHYD;NO EXIST.;NO EXIST.;NO EXIST.;2019-06-11 00:00:00;0;
723;BPB-047-F-206-L - JSJZ;NO EXIST.;NO EXIST.;NO EXIST.;2018-05-14 00:00:00;Standard JSJZ;
724;BPB-047-T-212 - JSJZ;NO EXIST.;NO EXIST.;NO EXIST.;2018-05-14 00:00:00;Standard JSJZ;
725;BPB-047-F-207-L - JSJZ;NO EXIST.;NO EXIST.;NO EXIST.;2018-05-14 00:00:00;Standard JSJZ;
726;BPB-047-F-208-L - JSJZ;NO EXIST.;NO EXIST.;NO EXIST.;2018-05-14 00:00:00;Standard JSJZ;
727;BPB-047-P-207-L - JSJZ;NO EXIST.;NO EXIST.;NO EXIST.;2018-05-14 00:00:00;Standard JSJZ;
728;BPB-047-P-206-L - JSJZ;NO EXIST.;NO EXIST.;NO EXIST.;2018-05-14 00:00:00;Standard JSJZ;
729;BPB-047-F-213 - JSJZ  ;NO EXIST.;NO EXIST.;NO EXIST.;2018-02-01 00:00:00;00:00:00;
730;BPB-047-F-211-L - JSJZ;NO EXIST.;NO EXIST.;NO EXIST.;2018-05-14 00:00:00;Standard JSJZ;
731;BPB-033-CL-40-1 - ESUN;NO EXIST.;NO EXIST.;NO EXIST.;2017-05-03 00:00:00;0;
732;BPB-033-ASA160-1H-RE - ESUN;NO EXIST.;NO EXIST.;NO EXIST.;2019-05-24 00:00:00;0;
733;BPB-033-ASA-80-1 - ESUN;NO EXIST.;NO EXIST.;NO EXIST.;2016-05-03 00:00:00;A;
734;BPB-033-ASA-100-2 - ESUN;NO EXIST.;NO EXIST.;NO EXIST.;2016-04-29 00:00:00;0;
735;BPB-033-ASA60-1H-REE - ESUN;NO EXIST.;NO EXIST.;NO EXIST.;2022-09-07 00:00:00;A;
736;BPB-033-OL-100-3 -CHOHO;NO EXIST.;NO EXIST.;NO EXIST.;2017-05-16 00:00:00;0;
737;BPB-033-OL-100-2 - ESUN;NO EXIST.;NO EXIST.;NO EXIST.;2016-05-03 00:00:00;0;
738;BPB-033-OL-100-1 - ESUN;NO EXIST.;NO EXIST.;NO EXIST.;2017-05-16 00:00:00;0;
739;BPB-033-ASA-60-1 - CHOHO;NO EXIST.;NO EXIST.;NO EXIST.;2016-05-03 00:00:00;A;
740;BPB-033-ASA415-H-REE - CHOHO;NO EXIST.;NO EXIST.;NO EXIST.;2016-04-28 00:00:00;0;
741;B&P-047-FD-203;NO EXIST.;NO EXIST.;NO EXIST.;2018-01-31 00:00:00;0;
742;BPB-034-POS-30-DER. - KGB;NO EXIST.;NO EXIST.;NO EXIST.;2017-08-17 00:00:00;0;
743;BPB-034-POS-30-IZQ. - KGB;NO EXIST.;NO EXIST.;NO EXIST.;2017-08-17 00:00:00;0;
744;B&P-005-CAGE205-17 - ZJXY;NO EXIST.;NO EXIST.;NO EXIST.;2011-11-02 00:00:00;0;
745;BPB-034-GE-35-ES-2RS - KGB;NO EXIST.;NO EXIST.;NO EXIST.;2025-01-22 00:00:00;A;
746;BPB-034-GE-25-ES-2RS - KGB;NO EXIST.;NO EXIST.;NO EXIST.;2017-08-17 00:00:00;0;
747;BPB-047-HA-210 - LDK;NO EXIST.;NO EXIST.;NO EXIST.;2018-04-10 00:00:00;Standard LDK;
748;BPB-047-HA-209 - LDK ;NO EXIST.;NO EXIST.;NO EXIST.;2018-04-10 00:00:00;Standard LDK;
749;BPB-047-HA-208 - LDK   ;NO EXIST.;NO EXIST.;NO EXIST.;2018-04-10 00:00:00;Standard LDK;
750;BPB-047-HA-213 - LDK;NO EXIST.;NO EXIST.;NO EXIST.;2018-04-10 00:00:00;Standard LDK;
751;B&P-047-LF-203 - LDK  ;NO EXIST.;NO EXIST.;NO EXIST.;2018-04-10 00:00:00;Standard LDK;
752;BPB-047-LF-204 - LDK;NO EXIST.;NO EXIST.;NO EXIST.;2018-04-10 00:00:00;Standard LDK;
753;B&P-047-FD-203 - LDK;NO EXIST.;NO EXIST.;NO EXIST.;2018-04-10 00:00:00;Standard LDK;
754;B&P-047-FD-205 - LDK;NO EXIST.;NO EXIST.;NO EXIST.;2018-04-25 00:00:00;Standard LDK;
755;BPB-037-DIN-471.60M - RALC;NO EXIST.;NO EXIST.;NO EXIST.;2018-08-10 00:00:00;0;
756;BPB-035-IR-22-28-30 - JSGY;NO EXIST.;NO EXIST.;NO EXIST.;2018-11-06 00:00:00;0;
757;BPB-047-SFC-80-M - JSJZ;NO EXIST.;NO EXIST.;NO EXIST.;2021-11-11 00:00:00;A;
758;BPB-037-BP-16007 - sudosilo;NO EXIST.;NO EXIST.;NO EXIST.;2016-05-24 00:00:00;0;
759;BPB-037-BP-17007 - HZDQ;NO EXIST.;NO EXIST.;NO EXIST.;2017-02-09 00:00:00;0;
760;BPB-045-BP-19001-01 - CZCY;NO EXIST.;NO EXIST.;NO EXIST.;2019-01-17 00:00:00;0;
761;BPB-040-51104;NO EXIST.;NO EXIST.;NO EXIST.;2016-04-14 00:00:00;0;
762;ZKL-041-6909;NO EXIST.;NO EXIST.;NO EXIST.;CATALOGO;0;
763;KG--041-6917;NO EXIST.;NO EXIST.;NO EXIST.;CATALOGO;0;
764;B&P-033-ASA-140-1-CHOHO;NO EXIST.;NO EXIST.;NO EXIST.;2023-09-15 00:00:00;A;
765;BPB-033-ASA-40-1 - CHOHO;NO EXIST.;NO EXIST.;NO EXIST.;2016-05-03 00:00:00;A;
766;BPB-033-ASA-80-1 - CHOHO;NO EXIST.;NO EXIST.;NO EXIST.;2016-05-03 00:00:00;A;
767;BPB-048-NTB1613-2RST - YS;Radial;20µm;8µm;2019-01-07 00:00:00;C;
768;BPB-047-BP-18011- JSJZ;NO EXIST.;NO EXIST.;NO EXIST.;2021-09-20 00:00:00;D;
769;BPB-037-BP-19004-WXWQ;NO EXIST.;NO EXIST.;NO EXIST.;2019-06-11 00:00:00;0;
770;BPB-041-617-3-ZZ    ;NO EXIST.;NO EXIST.;NO EXIST.;NA;NA;
771;BPB-045-BP-19001-01 ;NO EXIST.;NO EXIST.;NO EXIST.;NA;NA;
772;B&P-048-FDECL211-55-ZJXY ;NO EXIST.;NO EXIST.;NO EXIST.;2020-12-16 00:00:00;0;
773;BPB-037-CB6203-1450B;NO EXIST.;NO EXIST.;NO EXIST.;2008-08-22 00:00:00;0;
774;BPB-033-ASA-50-1 - CHOHO;NO EXIST.;NO EXIST.;NO EXIST.;2022-09-07 00:00:00;B;
775;BPB-033-ASA-100-2 - CHOHO;NO EXIST.;NO EXIST.;NO EXIST.;2016-04-28 00:00:00;0;
776;BPB-033-CA-550-A1-CHOHO;NO EXIST.;NO EXIST.;NO EXIST.;2016-04-28 00:00:00;0;
777;BPB-033-CL-160-1H - ESUN;NO EXIST.;NO EXIST.;NO EXIST.;2019-05-24 00:00:00;0;
778;BP-13014-JSJZ;NO EXIST.;NO EXIST.;NO EXIST.;2018-06-21 00:00:00;G;
779;BPB-027-BP-16003-09-XNXN;NO EXIST.;NO EXIST.;NO EXIST.;2018-04-25 00:00:00;C;
780;BPB-047-F-208-JSJZ;NO EXIST.;NO EXIST.;NO EXIST.;2020-10-09 00:00:00;A;
781;B&P-037-BP-13014-JSJZ;NO EXIST.;NO EXIST.;NO EXIST.;2022-05-05 00:00:00;J;
782;BBP-047-FB-210;NO EXIST.;NO EXIST.;NO EXIST.;S/catalogo;N/A;
783;BPB-047-SFC-72-M-JSJZ;NO EXIST.;NO EXIST.;NO EXIST.;2017-06-12 00:00:00;0;
784;BPB-051-H-322;NO EXIST.;NO EXIST.;NO EXIST.;NA;NA;
785;BPB-033-CA627-M40A-9- CHOHO;NO EXIST.;NO EXIST.;NO EXIST.;2019-03-14 00:00:00;0;
786;BPB-033-ASA-410-REEL-TCI;NO EXIST.;NO EXIST.;NO EXIST.;2016-11-21 00:00:00;0;
787;BPB-034-POS-25-DER-KGB;Radial;55µm;8µm;2019-08-01 00:00:00;0;
788;BPB-035-IR-25-29-30-JSGY;NO EXIST.;NO EXIST.;NO EXIST.;2021-06-22 00:00:00;A;
789;BPB-047-PE-214-JSJZ;NO EXIST.;NO EXIST.;NO EXIST.;2019-07-25 00:00:00;0;
790;BPB-047-PE-208-JSJZ;NO EXIST.;NO EXIST.;NO EXIST.;2019-07-25 00:00:00;0;
791;B&P-047-FD-205-JSJZ;NO EXIST.;NO EXIST.;NO EXIST.;2019-07-25 00:00:00;0;
792;B&P-047-FD-203-JSJZ;NO EXIST.;NO EXIST.;NO EXIST.;2019-07-25 00:00:00;0;
793;B&P-040-51104-HLBR;NO EXIST.;NO EXIST.;NO EXIST.;2024-04-03 00:00:00;B;
794;BPB-040-51103-HLBR;NO EXIST.;NO EXIST.;NO EXIST.;2016-04-14 00:00:00;0;
795;B&P-040-51110-HLBR;NO EXIST.;NO EXIST.;NO EXIST.;2024-08-13 00:00:00;G;
796;BPB-048-AG25H1-CH-SXSZ;NO EXIST.;NO EXIST.;NO EXIST.;2021-08-05 00:00:00;E;
797;BPB-033-CL-50-1H-CHOHO;NO EXIST.;NO EXIST.;NO EXIST.;2019-12-30 00:00:00;0;
798;BPB-033-ASA-50-1H-CHOHO;NO EXIST.;NO EXIST.;NO EXIST.;2015-11-10 00:00:00;0;
799;BPB-033-CL-60-2-CHOHO;NO EXIST.;NO EXIST.;NO EXIST.;2017-08-22 00:00:00;0;
800;BPB-045-PFL-5-Z - CZCY;NO EXIST.;NO EXIST.;NO EXIST.;2017-09-06 00:00:00;D;
801;BPB-045-PFT-5-ZM - CZCY;NO EXIST.;NO EXIST.;NO EXIST.;2017-09-06 00:00:00;C;
802;BPB-033-ASA-50-1H-REEL-CHOHO;NO EXIST.;NO EXIST.;NO EXIST.;2015-11-10 00:00:00;0;
803;BPB-044-BP-17010-05 ;NO EXIST.;NO EXIST.;NO EXIST.;2018-01-02 00:00:00;0;
804;BPB-037-BP-18018-BD-HNYMX;NO EXIST.;NO EXIST.;NO EXIST.;2019-11-15 00:00:00;B;
805;BPB-037-BP-18018-BI-HNYMX;NO EXIST.;NO EXIST.;NO EXIST.;2019-11-15 00:00:00;B;
806;BPB-033-ASA415-H- CHOHO;NO EXIST.;NO EXIST.;NO EXIST.;2016-04-28 00:00:00;0;
807;BPB-047-FT-205-H- LCTP;NO EXIST.;NO EXIST.;NO EXIST.;2021-07-23 00:00:00;A;
808;BPB-048-BP-18013-CMI;Axial C5;100µm;50µm;2021-06-24 00:00:00;A;
809;BPB-033-ASA-60-1H - CHOHO;NO EXIST.;NO EXIST.;NO EXIST.;2015-11-10 00:00:00;0;
810;BPB-047-SFC-85-M - JDCZ;NO EXIST.;NO EXIST.;NO EXIST.;2017-04-05 00:00:00;C;
811;BPB-047-PE-206-JSJZ;NO EXIST.;NO EXIST.;NO EXIST.;2017-12-27 00:00:00;0;
812;B&P-047-PE-205-JSJZ;NO EXIST.;NO EXIST.;NO EXIST.;2017-12-27 00:00:00;0;
813;B&P-047-PE-211-JSJZ;NO EXIST.;NO EXIST.;NO EXIST.;2014-10-30 00:00:00;A;
814;BPB-047-T-207-JSJZ;NO EXIST.;NO EXIST.;NO EXIST.;2017-12-27 00:00:00;0;
815;B&P-047-F-207-JSJZ;NO EXIST.;NO EXIST.;NO EXIST.;2013-12-09 00:00:00;A;
816;B&P-047-FC-208-JSJZ;NO EXIST.;NO EXIST.;NO EXIST.;2017-09-05 00:00:00;B;
817;B&P-047-F-211-JSJZ;NO EXIST.;NO EXIST.;NO EXIST.;2014-10-30 00:00:00;A;
818;B&P-047-F-209-JSJZ;NO EXIST.;NO EXIST.;NO EXIST.;2014-09-12 00:00:00;A;
819;B&P-047-F-206-JSJZ;NO EXIST.;NO EXIST.;NO EXIST.;2014-09-11 00:00:00;B;
820;BPB-048-FD211-112SQ-HNHS;Radial;43µm;18µm;2020-01-02 00:00:00;A;
821;B&P-045-PF-6-Z-CZCY;NO EXIST.;NO EXIST.;NO EXIST.;2023-10-09 00:00:00;C;
822;B&P-045-PFL-6-ZM-CZCY;NO EXIST.;NO EXIST.;NO EXIST.;2017-09-06 00:00:00;C;
823;BPB-033-ASA-80-1H - CHOHO;NO EXIST.;NO EXIST.;NO EXIST.;2016-06-02 00:00:00;A;
824;BPB-033-ASA-80-2 - CHOHO;NO EXIST.;NO EXIST.;NO EXIST.;2016-04-28 00:00:00;0;
825;BPB-033-OL-50-1H - CHOHO;NO EXIST.;NO EXIST.;NO EXIST.;2017-05-16 00:00:00;0;
826;BPB-033-ASA-180-1 - CHOHO;NO EXIST.;NO EXIST.;NO EXIST.;2020-06-11 00:00:00;0;
827;BPB-033-ASA-180-1 - TCI;NO EXIST.;NO EXIST.;NO EXIST.;2020-06-11 00:00:00;0;
828;BPB-047-FT-204;NO EXIST.;NO EXIST.;NO EXIST.;2018-01-30 00:00:00;0;
829;BPB-047-HA-208;NO EXIST.;NO EXIST.;NO EXIST.;2017-09-29 00:00:00;B;
830;BPB-051-H-322-HLBR;NO EXIST.;NO EXIST.;NO EXIST.;2020-06-09 00:00:00;0;
831;BPB-047-T-205-13 - JSJZ;NO EXIST.;NO EXIST.;NO EXIST.;2020-04-23 00:00:00;A;
832;BPB-044-BP-18020-A1-ZJXY;NO EXIST.;NO EXIST.;NO EXIST.;2020-05-11 00:00:00;0;
833;BPB-044-BP-18030-A2-ZJXY;NO EXIST.;NO EXIST.;NO EXIST.;2020-06-09 00:00:00;0;
834;BPB-037-BP-18019-D-CHOHO;NO EXIST.;NO EXIST.;NO EXIST.;2021-10-18 00:00:00;C;
835;BPB-037-BP-18019-I-CHOHO;NO EXIST.;NO EXIST.;NO EXIST.;2021-10-18 00:00:00;C;
836;BPB-047-FB211-A1;NO EXIST.;NO EXIST.;NO EXIST.;2020-09-01 00:00:00;0;
837;BPB-047-FB211-A2;NO EXIST.;NO EXIST.;NO EXIST.;2020-09-01 00:00:00;0;
838;BPB-034-GE-40-ES-2RS-KGB;NO EXIST.;NO EXIST.;NO EXIST.;2016-05-04 00:00:00;0;
839;BPB-034-PHS-6-DER-KGB;NO EXIST.;NO EXIST.;NO EXIST.;2025-01-13 00:00:00;A;
840;BPB-040-51112 - HLBR;NO EXIST.;NO EXIST.;NO EXIST.;2016-04-14 00:00:00;A;
841;BPB-040-51115 - HLBR;NO EXIST.;NO EXIST.;NO EXIST.;2014-08-07 00:00:00;A;
842;BPB-037-81210-HLBR;NO EXIST.;NO EXIST.;NO EXIST.;2017-05-04 00:00:00;D;
843;BPB-047-HA212-A1;NO EXIST.;NO EXIST.;NO EXIST.;2020-09-01 00:00:00;0;
844;BPB-047-HA212-A2;NO EXIST.;NO EXIST.;NO EXIST.;2020-09-01 00:00:00;0;
845;BPB-033-PIN-CA627;NO EXIST.;NO EXIST.;NO EXIST.;2019-03-14 00:00:00;0;
846;BPB-033-OL-100-2 - CHOHO;NO EXIST.;NO EXIST.;NO EXIST.;2016-05-02 00:00:00;0;
847;BPB-033-CA555-C6E-52-CHOHO;NO EXIST.;NO EXIST.;NO EXIST.;2017-05-25 00:00:00;0;
848;BPB-037-BP-20001-JSTX;NO EXIST.;NO EXIST.;NO EXIST.;2019-12-06 00:00:00;0;
849;B&P-033-OL-140-1-CHOHO;NO EXIST.;NO EXIST.;NO EXIST.;2023-10-11 00:00:00;0;
850;BPB-033-CL-140-1;NO EXIST.;NO EXIST.;NO EXIST.;2019-03-11 00:00:00;0;
851;BPB-045-PF-4-ZM-CZCY;NO EXIST.;NO EXIST.;NO EXIST.;2016-05-27 00:00:00;B;
852;BPB-045-PF-5-ZM-CZCY;NO EXIST.;NO EXIST.;NO EXIST.;2017-09-06 00:00:00;C;
853;BPB-045-PFF-8-ZM-CZCY;NO EXIST.;NO EXIST.;NO EXIST.;2014-08-08 00:00:00;B;
854;BPB-045-PFF-9-ZM-CZCY;NO EXIST.;NO EXIST.;NO EXIST.;2017-06-28 00:00:00;D;
855;B&P-045-PFL-5-Z-CZCY;NO EXIST.;NO EXIST.;NO EXIST.;2023-10-09 00:00:00;J;
856;BPB-045-PFL-8-ZM-CZCY;NO EXIST.;NO EXIST.;NO EXIST.;2020-06-17 00:00:00;0;
857;BPB-045-PFT-5-ZM-CZCY;NO EXIST.;NO EXIST.;NO EXIST.;2017-09-06 00:00:00;C;
858;BPB-047-F-209-3-LD;NO EXIST.;NO EXIST.;NO EXIST.;2021-11-15 00:00:00;A;
859;BPB-037-BP-12011-BD2- SNTL;NO EXIST.;NO EXIST.;NO EXIST.;2019-06-27 00:00:00;B;
860;BPB-037-BP-12011-BI2- SNTL;NO EXIST.;NO EXIST.;NO EXIST.;2019-06-27 00:00:00;B;
861;BPB-047-F210;NO EXIST.;NO EXIST.;NO EXIST.;2020-10-09 00:00:00;A;
862;B&P-047-FC207;NO EXIST.;NO EXIST.;NO EXIST.;2016-03-21 00:00:00;A;
863;BPB-047-PE209-M-JSJZ;NO EXIST.;NO EXIST.;NO EXIST.;2021-09-20 00:00:00;D;
864;BPB-040-51204-HLBR;NO EXIST.;NO EXIST.;NO EXIST.;2024-10-22 00:00:00;A;
865;BPB-048-J91-B - CMI;Axial;200;150;2016-12-28 00:00:00;D;
866;BPB-047-F-206-A1;NO EXIST.;NO EXIST.;NO EXIST.;2020-11-18 00:00:00;0;
867;B&P-010-LOC207-35-CMI;NO EXIST.;NO EXIST.;NO EXIST.;2016-11-15 00:00:00;A;
868;BPB-047-F-211-A1;NO EXIST.;NO EXIST.;NO EXIST.;2020-09-17 00:00:00;0;
869;BPB-047-F-205-A1;NO EXIST.;NO EXIST.;NO EXIST.;2020-11-18 00:00:00;0;
870;BPB-047-F-216;NO EXIST.;NO EXIST.;NO EXIST.;2021-03-09 00:00:00;0;
871;BPB-047-FD-205-A1;NO EXIST.;NO EXIST.;NO EXIST.;2020-11-18 00:00:00;0;
872;BPB-047-FTS-205-A1;NO EXIST.;NO EXIST.;NO EXIST.;2020-11-18 00:00:00;0;
873;BPB-033-CL-40-1-CHOHO;NO EXIST.;NO EXIST.;NO EXIST.;2016-05-03 00:00:00;0;
874;BPB-033-OL-40-1-CHOHO;NO EXIST.;NO EXIST.;NO EXIST.;2016-05-03 00:00:00;0;
875;BPB-044-BP-18020-01-TJTR;NO EXIST.;NO EXIST.;NO EXIST.;2018-09-21 00:00:00;0;
876;BPB-044-BP-18030-01-TJTR;NO EXIST.;NO EXIST.;NO EXIST.;2018-12-28 00:00:00;0;
877;BPB-044-BP-18020-04-TJTR;NO EXIST.;NO EXIST.;NO EXIST.;2018-06-21 00:00:00;0;
878;BPB-044-BP-18030-04-TJTR;NO EXIST.;NO EXIST.;NO EXIST.;2018-12-21 00:00:00;0;
879;BPB-037-BP-12011-BD2- YMS;NO EXIST.;NO EXIST.;NO EXIST.;2019-06-27 00:00:00;B;
880;BPB-037-BP-12011-BI2- YMS;NO EXIST.;NO EXIST.;NO EXIST.;2019-06-27 00:00:00;B;
881;BPB-033-ASA-50-2-CHOHO;NO EXIST.;NO EXIST.;NO EXIST.;2015-11-10 00:00:00;0;
882;BPB-047-F-21-JSJZ;NO EXIST.;NO EXIST.;NO EXIST.;2020-10-09 00:00:00;A;
883;B&P-040-51114-HLBR;NO EXIST.;NO EXIST.;NO EXIST.;2022-07-20 00:00:00;B;
884;BPB-048-S412101-A-XCYW;NO EXIST.;NO EXIST.;NO EXIST.;2020-10-14 00:00:00;0;
885;BPB-033-ASA-415-H- CHOHO;NO EXIST.;NO EXIST.;NO EXIST.;2016-04-28 00:00:00;0;
886;BPB-033-ASA-60-2-CHOHO;NO EXIST.;NO EXIST.;NO EXIST.;2016-04-28 00:00:00;0;
887;BPB-033-ASA50-1H-REE-CHOHO;NO EXIST.;NO EXIST.;NO EXIST.;2015-11-10 00:00:00;0;
888;BPB-033-ASA80-1-REEL- CHOHO;NO EXIST.;NO EXIST.;NO EXIST.;2016-05-03 00:00:00;A;
889;BPB-027-SAB5209-A8;NO EXIST.;NO EXIST.;NO EXIST.;2019-06-14 00:00:00;A;
890;BPB-040-51115 ;NO EXIST.;NO EXIST.;NO EXIST.;2014-08-07 00:00:00;A;
891;B&P-037-81208;NO EXIST.;NO EXIST.;NO EXIST.;2021-05-11 00:00:00;0;
892;B&P-037-81211;NO EXIST.;NO EXIST.;NO EXIST.;2021-05-11 00:00:00;0;
893;BPB-048-BP-12001 - ZH;NO EXIST.;NO EXIST.;NO EXIST.;2020-05-08 00:00:00;D;
894;BPB-045-PF-7-ZM- CZCY;NO EXIST.;NO EXIST.;NO EXIST.;2020-11-06 00:00:00;D;
895;BPB-033-CA555-C6E-46-CHOHO;NO EXIST.;NO EXIST.;NO EXIST.;2020-12-22 00:00:00;0;
896;BPB-033-CA627-M40A-3 - CHOHO;NO EXIST.;NO EXIST.;NO EXIST.;2020-12-22 00:00:00;0;
897;BPB-033-CA627-M5A-24 - CHOHO;NO EXIST.;NO EXIST.;NO EXIST.;2021-06-07 00:00:00;A;
898;BPB-045-PFF-11-ZM-CZCY;NO EXIST.;NO EXIST.;NO EXIST.;2013-06-25 00:00:00;0;
899;BPB-035-RNB3X15-A1-JSGY  ;NO EXIST.;NO EXIST.;NO EXIST.;2020-11-27 00:00:00;0;
900;B&P-037-BP-13002-01;NO EXIST.;NO EXIST.;NO EXIST.;2016-02-18 00:00:00;0;
901;B&P-037-BP-13002-02;NO EXIST.;NO EXIST.;NO EXIST.;2016-02-18 00:00:00;0;
902;PEE-047-FB-210-HA;NO EXIST.;NO EXIST.;NO EXIST.;S/catalogo;N/A;
903;BPB-033-CL-50-2-CHOHO;NO EXIST.;NO EXIST.;NO EXIST.;2020-12-29 00:00:00;0;
904;BPB-033-OL-60-1-CHOHO;NO EXIST.;NO EXIST.;NO EXIST.;2016-05-02 00:00:00;0;
905;BPB-033-OL-60-2-CHOHO;NO EXIST.;NO EXIST.;NO EXIST.;2020-12-29 00:00:00;0;
906;BPB-047-F-208-ESUN;NO EXIST.;NO EXIST.;NO EXIST.;2020-10-09 00:00:00;A;
907;BPB-047-F-210-ESUN;NO EXIST.;NO EXIST.;NO EXIST.;2020-10-09 00:00:00;A;
908;BPB-047-FB-209-ESUN;NO EXIST.;NO EXIST.;NO EXIST.;2020-10-07 00:00:00;A;
909;BPB-047-FB-211-ESUN;NO EXIST.;NO EXIST.;NO EXIST.;2020-10-13 00:00:00;B;
910;BPB-047-FC-207-ESUN;NO EXIST.;NO EXIST.;NO EXIST.;2016-03-21 00:00:00;A;
911;BPB-047-HA-208-ESUN;NO EXIST.;NO EXIST.;NO EXIST.;2020-10-08 00:00:00;A;
912;BPB-047-LF-205-ESUN;NO EXIST.;NO EXIST.;NO EXIST.;2020-10-07 00:00:00;B;
913;BPB-047-T-205-ESUN;NO EXIST.;NO EXIST.;NO EXIST.;2020-10-07 00:00:00;B;
914;PB 003367 A;NO EXIST.;NO EXIST.;NO EXIST.;S/PLANO FABRICA;N/A;
915;BPB-047-FB-211-LD;NO EXIST.;NO EXIST.;NO EXIST.;2020-10-13 00:00:00;B;
916;B&P-047-LF-207-LD;NO EXIST.;NO EXIST.;NO EXIST.;2020-10-09 00:00:00;0;
917;B&P-047-LF-206-LD;NO EXIST.;NO EXIST.;NO EXIST.;2020-10-07 00:00:00;A;
918;BPB-047-HA-212-LD;NO EXIST.;NO EXIST.;NO EXIST.;2020-10-08 00:00:00;C;
919;BPB-047-HA-210-LD;NO EXIST.;NO EXIST.;NO EXIST.;2018-02-01 00:00:00;0;
920;BPB-047-FT-204-LD;NO EXIST.;NO EXIST.;NO EXIST.;2018-01-30 00:00:00;0;
921;BPB-047-FT-203-LD;NO EXIST.;NO EXIST.;NO EXIST.;2020-10-09 00:00:00;A;
922;BPB-047-FB-210-LD;NO EXIST.;NO EXIST.;NO EXIST.;2020-10-07 00:00:00;A;
923;BPB-PE-208-A1;NO EXIST.;NO EXIST.;NO EXIST.;2020-11-19 00:00:00;0;
924;BPB-047-T-206 - JSJZ;NO EXIST.;NO EXIST.;NO EXIST.;2020-10-07 00:00:00;B;
925;BPB-047-T-205- JSJZ;NO EXIST.;NO EXIST.;NO EXIST.;2020-10-07 00:00:00;B;
926;BPB-047-FC-211-L-JSJZ;NO EXIST.;NO EXIST.;NO EXIST.;2020-10-07 00:00:00;0;
927;B&P-047-FB-209-JSJZ;NO EXIST.;NO EXIST.;NO EXIST.;2020-10-07 00:00:00;A;
928;BPB-047-PE-209-JSJZ;NO EXIST.;NO EXIST.;NO EXIST.;2019-07-25 00:00:00;0;
929;B&P-047-LF-205-JSJZ;NO EXIST.;NO EXIST.;NO EXIST.;2020-10-07 00:00:00;B;
930;B&P-047-HA-208-JSJZ;NO EXIST.;NO EXIST.;NO EXIST.;2020-10-08 00:00:00;A;
931;B&P-047-FC-207-JSJZ;NO EXIST.;NO EXIST.;NO EXIST.;2021-09-14 00:00:00;B;
932;BPB-047-F-210-JSJZ;NO EXIST.;NO EXIST.;NO EXIST.;2020-10-09 00:00:00;A;
933;B&P-059-AG590026-05-XCYW;NO EXIST.;NO EXIST.;NO EXIST.;2021-08-27 00:00:00;C;
934;B&P-037-AG590026-06-XCYW;NO EXIST.;NO EXIST.;NO EXIST.;Plano Cliente;0;
935;BPB-037-BP-18030 - BPB;NO EXIST.;NO EXIST.;NO EXIST.;2018-09-21 00:00:00;0;
936;B&P-059-AG590026-04-XCYW;NO EXIST.;NO EXIST.;NO EXIST.;2021-10-19 00:00:00;D;
937;B&P-003-TDX010 - DEFA;NO EXIST.;NO EXIST.;NO EXIST.;2012-09-04 00:00:00;0;
938;BPB-037-BP-20001-05-JSTX;NO EXIST.;NO EXIST.;NO EXIST.;2019-12-06 00:00:00;0;
939;BPB-037-BP-20001-04-JSTX;NO EXIST.;NO EXIST.;NO EXIST.;2019-12-06 00:00:00;0;
940;BPB-037-BP-20001-03-JSTX;NO EXIST.;NO EXIST.;NO EXIST.;2019-12-06 00:00:00;0;
941;BPB-037-BP-20001-02-JSTX;NO EXIST.;NO EXIST.;NO EXIST.;2019-12-06 00:00:00;0;
942;BPB-037-BP-20001-01-JSTX;NO EXIST.;NO EXIST.;NO EXIST.;2019-12-06 00:00:00;0;
943;BPB-037-DIN-472-40-XCYW;NO EXIST.;NO EXIST.;NO EXIST.;2020-10-14 00:00:00;0;
944;B&P-040-81212-HLBR;NO EXIST.;NO EXIST.;NO EXIST.;2021-04-21 00:00:00;B;
945;BPB-027-OIL-8394-XCYW;NO EXIST.;NO EXIST.;NO EXIST.;ver catalogo;0;
946;BPB-034-PHS-25-DER-KGB;NO EXIST.;NO EXIST.;NO EXIST.;2021-03-26 00:00:00;0;
947;BPB-034-POSB-8-IZQ-KGB;NO EXIST.;NO EXIST.;NO EXIST.;2013-06-13 00:00:00;0;
948;BPB-034-PHS-8-IZQ-KGB;NO EXIST.;NO EXIST.;NO EXIST.;2021-03-25 00:00:00;0;
949;BPB-032-BP15010-01-TZCH;NO EXIST.;NO EXIST.;NO EXIST.;2016-07-29 00:00:00;A;
950;BPB-032-BP15009-02-TZCH;NO EXIST.;NO EXIST.;NO EXIST.;2015-09-22 00:00:00;0;
951;BPB-032-BP15009-01-TZCH;NO EXIST.;NO EXIST.;NO EXIST.;2016-07-29 00:00:00;A;
952;BPB-059-GU-2047;NO EXIST.;NO EXIST.;NO EXIST.;2021-11-19 00:00:00;0;
953;BPB-033-OL-80-2-CHOHO;NO EXIST.;NO EXIST.;NO EXIST.;2016-05-02 00:00:00;0;
954;BPB-033-CA550-A1-CL-CHOHO;NO EXIST.;NO EXIST.;NO EXIST.;2016-05-02 00:00:00;0;
955;BPB-047-F-209-L - ESUN;NO EXIST.;NO EXIST.;NO EXIST.;2017-03-06 00:00:00;0;
956;BPB-033-CA555R-QX48P - ZJXY;NO EXIST.;NO EXIST.;NO EXIST.;2015-11-09 00:00:00;0;
957;B&P-027-205-BR-09-HNDH;NO EXIST.;NO EXIST.;NO EXIST.;2021-03-30 00:00:00;0;
958;B&P-027-207-BR-09-HNDH;NO EXIST.;NO EXIST.;NO EXIST.;2021-03-30 00:00:00;0;
959;B&P-027-209-BR-09-HNDH;NO EXIST.;NO EXIST.;NO EXIST.;2021-03-30 00:00:00;0;
960;B&P-027-211-BR-09-HNDH;NO EXIST.;NO EXIST.;NO EXIST.;2021-03-30 00:00:00;0;
961;B&P-047-PE-207-HAR-JSJZ;NO EXIST.;NO EXIST.;NO EXIST.;2021-07-12 00:00:00;A;
962;B&P-047-PE-210-4G-JSJZ;NO EXIST.;NO EXIST.;NO EXIST.;2021-07-12 00:00:00;A;
963;B&P-047-PE-208-HAR-JSJZ;NO EXIST.;NO EXIST.;NO EXIST.;2021-07-12 00:00:00;A;
964;B&P-047-PE-209-JSJZ;NO EXIST.;NO EXIST.;NO EXIST.;2020-11-04 00:00:00;0;
965;B&P-047-PE-209-4G-JSJZ;NO EXIST.;NO EXIST.;NO EXIST.;2020-11-04 00:00:00;0;
966;B&P-047-PE-211-HT-JSJZ;NO EXIST.;NO EXIST.;NO EXIST.;2021-05-27 00:00:00;0;
967;B&P-047-FS-210-4G-JSJZ;NO EXIST.;NO EXIST.;NO EXIST.;2021-07-12 00:00:00;A;
968;B&P-047-FTS-206-4G-JSJZ;NO EXIST.;NO EXIST.;NO EXIST.;2022-10-11 00:00:00;B;
969;B&P-047-FTS-205-H4-JSJZ;NO EXIST.;NO EXIST.;NO EXIST.;2020-05-19 00:00:00;0;
970;B&P-047-LP-205-4G-JSJZ;NO EXIST.;NO EXIST.;NO EXIST.;2020-11-04 00:00:00;0;
971;B&P-047-F-205-H-JSJZ;NO EXIST.;NO EXIST.;NO EXIST.;2020-11-06 00:00:00;0;
972;BPB-037-ATL-X000-03-TZCH;NO EXIST.;NO EXIST.;NO EXIST.;2016-10-28 00:00:00;0;
973;B&P-059-AG590026-01-XCYW;NO EXIST.;NO EXIST.;NO EXIST.;2021-12-06 00:00:00;I;
974;BPB-037-DIN-472-75-XCYW;NO EXIST.;NO EXIST.;NO EXIST.;-;-;
975;B&P-037-BP-20005-BI-YMS;NO EXIST.;NO EXIST.;NO EXIST.;2020-11-09 00:00:00;0;
976;B&P-037-BP-20005-BD-YMS;NO EXIST.;NO EXIST.;NO EXIST.;2020-11-09 00:00:00;0;
977;B&P-052-AG590026-03;NO EXIST.;NO EXIST.;NO EXIST.;2021-07-30 00:00:00;B;
978;B&P-045-PFT-5-Z-CZCY;NO EXIST.;NO EXIST.;NO EXIST.;2022-01-17 00:00:00;E;
979;B&P-045-PFF-8-Z-CZCY;NO EXIST.;NO EXIST.;NO EXIST.;2023-10-09 00:00:00;F;
980;B&P-059-AG590026-01Z;NO EXIST.;NO EXIST.;NO EXIST.;2021-12-06 00:00:00;I;
981;B&P-034-BL-10-BD-TZDR;NO EXIST.;NO EXIST.;NO EXIST.;2021-11-29 00:00:00;A;
982;BPB-037-BP-18018-BD-YMS;NO EXIST.;NO EXIST.;NO EXIST.;2019-11-15 00:00:00;B;
983;BPB-037-BP-18018-BI-YMS;NO EXIST.;NO EXIST.;NO EXIST.;2019-11-15 00:00:00;B;
984;B&P-059-AG590026-02-XCYW;NO EXIST.;NO EXIST.;NO EXIST.;2022-08-19 00:00:00;H;
985;B&P-052-AG590026-03-XCYW;NO EXIST.;NO EXIST.;NO EXIST.;2021-07-30 00:00:00;B;
986; ;NO EXIST.;NO EXIST.;NO EXIST.;2021-10-19 00:00:00;D;
987;B&P-004-AG590026-07-HNDH;NO EXIST.;NO EXIST.;NO EXIST.;2021-07-26 00:00:00;0;
988;B&P-048-FDECL211-55-HNHS;NO EXIST.;NO EXIST.;NO EXIST.;2011-06-22 00:00:00;0;
989;BPB-048-NTB1613-2RST - YS;Radial;20µm;8µm;2021-08-12 00:00:00;E;
990;BPB-033-CL-80-1-CHOHO;NO EXIST.;NO EXIST.;NO EXIST.;2017-06-08 00:00:00;0;
991;B&P-045-PFD-5-Z-CZCY;NO EXIST.;NO EXIST.;NO EXIST.;2022-08-24 00:00:00;D;
992;B&P-045-PFT-4-Z-CZCY;NO EXIST.;NO EXIST.;NO EXIST.;2021-10-13 00:00:00;B;
993;B&P-047-FT-205-H- LCTP;NO EXIST.;NO EXIST.;NO EXIST.;2021-09-03 00:00:00;D;
994;B&P-048-BP-12011-01 - CMI;Axial;100µm;50µm;2022-05-16 00:00:00;F;
995;B&P-047-T-210-LCTP;NO EXIST.;NO EXIST.;NO EXIST.;2022-02-11 00:00:00;0;
996;B&P-047-PA-209-LCTP;NO EXIST.;NO EXIST.;NO EXIST.;2022-02-11 00:00:00;0;
997;B&P-047-LF-206-LCTP;NO EXIST.;NO EXIST.;NO EXIST.;2022-02-11 00:00:00;0;
998;B&P-047-LF-205-LCTP;NO EXIST.;NO EXIST.;NO EXIST.;2022-02-11 00:00:00;0;
999;B&P-047-FC-209-LCTP;NO EXIST.;NO EXIST.;NO EXIST.;2022-02-11 00:00:00;0;
1000;B&P-047-F-211-LCTP;NO EXIST.;NO EXIST.;NO EXIST.;2022-02-11 00:00:00;0;
1001;B&P-047-HA-209-LCTP;NO EXIST.;NO EXIST.;NO EXIST.;2022-02-16 00:00:00;B;
1002;B&P-047-PE-211-FN      ;NO EXIST.;NO EXIST.;NO EXIST.;2023-09-18 00:00:00;A;
1003;B&P-047-T-205-13-FN    ;NO EXIST.;NO EXIST.;NO EXIST.;2024-11-27 00:00:00;G;
1004;B&P-047-PE-209-FN      ;NO EXIST.;NO EXIST.;NO EXIST.;2025-02-25 00:00:00;B;
1005;B&P-047-PE-208-FN      ;NO EXIST.;NO EXIST.;NO EXIST.;2023-04-04 00:00:00;A;
1006;B&P-047-PE-206-FN      ;NO EXIST.;NO EXIST.;NO EXIST.;2024-11-27 00:00:00;D;
1007;B&P-047-PE-205-FN      ;NO EXIST.;NO EXIST.;NO EXIST.;2021-12-22 00:00:00;0;
1008;B&P-047-LF-203-FN      ;NO EXIST.;NO EXIST.;NO EXIST.;2021-12-21 00:00:00;0;
1009;B&P-047-F-206-FN       ;NO EXIST.;NO EXIST.;NO EXIST.;2024-11-26 00:00:00;C;
1010;B&P-047-F-207-FN       ;NO EXIST.;NO EXIST.;NO EXIST.;2024-11-27 00:00:00;C;
1011;B&P-047-F-208-FN       ;NO EXIST.;NO EXIST.;NO EXIST.;2024-11-27 00:00:00;B;
1012;B&P-047-F-209-FN       ;NO EXIST.;NO EXIST.;NO EXIST.;2025-02-25 00:00:00;C;
1013;B&P-047-FT-206-FN      ;NO EXIST.;NO EXIST.;NO EXIST.;2023-10-18 00:00:00;F;
1014;B&P-047-F-210-FN       ;NO EXIST.;NO EXIST.;NO EXIST.;2023-10-18 00:00:00;C;
1015;B&P-047-F-213-FN       ;NO EXIST.;NO EXIST.;NO EXIST.;2022-01-12 00:00:00;A;
1016;B&P-047-FD-205-FN      ;NO EXIST.;NO EXIST.;NO EXIST.;2023-07-13 00:00:00;B;
1017;B&P-047-FD-204-FN      ;NO EXIST.;NO EXIST.;NO EXIST.;2021-12-21 00:00:00;0;
1018;B&P-048-FC-210-FN      ;NO EXIST.;NO EXIST.;NO EXIST.;2023-09-18 00:00:00;A;
1019;B&P-047-FC-208-FN      ;NO EXIST.;NO EXIST.;NO EXIST.;2023-10-18 00:00:00;B;
1020;B&P-047-FC-207-FN      ;NO EXIST.;NO EXIST.;NO EXIST.;27/11/20240;C;
1021;B&P-047-FC-206-FN      ;NO EXIST.;NO EXIST.;NO EXIST.;2021-12-21 00:00:00;0;
1022;B&P-047-PE-212-JSJZ     ;NO EXIST.;NO EXIST.;NO EXIST.;2021-12-10 00:00:00;0;
1023;B&P-047-FB-209-GXTY;NO EXIST.;NO EXIST.;NO EXIST.;2023-04-06 00:00:00;C;
1024;BPB-033-CA627-M5A-24 - CHOHO;NO EXIST.;NO EXIST.;NO EXIST.;2020-12-22 00:00:00;0;
1025;BPB-033-CA627-M40A -5- CHOHO;NO EXIST.;NO EXIST.;NO EXIST.;2016-09-09 00:00:00;0;
1026;BPB-033-CA627-M40A - 7-CHOHO;NO EXIST.;NO EXIST.;NO EXIST.;2016-09-09 00:00:00;0;
1027;BPB-037-MP81100-ESUN;NO EXIST.;NO EXIST.;NO EXIST.;2021-11-16 00:00:00;0;
1028;B&P-047-SFC-85-M - JSJZ;NO EXIST.;NO EXIST.;NO EXIST.;2022-07-13 00:00:00;E;
1029;B&P-037-BP-20005-BI-FN;NO EXIST.;NO EXIST.;NO EXIST.;2022-05-03 00:00:00;A;
1030;B&P-037-BP-20005-BD-FN;NO EXIST.;NO EXIST.;NO EXIST.;2022-05-03 00:00:00;A;
1031;B&P-037-BP-12011-BD2- FN;NO EXIST.;NO EXIST.;NO EXIST.;2022-04-12 00:00:00;C;
1032;B&P-037-BP-12011-BI2- FN;NO EXIST.;NO EXIST.;NO EXIST.;2022-04-12 00:00:00;C;
1033;B&P-047-PE-207-FN;NO EXIST.;NO EXIST.;NO EXIST.;2024-11-27 00:00:00;E;
1034;B&P-047-F-209-3-LD;NO EXIST.;NO EXIST.;NO EXIST.;2022-05-04 00:00:00;B;
1035;B&P-045-PFF-9-Z-CZCY;NO EXIST.;NO EXIST.;NO EXIST.;2022-05-19 00:00:00;E;
1036;B&P-033-CA627-M40A-9- CHOHO;NO EXIST.;NO EXIST.;NO EXIST.;2022-06-27 00:00:00;A;
1037;B&P-033-CA555R-QX48P - CHOHO;NO EXIST.;NO EXIST.;NO EXIST.;2022-06-27 00:00:00;A;
1038;B&P-033-CA555R-C5E-M-CHOHO;NO EXIST.;NO EXIST.;NO EXIST.;2022-09-15 00:00:00;A;
1039;B&P-047-PE-214-JSJZ;NO EXIST.;NO EXIST.;NO EXIST.;2022-07-14 00:00:00;B;
1040;B&P-047-PE209-M-JSJZ;NO EXIST.;NO EXIST.;NO EXIST.;2022-05-05 00:00:00;E;
1041;B&P-047-BP-18011- JSJZ;NO EXIST.;NO EXIST.;NO EXIST.;2021-09-20 00:00:00;D;
1042;B&P-035-IR-25-29-30-JSGY;NO EXIST.;NO EXIST.;NO EXIST.;2022-08-16 00:00:00;B;
1043;B&P-037-M04132-KSGC   ;NO EXIST.;NO EXIST.;NO EXIST.;2021-09-14 00:00:00;0;
1044;BPB-033-ASA80-1H-REE - CHOHO;NO EXIST.;NO EXIST.;NO EXIST.;2015-11-10 00:00:00;0;PARA PO#949
1045;B&P-033-CCL-80-1-CHOHO;NO EXIST.;NO EXIST.;NO EXIST.;2016-05-03 00:00:00;0;
1046;B&P-033-CCL-80-1-H-CHOHO;NO EXIST.;NO EXIST.;NO EXIST.;2016-05-03 00:00:00;0;
1047;B&P-033-CCL-60-2-CHOHO;NO EXIST.;NO EXIST.;NO EXIST.;2022-07-20 00:00:00;0;
1048;B&P-033-CCL-60-1H-CHOHO;NO EXIST.;NO EXIST.;NO EXIST.;2022-07-20 00:00:00;0;
1049;B&P-033-CCL-60-1-CHOHO;NO EXIST.;NO EXIST.;NO EXIST.;2022-07-20 00:00:00;0;
1050;B&P-033-CCL-50-1H-CHOHO;NO EXIST.;NO EXIST.;NO EXIST.;2022-07-20 00:00:00;0;
1051;B&P-033-CCL-50-1-CHOHO;NO EXIST.;NO EXIST.;NO EXIST.;2022-07-20 00:00:00;0;
1052;B&P-033-CCL-80-2-CHOHO;NO EXIST.;NO EXIST.;NO EXIST.;2022-07-20 00:00:00;0;
1053;B&P-033-CA-550-A1-CHOHO;NO EXIST.;NO EXIST.;NO EXIST.;2022-09-07 00:00:00;A;
1054;B&P-033-CA550K-19SE4 - CHOHO;NO EXIST.;NO EXIST.;NO EXIST.;2022-09-07 00:00:00;B;
1055;B&P-033-CA550K-19SE2 - CHOHO;NO EXIST.;NO EXIST.;NO EXIST.;2022-09-07 00:00:00;B;
1056;B&P-033-CA555-C6E-52-CHOHO;NO EXIST.;NO EXIST.;NO EXIST.;2022-09-07 00:00:00;A;
1057;B&P-033-CA-550-A1-CL-CHOHO;NO EXIST.;NO EXIST.;NO EXIST.;2016-05-02 00:00:00;0;
1058;B&P-033-ASA-50-2-CHOHO;NO EXIST.;NO EXIST.;NO EXIST.;2022-09-07 00:00:00;A;
1059;B&P-033-ASA-60-1-CHOHO;NO EXIST.;NO EXIST.;NO EXIST.;2022-09-07 00:00:00;B;
1060;B&P-033-ASA60-1H-REE-CHOHO;NO EXIST.;NO EXIST.;NO EXIST.;2022-09-07 00:00:00;A;
1061;B&P-033-ASA60-1-REEL-CHOHO;NO EXIST.;NO EXIST.;NO EXIST.;2022-09-07 00:00:00;B;
1062;B&P-033-ASA-60-2-CHOHO;NO EXIST.;NO EXIST.;NO EXIST.;2022-09-07 00:00:00;A;
1063;B&P-033-ASA-80-1-CHOHO;NO EXIST.;NO EXIST.;NO EXIST.;2022-09-07 00:00:00;B;
1064;B&P-033-ASA-80-1H-CHOHO;NO EXIST.;NO EXIST.;NO EXIST.;2022-09-07 00:00:00;A;
1065;B&P-033-ASA80-1H-REE-CHOHO;NO EXIST.;NO EXIST.;NO EXIST.;2022-09-07 00:00:00;A;
1066;B&P-033-ASA80-1-REEL-CHOHO;NO EXIST.;NO EXIST.;NO EXIST.;2022-09-07 00:00:00;B;
1067;B&P-033-CL-40-1-CHOHO;NO EXIST.;NO EXIST.;NO EXIST.;2022-09-08 00:00:00;0;
1068;B&P-033-CL-60-1-CHOHO;NO EXIST.;NO EXIST.;NO EXIST.;2016-05-03 00:00:00;0;
1069;B&P-033-CL-60-1H-CHOHO;NO EXIST.;NO EXIST.;NO EXIST.;2016-06-02 00:00:00;0;
1070;B&P-033-CL-60-2-CHOHO;NO EXIST.;NO EXIST.;NO EXIST.;22/08/207;0;
1071;B&P-033-CL-80-1-CHOHO;NO EXIST.;NO EXIST.;NO EXIST.;2017-06-08 00:00:00;0;
1072;B&P-033-CL-80-2-CHOHO;NO EXIST.;NO EXIST.;NO EXIST.;2017-12-05 00:00:00;0;
1073;B&P-033-OL-60-1H-CHOHO;NO EXIST.;NO EXIST.;NO EXIST.;2023-06-05 00:00:00;0;
1074;B&P-033-OL-80-1-CHOHO;NO EXIST.;NO EXIST.;NO EXIST.;2016-05-03 00:00:00;0;
1075;B&P-033-OL-80-2-CHOHO;NO EXIST.;NO EXIST.;NO EXIST.;2016-05-02 00:00:00;0;
1076;B&P-047-FB-210-FN;NO EXIST.;NO EXIST.;NO EXIST.;2022-10-19 00:00:00;A;
1077;B&P-047-FB-211-FN;NO EXIST.;NO EXIST.;NO EXIST.;2022-09-02 00:00:00;A;
1078;B&P-047-FT-204-FN;NO EXIST.;NO EXIST.;NO EXIST.;2022-11-15 00:00:00;C;
1079;B&P-047-HA-207-FN;NO EXIST.;NO EXIST.;NO EXIST.;2022-11-09 00:00:00;A;
1080;B&P-047-SFC-72-M-JSJZ;NO EXIST.;NO EXIST.;NO EXIST.;2022-09-19 00:00:00;A;
1081;B&P-047-F-216-JSJZ;NO EXIST.;NO EXIST.;NO EXIST.;2022-10-11 00:00:00;0;
1082;B&P-047-PE-216-JSJZ;NO EXIST.;NO EXIST.;NO EXIST.;2022-10-11 00:00:00;0;
1083;B&P-034-GE-25-ES-2RS-HLBR;NO EXIST.;NO EXIST.;NO EXIST.;2022-08-11 00:00:00;0;
1084;B&P-034-GE-50-ES-2RS-HLBR;NO EXIST.;NO EXIST.;NO EXIST.;2022-08-11 00:00:00;A;
1085;B&P-034-GEZ-108-ES-2-HLBR;NO EXIST.;NO EXIST.;NO EXIST.;2022-08-11 00:00:00;A;
1086;B&P-040-51115-HLBR;NO EXIST.;NO EXIST.;NO EXIST.;2024-11-06 00:00:00;C;
1087;B&P-040-51217-HLBR;NO EXIST.;NO EXIST.;NO EXIST.;2022-08-05 00:00:00;B;
1088;B&P-040-81212-HLBR;NO EXIST.;NO EXIST.;NO EXIST.;2023-06-15 00:00:00;D;
1089;B&P-040-81210-HLBR;NO EXIST.;NO EXIST.;NO EXIST.;2022-07-20 00:00:00;C;
1090;B&P-040-51118-HLBR;NO EXIST.;NO EXIST.;NO EXIST.;2022-08-05 00:00:00;A;
1091;B&P-040-51111-HLBR;NO EXIST.;NO EXIST.;NO EXIST.;2025-03-14 00:00:00;B;
1092;B&P-040-51112-HLBR;NO EXIST.;NO EXIST.;NO EXIST.;2022-08-05 00:00:00;C;
1093;B&P-040-51117-HLBR;NO EXIST.;NO EXIST.;NO EXIST.;2024-04-03 00:00:00;B;
1094;B&P-040-51103-HLBR;NO EXIST.;NO EXIST.;NO EXIST.;2024-04-10 00:00:00;C;
1095;B&P-040-51105-HLBR;NO EXIST.;NO EXIST.;NO EXIST.;2023-06-28 00:00:00;B;
1096;B&P-040-51107-HLBR;NO EXIST.;NO EXIST.;NO EXIST.;2024-05-14 00:00:00;B;
1097;B&P-040-51209-HLBR;NO EXIST.;NO EXIST.;NO EXIST.;2022-08-05 00:00:00;A;
1098;B&P-045-PFT-6-Z-CZCY;NO EXIST.;NO EXIST.;NO EXIST.;2022-05-19 00:00:00;D;
1099;B&P-045-PFL-8-Z-CZCY;NO EXIST.;NO EXIST.;NO EXIST.;2022-06-24 00:00:00;A;
1100;B&P-045-PFL-6-Z-CZCY;NO EXIST.;NO EXIST.;NO EXIST.;2025-06-04 00:00:00;F;
1101;B&P-010-LOC207-35-HNHL;NO EXIST.;NO EXIST.;NO EXIST.;2022-06-15 00:00:00;A;
1102;B&P-034-PHS-16-IZQ.-KGB;NO EXIST.;NO EXIST.;NO EXIST.;2022-08-09 00:00:00;0;
1103;B&P-034-PHSB-6-DER-KGB;NO EXIST.;NO EXIST.;NO EXIST.;2016-05-06 00:00:00;0;
1104;B&P-034-POS-6-DER.-KGB;NO EXIST.;NO EXIST.;NO EXIST.;2022-08-10 00:00:00;0;
1105;B&P-034-PHS-6-IZQ.-KGB;NO EXIST.;NO EXIST.;NO EXIST.;2022-08-08 00:00:00;0;
1106;B&P-034-POS-8-DER.-KGB;NO EXIST.;NO EXIST.;NO EXIST.;2022-08-10 00:00:00;0;
1107;B&P-034-POS-10-DER.-KGB;NO EXIST.;NO EXIST.;NO EXIST.;2013-06-12 00:00:00;0;
1108;B&P-034-POS-12-DER.-KGB;NO EXIST.;NO EXIST.;NO EXIST.;2022-08-08 00:00:00;0;
1109;B&P-034-POS-16-DER.-KGB;NO EXIST.;NO EXIST.;NO EXIST.;2022-08-10 00:00:00;0;
1110;B&P-034-POSB-6-DER.-KGB;NO EXIST.;NO EXIST.;NO EXIST.;2024-03-20 00:00:00;A;
1111;B&P-034-POSB-8-DER.-KGB;NO EXIST.;NO EXIST.;NO EXIST.;2021-03-25 00:00:00;0;
1112;B&P-034-PHS-8-DER-KGB;NO EXIST.;NO EXIST.;NO EXIST.;2021-03-25 00:00:00;0;
1113;B&P-034-PHS-8-IZQ-KGB;NO EXIST.;NO EXIST.;NO EXIST.;2021-03-25 00:00:00;0;
1114;B&P-034-PHS-10-DER-KGB;NO EXIST.;NO EXIST.;NO EXIST.;2021-06-25 00:00:00;A;
1115;B&P-034-PHS-10-IZQ.-KGB;NO EXIST.;NO EXIST.;NO EXIST.;2022-08-11 00:00:00;0;
1116;B&P-034-PHS-12-IZQ.-KGB;NO EXIST.;NO EXIST.;NO EXIST.;2022-08-11 00:00:00;0;
1117;B&P-045-PFF-11-Z-CZCY;NO EXIST.;NO EXIST.;NO EXIST.;2025-02-18 00:00:00;B;
1118;B&P-045-PFF-10-Z-CZCY;NO EXIST.;NO EXIST.;NO EXIST.;2022-08-30 00:00:00;A;
1119;B&P-033-ASA410-REEL-SZTD;NO EXIST.;NO EXIST.;NO EXIST.;2022-09-14 00:00:00;A;
1120;B&P-035-CF18-JSGY;NO EXIST.;NO EXIST.;NO EXIST.;2022-12-12 00:00:00;0;
1121;BPB-045-BP-19001-01 - CZCY;NO EXIST.;NO EXIST.;NO EXIST.;2023-02-10 00:00:00;E;
1122;B&P-051-H-316-JSXW;NO EXIST.;NO EXIST.;NO EXIST.;2022-08-23 00:00:00;0;
1123;B&P-051-H-322-JSXW;NO EXIST.;NO EXIST.;NO EXIST.;2024-09-12 00:00:00;A;
1124;BPB-027-RLD-6805-MID;NO EXIST.;NO EXIST.;NO EXIST.;Plano Ingenieria;-;
1125;B&P-033-ASA-100-1-CHOHO;NO EXIST.;NO EXIST.;NO EXIST.;2022-09-08 00:00:00;A;
1126;B&P-033-ASA-40-1-REEL - CHOHO;NO EXIST.;NO EXIST.;NO EXIST.;2022-09-07 00:00:00;B;
1127;B&P-033-ASA-50-1-REEL - CHOHO;NO EXIST.;NO EXIST.;NO EXIST.;2022-09-07 00:00:00;B;
1128;B&P-033-ASA-50-1H-CHOHO;NO EXIST.;NO EXIST.;NO EXIST.;2022-09-08 00:00:00;A;
1129;B&P-033-ASA-60-1H - CHOHO;NO EXIST.;NO EXIST.;NO EXIST.;2022-09-07 00:00:00;A;
1130;B&P-033-ASA-80-2-REEL- CHOHO;NO EXIST.;NO EXIST.;NO EXIST.;2022-09-07 00:00:00;A;
1131;B&P-033-ASA-40-2 - CHOHO;NO EXIST.;NO EXIST.;NO EXIST.;2022-09-08 00:00:00;A;
1132;B&P-033-CA550KL19SE4-CHOHO;NO EXIST.;NO EXIST.;NO EXIST.;2020-07-24 00:00:00;0;
1133;B&P-033-CA550KL19SE2-CHOHO;NO EXIST.;NO EXIST.;NO EXIST.;2020-07-24 00:00:00;0;
1134;B&P-051-H-207-JSXW;NO EXIST.;NO EXIST.;NO EXIST.;2022-08-23 00:00:00;0;
1135;B&P-047-FT-205-H-FN;NO EXIST.;NO EXIST.;NO EXIST.;2021-12-21 00:00:00;0;
1136;B&P-051-H-208-JSXW;NO EXIST.;NO EXIST.;NO EXIST.;2022-08-23 00:00:00;0;
1137;B&P-051-H-2311-JSXW;NO EXIST.;NO EXIST.;NO EXIST.;2022-09-05 00:00:00;A;
1138;B&P-051-H-2313-JSXW;NO EXIST.;NO EXIST.;NO EXIST.;2022-09-05 00:00:00;A;
1139;B&P-051-H-308-JSXW;NO EXIST.;NO EXIST.;NO EXIST.;2022-08-23 00:00:00;0;
1140;B&P-051-H-309-JSXW;NO EXIST.;NO EXIST.;NO EXIST.;2024-09-12 00:00:00;A;
1141;B&P-051-H-311-JSXW;NO EXIST.;NO EXIST.;NO EXIST.;2024-09-12 00:00:00;B;
1142;BPB-037-DIN-472-47;NO EXIST.;NO EXIST.;NO EXIST.;-;-;Controlar por catalogo
1143;B&P-033-ASA-100-2-CHOHO;NO EXIST.;NO EXIST.;NO EXIST.;2022-09-08 00:00:00;A;
1144;B&P-033-ASA415-H-REE-CHOHO;NO EXIST.;NO EXIST.;NO EXIST.;2022-09-07 00:00:00;A;
1145;BPB-037-SUP-ENG-08;NO EXIST.;NO EXIST.;NO EXIST.;2023-07-21 00:00:00;0;
1146;B&P-048-FD211-112SQ-HNHS;Radial;43µm;18µm;2024-04-15 00:00:00;C;
1147;B&P-047-PE-210-HAR;NO EXIST.;NO EXIST.;NO EXIST.;2023-02-06 00:00:00;0;
1148;B&P-045-PFD-5-Z-MID;NO EXIST.;NO EXIST.;NO EXIST.;2022-08-24 00:00:00;D;
1149;B&P-048-AG59205SB-MID;NO EXIST.;NO EXIST.;NO EXIST.;2023-07-12 00:00:00;B;
1150;B&P-048-AG59205SBI-MID;NO EXIST.;NO EXIST.;NO EXIST.;2023-07-12 00:00:00;B;
1151;BPB-056-ENG307516CHS;NO EXIST.;NO EXIST.;NO EXIST.;2023-08-28 00:00:00;0;
1152;BPB-056-DS3075C25CHS;NO EXIST.;NO EXIST.;NO EXIST.;2023-08-25 00:00:00;0;
1153;B&P-048-BP-12011-01 - ESUN;Axial;100µm;50µm;2022-05-16 00:00:00;F;
1154;B&P-048-BP-18013-CMI;Axial C5;100µm;50µm;2022-07-07 00:00:00;C;
1155;B&P-048-BP-18013-ESUN;Axial C5;100µm;50µm;2022-07-07 00:00:00;C;
1156;B&P-048-J91-C - ESUN;Axial;250;150;2022-05-17 00:00:00;C;
1157;B&P-048-FDECL211-55-ESUN;NO EXIST.;NO EXIST.;NO EXIST.;2011-06-22 00:00:00;0;
1158;B&P-048-FD211-112SQ-ESUN;Radial;43µm;18µm;2022-11-14 00:00:00;B;
1159;BP-22002-B1;NO EXIST.;NO EXIST.;NO EXIST.;2022-11-24 00:00:00;0;
1160;BP-22002-B2;NO EXIST.;NO EXIST.;NO EXIST.;2022-11-24 00:00:00;0;
1161;BP-22002-B3;NO EXIST.;NO EXIST.;NO EXIST.;2022-11-24 00:00:00;0;
1162;BP-22002-B4;NO EXIST.;NO EXIST.;NO EXIST.;2022-11-24 00:00:00;0;
1163;B&P-047-F-212-FN;NO EXIST.;NO EXIST.;NO EXIST.;2025-01-24 00:00:00;D;
1164;B&P-047-LF-206-FN;NO EXIST.;NO EXIST.;NO EXIST.;2023-04-17 00:00:00;A;
1165;B&P-047-FC-205-FN;NO EXIST.;NO EXIST.;NO EXIST.;2023-04-17 00:00:00;A;
1166;B&P-047-F-204-FN;NO EXIST.;NO EXIST.;NO EXIST.;2023-04-24 00:00:00;B;
1167;B&P-047-FTS-206-4G-FN;NO EXIST.;NO EXIST.;NO EXIST.;2022-10-11 00:00:00;B;
1168;B&P-033-ASA-140-1H-CHOHO;NO EXIST.;NO EXIST.;NO EXIST.;2023-06-13 00:00:00;0;
1169;B&P-033-OL-140-1H-CHOHO;NO EXIST.;NO EXIST.;NO EXIST.;2023-06-13 00:00:00;0;
1170;B&P-033-CL-100-2-CHOHO;NO EXIST.;NO EXIST.;NO EXIST.;2024-03-04 00:00:00;0;
1171;B&P-033-CA-550-CHOHO;NO EXIST.;NO EXIST.;NO EXIST.;2023-08-01 00:00:00;A;
1172;B&P-033-CCL-140-1H-CHOHO;NO EXIST.;NO EXIST.;NO EXIST.;2023-06-12 00:00:00;0;
1173;B&P-033-CA627-M40A - CHOHO;NO EXIST.;NO EXIST.;NO EXIST.;2023-06-13 00:00:00;A;
1174;B&P-033-ASA80-2-REEL - CHOHO;NO EXIST.;NO EXIST.;NO EXIST.;2022-09-07 00:00:00;A;
1175;B&P-033-CL-100-1HR-CHOHO;NO EXIST.;NO EXIST.;NO EXIST.;2023-06-12 00:00:00;0;
1176;B&P-033-OL-50-1H-CHOHO;NO EXIST.;NO EXIST.;NO EXIST.;2023-06-05 00:00:00;0;
1177;B&P-033-OL-100-1-CHOHO;NO EXIST.;NO EXIST.;NO EXIST.;2023-06-05 00:00:00;0;
1178;B&P-033-OL-100-1H-CHOHO;NO EXIST.;NO EXIST.;NO EXIST.;2023-06-05 00:00:00;0;
1179;B&P-033-ASA-415-H-CHOHO;NO EXIST.;NO EXIST.;NO EXIST.;2022-09-07 00:00:00;A;
1180;B&P-033-ASA160-1H-RE-CHOHO;NO EXIST.;NO EXIST.;NO EXIST.;2023-06-06 00:00:00;A;
1181;B&P-040-51108-HLBR;NO EXIST.;NO EXIST.;NO EXIST.;2024-10-31 00:00:00;A;
1182;B&P-033-ASA-80-2- CHOHO;NO EXIST.;NO EXIST.;NO EXIST.;2022-09-07 00:00:00;A;
1183;B&P-033-ASA-120-1H- CHOHO;NO EXIST.;NO EXIST.;NO EXIST.;2023-02-06 00:00:00;0;
1184;B&P-033-OL-120-1H- CHOHO;NO EXIST.;NO EXIST.;NO EXIST.;2023-02-06 00:00:00;0;
1185;B&P-033-CL-120-1H- CHOHO;NO EXIST.;NO EXIST.;NO EXIST.;2023-02-06 00:00:00;0;
1186;B&P-037-BP-17010 - XINXIN;NO EXIST.;NO EXIST.;NO EXIST.;2019-11-25 00:00:00;C;
1187;B&P-040-51109-HLBR;NO EXIST.;NO EXIST.;NO EXIST.;2023-06-14 00:00:00;A;
1188;BPB-047-F4X208A-A1;NO EXIST.;NO EXIST.;NO EXIST.;2022-10-04 00:00:00;0;
1189;B&P-033-CCL-140-1-CHOHO;NO EXIST.;NO EXIST.;NO EXIST.;2023-10-11 00:00:00;0;
1190;B&P-033-CL-50-2-CHOHO;NO EXIST.;NO EXIST.;NO EXIST.;2020-12-29 00:00:00;0;
1191;B&P-033-OL-50-2-CHOHO;NO EXIST.;NO EXIST.;NO EXIST.;2023-09-26 00:00:00;0;
1192;B&P-033-OL-60-1-CHOHO;NO EXIST.;NO EXIST.;NO EXIST.;2016-05-02 00:00:00;0;
1193;B&P-033-OL-60-2-CHOHO;NO EXIST.;NO EXIST.;NO EXIST.;2020-12-29 00:00:00;0;
1194;B&P-033-OL-80-1-H - CHOHO;NO EXIST.;NO EXIST.;NO EXIST.;2016-05-02 00:00:00;0;
1195;B&P-033-CA627-M40A-7-CHOHO;NO EXIST.;NO EXIST.;NO EXIST.;2023-09-15 00:00:00;A;
1196;B&P-033-CL-415-H-CHOHO;NO EXIST.;NO EXIST.;NO EXIST.;2016-07-18 00:00:00;0;
1197;BPB-047-F4X208A;NO EXIST.;NO EXIST.;NO EXIST.;2022-09-06 00:00:00;0;
1198;000-001-AL030AR009-CZDT;NO EXIST.;NO EXIST.;NO EXIST.;2022-10-26 00:00:00;0;
1199;B&P-048-BP-23002-CMI;NO EXIST.;NO EXIST.;NO EXIST.;2023-08-07 00:00:00;0;
1200;B&P-047-FD-206-FN      ;NO EXIST.;NO EXIST.;NO EXIST.;2023-10-18 00:00:00;A;
1201;B&P-047-PE-212-FN    ;NO EXIST.;NO EXIST.;NO EXIST.;2023-10-27 00:00:00;C;
1202;B&P-047-FB-208-HA-FN;NO EXIST.;NO EXIST.;NO EXIST.;2023-10-18 00:00:00;A;
1203;B&P-047-T-206;NO EXIST.;NO EXIST.;NO EXIST.;2023-10-18 00:00:00;F;
1204;B&P-059-AG59001-A1;NO EXIST.;NO EXIST.;NO EXIST.;2024-03-01 00:00:00;0;
1205;B&P-047-PE-210-FN;NO EXIST.;NO EXIST.;NO EXIST.;2024-11-27 00:00:00;C;
1206;B&P-047-F-205-FN;NO EXIST.;NO EXIST.;NO EXIST.;2023-10-18 00:00:00;A;
1207;B&P-047-FD-207-FN;NO EXIST.;NO EXIST.;NO EXIST.;2023-10-18 00:00:00;C;
1208;B&P-047-FT-210-FN;NO EXIST.;NO EXIST.;NO EXIST.;2023-10-18 00:00:00;A;
1209;B&P-047-FC-209-FN;NO EXIST.;NO EXIST.;NO EXIST.;2024-01-08 00:00:00;C;
1210;B&P-047-FB-207-FN;NO EXIST.;NO EXIST.;NO EXIST.;2023-10-27 00:00:00;D;
1211;TSG-CCW-0040000-NBLX;NO EXIST.;NO EXIST.;NO EXIST.;2024-02-05 00:00:00;B;
1212;TSG-CCW-0070001-NBLX;NO EXIST.;NO EXIST.;NO EXIST.;2024-02-01 00:00:00;A;
1213;TSG-CCW-0070003-NBLX;NO EXIST.;NO EXIST.;NO EXIST.;2024-02-21 00:00:00;A;
1214;TSG-CCW-0070004-NBLX;NO EXIST.;NO EXIST.;NO EXIST.;2024-02-21 00:00:00;A;
1215;TSG-CCW-0070006-NBLX;NO EXIST.;NO EXIST.;NO EXIST.;2024-02-05 00:00:00;A;
1216;TSG-PAX-002F000-NBLX;NO EXIST.;NO EXIST.;NO EXIST.;2024-03-15 00:00:00;D;
1217;TSG-CCW-0030003-NBLX;NO EXIST.;NO EXIST.;NO EXIST.;2024-02-21 00:00:00;D;
1218;TSG-CAW-0000001-TLP;NO EXIST.;NO EXIST.;NO EXIST.;2023-12-18 00:00:00;0;
1219;TSG-PAX-0000001-TLP;NO EXIST.;NO EXIST.;NO EXIST.;2024-01-22 00:00:00;0;
1220;TSG-CCW-0010000-TLP;NO EXIST.;NO EXIST.;NO EXIST.;2024-01-31 00:00:00;A;
1221;TSG-CCW-0020000-TLP;NO EXIST.;NO EXIST.;NO EXIST.;2024-01-31 00:00:00;A;
1222;TSG-CCW-0030000-TLP;NO EXIST.;NO EXIST.;NO EXIST.;2024-02-05 00:00:00;B;
1223;TSG-CCW-0050001-TLP;NO EXIST.;NO EXIST.;NO EXIST.;2024-01-23 00:00:00;0;
1224;TSG-CCW-0050002-TLP;NO EXIST.;NO EXIST.;NO EXIST.;2024-02-01 00:00:00;A;
1225;TSG-CCW-0050003-TLP;NO EXIST.;NO EXIST.;NO EXIST.;2023-12-18 00:00:00;0;
1226;TSG-CCW-0050004-TLP;NO EXIST.;NO EXIST.;NO EXIST.;2024-01-22 00:00:00;0;
1227;TSG-CCW-0090001-TLP;NO EXIST.;NO EXIST.;NO EXIST.;2024-01-23 00:00:00;0;
1228;BPB-048-NTB0813-2RST;Radial;20µm;8µm;2024-04-15 00:00:00;A;
1229;BPB-045-PF-7-ZM;NO EXIST.;NO EXIST.;NO EXIST.;-;-;ver catalogo
1230;AG59520;NO EXIST.;NO EXIST.;NO EXIST.;2024-06-25 00:00:00;B;
1231;B&P-040-51208-HLBR;NO EXIST.;NO EXIST.;NO EXIST.;2024-10-31 00:00:00;B;
1232;B&P-040-51207-HLBR;NO EXIST.;NO EXIST.;NO EXIST.;2024-04-03 00:00:00;B;
1233;B&P-034-GE-17-ES-2RS-HLBR;NO EXIST.;NO EXIST.;NO EXIST.;2024-03-11 00:00:00;0;
1234;B&P-034-GE-40-ES-2RS-HLBR;NO EXIST.;NO EXIST.;NO EXIST.;2024-03-11 00:00:00;A;
1235;B&P-034-GE-60-ES-2RS-HLBR;NO EXIST.;NO EXIST.;NO EXIST.;2024-03-19 00:00:00;B;
1236;B&P-034-BL-10-BD-MID;NO EXIST.;NO EXIST.;NO EXIST.;2021-11-29 00:00:00;A;
1237;B&P-033-CA627-M40AY-CHOHO;NO EXIST.;NO EXIST.;NO EXIST.;2023-12-22 00:00:00;A;
1238;B&P-033-ASA-80-1H-REEL-CHOHO;NO EXIST.;NO EXIST.;NO EXIST.;2022-09-07 00:00:00;A;
1239;B&P-033-CL-40-2-CHOHO;NO EXIST.;NO EXIST.;NO EXIST.;2017-07-04 00:00:00;0;
1240;B&P-033-ASA-60-1H-REE-CHOHO;NO EXIST.;NO EXIST.;NO EXIST.;2022-09-07 00:00:00;A;
1241;B&P-034-PHS-12-DER-KGB;NO EXIST.;NO EXIST.;NO EXIST.;2024-03-20 00:00:00;B;
1242;B&P-034-GEZ-100-ES-2-KGB;NO EXIST.;NO EXIST.;NO EXIST.;2024-03-20 00:00:00;C;
1243;B&P-052-AG59205-02L-MID;NO EXIST.;NO EXIST.;NO EXIST.;2023-02-10 00:00:00;0;
1244;B&P-052-AG59205-02R-MID;NO EXIST.;NO EXIST.;NO EXIST.;2023-02-10 00:00:00;0;
1245;B&P-047-T-209-LCTP;NO EXIST.;NO EXIST.;NO EXIST.;2018-08-15 00:00:00;0;
1246;B&P-033-ASA180-1H-RE-CHOHO;NO EXIST.;NO EXIST.;NO EXIST.;2024-05-02 00:00:00;0;
1247;B&P-033-CA555R-C2E-48-CHOHO;NO EXIST.;NO EXIST.;NO EXIST.;2024-04-23 00:00:00;B;
1248;B&P-033-CL-180-1H-CHOHO;NO EXIST.;NO EXIST.;NO EXIST.;2024-05-02 00:00:00;0;
1249;B&P-048-205KRP2-6PF-HNHS;NO EXIST.;NO EXIST.;NO EXIST.;2024-04-16 00:00:00;C;
1250;B&P-059-AG590026-05-HNDH;NO EXIST.;NO EXIST.;NO EXIST.;2024-06-18 00:00:00;E;
1251;B&P-047-PA-209-FN;NO EXIST.;NO EXIST.;NO EXIST.;2025-03-19 00:00:00;D;
1252;B&P-047-F-210-C-FN       ;NO EXIST.;NO EXIST.;NO EXIST.;2024-06-11 00:00:00;A;
1253;B&P-033-ASA-80-1-REEL-CHOHO;NO EXIST.;NO EXIST.;NO EXIST.;2022-09-07 00:00:00;B;
1254;B&P-033-ASA-100-1H-CHOHO;NO EXIST.;NO EXIST.;NO EXIST.;2024-07-15 00:00:00;A;
1255;B&P-047-F-211-FN;NO EXIST.;NO EXIST.;NO EXIST.;2024-08-13 00:00:00;A;
1256;B&P-047-SFC-85-M-FN;NO EXIST.;NO EXIST.;NO EXIST.;2025-08-09 00:00:00;G;
1257;B&P-047-HA-210-FN;NO EXIST.;NO EXIST.;NO EXIST.;2024-08-13 00:00:00;A;
1258;B&P-037-BP-22001-XINXIN;NO EXIST.;NO EXIST.;NO EXIST.;2024-08-22 00:00:00;A;
1259;B&P-037-C2060-H-A1;NO EXIST.;NO EXIST.;NO EXIST.;2018-11-09 00:00:00;0;
1260;B&P-037-C2060-H-SK1;NO EXIST.;NO EXIST.;NO EXIST.;2018-11-09 00:00:00;0;
1261;B&P-048-BP-24005-ESUN;axial C5;100;50;2024-11-19 00:00:00;A;
1262;B&P-037-BP-24002;NO EXIST.;NO EXIST.;NO EXIST.;2024-11-29 00:00:00;A;
1263;B&P-047-BP-24003-NBLX;NO EXIST.;NO EXIST.;NO EXIST.;2025-01-02 00:00:00;A;
1264;BPB-047-F-216-LCTP;NO EXIST.;NO EXIST.;NO EXIST.;2024-11-21 00:00:00;A;
1265;B&P-033-OL-100-3 -CHOHO;NO EXIST.;NO EXIST.;NO EXIST.;2024-09-23 00:00:00;A;
1266;B&P-033-OL-415-H- CHOHO;NO EXIST.;NO EXIST.;NO EXIST.;2024-07-16 00:00:00;A;
1267;B&P-047-F-216-FN;NO EXIST.;NO EXIST.;NO EXIST.;2025-01-03 00:00:00;0;
1268;B&P-047-HA-208-FN;NO EXIST.;NO EXIST.;NO EXIST.;2024-11-27 00:00:00;A;
1269;B&P-048-203-KRR3-E2-CMI;Radial C3;25µm;11µm;2022-05-16 00:00:00;G;
1270;B&P-048-BP-24005-CMI;axial C5;100µm;50µm;2024-11-19 00:00:00;A;
1271;B&P-035-CF18-ESUN;NO EXIST.;NO EXIST.;NO EXIST.;;0;Ver nota
1272;B&P-034-PHS-6-DER. - KGB;NO EXIST.;NO EXIST.;NO EXIST.;2025-01-13 00:00:00;A;
1273;B&P-047-LF-205-FN;NO EXIST.;NO EXIST.;NO EXIST.;2025-01-24 00:00:00;A;
1274;B&P-047-FT-207-FN;NO EXIST.;NO EXIST.;NO EXIST.;2025-01-24 00:00:00;A;
1275;B&P-047-PE-204-FN;NO EXIST.;NO EXIST.;NO EXIST.;2025-01-24 00:00:00;A;
1276;B&P-040-51102-HLBR;NO EXIST.;NO EXIST.;NO EXIST.;2024-11-28 00:00:00;0;
1277;B&P-037-BP-25006-D;NO EXIST.;NO EXIST.;NO EXIST.;2025-06-12 00:00:00;B;
1278;B&P-037-BP-25006-I;NO EXIST.;NO EXIST.;NO EXIST.;2025-06-12 00:00:00;B;
1279;B&P-037-BP-25006-02;NO EXIST.;NO EXIST.;NO EXIST.;2025-05-23 00:00:00;A;
1280;B&P-033-C2060H-SK1AT;NO EXIST.;NO EXIST.;NO EXIST.;2025-06-27 00:00:00;0;
1281;B&P-033-C2060H-PLATE;;;;;;Usar plano estandar de la cadena C2060H
1282;B&P-033-PIN-C2060-H;;;;;;Usar plano estandar de la cadena C2060H
1283;B&P-035-CF18;;;;;;Se compro por catalogo, ver carpeta BP-22003
1284;B&P-033-CA550-A1-CL-CHOHO;NO EXIST.;NO EXIST.;NO EXIST.;2016-05-02 00:00:00;0;
1285;BPB-033-CA550-A1-OL-CHOHO;NO EXIST.;NO EXIST.;NO EXIST.;2016-05-02 00:00:00;0;
1286;BPB-033-CA550-A1-OL-CHOHO;NO EXIST.;NO EXIST.;NO EXIST.;2016-05-02 00:00:00;0;
1287;BPB-033-CA550-A1-OL-CHOHO;NO EXIST.;NO EXIST.;NO EXIST.;2016-05-02 00:00:00;0;
1288;B&P-059-S41211-AT- MID;NO EXIST.;NO EXIST.;NO EXIST.;2024-12-05 00:00:00;0;
1289;B&P-059-AG59517-65-XCYW;NO EXIST.;NO EXIST.;NO EXIST.;2024-08-14 00:00:00;0;
1290;B&P-047-LF-207-FN;NO EXIST.;NO EXIST.;NO EXIST.;2020-10-09 00:00:00;0;
1291;B&P-047-HA-207-LCTP;NO EXIST.;NO EXIST.;NO EXIST.;2024-11-20 00:00:00;A;
1292;BPB-047-T-212-LCTP;NO EXIST.;NO EXIST.;NO EXIST.;2024-11-21 00:00:00;A;
1293;B&P-037-BP-21001-BI-YMS;NO EXIST.;NO EXIST.;NO EXIST.;2023-11-17 00:00:00;0;
1294;B&P-037-BP-21001-BD-YMS;NO EXIST.;NO EXIST.;NO EXIST.;2023-11-17 00:00:00;0;
1295;B&P-040-51106-HLBR;NO EXIST.;NO EXIST.;NO EXIST.;2024-10-22 00:00:00;0;
1296;B&P-037-BP-22001-02;NO EXIST.;NO EXIST.;NO EXIST.;2025-05-22 00:00:00;B;
1297;TSG-DDS-70;NO EXIST.;NO EXIST.;NO EXIST.;2024-12-04 00:00:00;0;
1298;B&P-051-H-320-JSXW;NO EXIST.;NO EXIST.;NO EXIST.;2024-09-12 00:00:00;A;
1299;B&P-051-H-310-JSXW;NO EXIST.;NO EXIST.;NO EXIST.;2024-09-12 00:00:00;A;
1300;B&P-051-H-306-JSXW;NO EXIST.;NO EXIST.;NO EXIST.;2024-09-12 00:00:00;A;
1301;B&P-051-H-307-JSXW;NO EXIST.;NO EXIST.;NO EXIST.;2024-09-12 00:00:00;A;
1302;B&P-051-H-314-JSXW;NO EXIST.;NO EXIST.;NO EXIST.;2024-09-12 00:00:00;A;
1303;B&P-051-H-313-JSXW;NO EXIST.;NO EXIST.;NO EXIST.;2024-09-12 00:00:00;A;
1304;B&P-051-H-312-JSXW;NO EXIST.;NO EXIST.;NO EXIST.;2024-09-12 00:00:00;A;
1305;B&P-051-H-315-JSXW;NO EXIST.;NO EXIST.;NO EXIST.;2024-09-12 00:00:00;A;
1306;B&P-051-H-317-JSXW;NO EXIST.;NO EXIST.;NO EXIST.;2024-09-12 00:00:00;A;
1307;B&P-051-H-2308-JSXW;NO EXIST.;NO EXIST.;NO EXIST.;2024-09-12 00:00:00;A;
1308;B&P-051-H-2310-JSXW;NO EXIST.;NO EXIST.;NO EXIST.;2024-09-12 00:00:00;A;
1309;B&P-033-ASA80-1H-REE-ESUN;NO EXIST.;NO EXIST.;NO EXIST.;2022-09-07 00:00:00;A;
1310;B&P-045-PFM-5-Z-CZCY;NO EXIST.;NO EXIST.;NO EXIST.;2025-05-20 00:00:00;0;
1311;B&P-033-CA555-C2E-48-CHOHO;NO EXIST.;NO EXIST.;NO EXIST.;2024-04-23 00:00:00;B;
1312;B&P-040-51310-HLBR;NO EXIST.;NO EXIST.;NO EXIST.;2025-05-29 00:00:00;B;
1313;B&P-037-BP006-I-CHOHO;NO EXIST.;NO EXIST.;NO EXIST.;2025-09-16 00:00:00;C;
1314;B&P-037-BP006-D-CHOHO;NO EXIST.;NO EXIST.;NO EXIST.;2025-09-16 00:00:00;C;
1315;B&P-037-BP006-02-CHOHO;NO EXIST.;NO EXIST.;NO EXIST.;2025-05-23 00:00:00;A;
1316;B&P-033-ASA180-1H-CHOHO;NO EXIST.;NO EXIST.;NO EXIST.;2024-05-02 00:00:00;0;
;;;;;;;
;;;;;;;
;;;;;;;
;;;;;;;
;;;;;;;
;;;;;;;
;;;;;;;
;;;;;;;
;;;;;;;
;;;;;;;
;;;;;;;
;;;;;;;
;;;;;;;
;;;;;;;
;;;;;;;
;;;;;;;
;;;;;;;
;;;;;;;
;;;;;;;
;;;;;;;
;;;;;;;
;;;;;;;
;;;;;;;
;;;;;;;
;;;;;;;
;;;;;;;
;;;;;;;
;;;;;;;
;;;;;;;
;;;;;;;
;;;;;;;
;;;;;;;
;;;;;;;
;;;;;;;
;;;;;;;
;;;;;;;
;;;;;;;
;;;;;;;
;;;;;;;
;;;;;;;
;;;;;;;
;;;;;;;
;;;;;;;
;;;;;;;
;;;;;;;
;;;;;;;
;;;;;;;
;;;;;;;
;;;;;;;
;;;;;;;
;;;;;;;
;;;;;;;
;;;;;;;
;;;;;;;
;;;;;;;
;;;;;;;
;;;;;;;
;;;;;;;
;;;;;;;
;;;;;;;
;;;;;;;
;;;;;;;
;;;;;;;
;;;;;;;
;;;;;;;
;;;;;;;
;;;;;;;
;;;;;;;
;;;;;;;
;;;;;;;
;;;;;;;
;;;;;;;
;;;;;;;
;;;;;;;
;;;;;;;
;;;;;;;
;;;;;;;
;;;;;;;
;;;;;;;
;;;;;;;
;;;;;;;
;;;;;;;
;;;;;;;
;;;;;;;
;;;;;;;
;;;;;;;
;;;;;;;
;;;;;;;
;;;;;;;
;;;;;;;
;;;;;;;
;;;;;;;
;;;;;;;
;;;;;;;
;;;;;;;
;;;;;;;
;;;;;;;
;;;;;;;
;;;;;;;
;;;;;;;
;;;;;;;
;;;;;;;
;;;;;;;
;;;;;;;
;;;;;;;
;;;;;;;
;;;;;;;
;;;;;;;
;;;;;;;
;;;;;;;
;;;;;;;
;;;;;;;
;;;;;;;
;;;;;;;
;;;;;;;
;;;;;;;
;;;;;;;
;;;;;;;
;;;;;;;
;;;;;;;
;;;;;;;
;;;;;;;
;;;;;;;
;;;;;;;
;;;;;;;
;;;;;;;
;;;;;;;
;;;;;;;
;;;;;;;
;;;;;;;
;;;;;;;
;;;;;;;
;;;;;;;
;;;;;;;
;;;;;;;
;;;;;;;
;;;;;;;
;;;;;;;
;;;;;;;
;;;;;;;
;;;;;;;
;;;;;;;
;;;;;;;
;;;;;;;
;;;;;;;
;;;;;;;
;;;;;;;
;;;;;;;
;;;;;;;
;;;;;;;
;;;;;;;
;;;;;;;
;;;;;;;
;;;;;;;
;;;;;;;
;;;;;;;
;;;;;;;
;;;;;;;
;;;;;;;
;;;;;;;
;;;;;;;
;;;;;;;
;;;;;;;
;;;;;;;
;;;;;;;
;;;;;;;
;;;;;;;
;;;;;;;
;;;;;;;
;;;;;;;
;;;;;;;
;;;;;;;
;;;;;;;
;;;;;;;
;;;;;;;
;;;;;;;
;;;;;;;
;;;;;;;
;;;;;;;
;;;;;;;
;;;;;;;
;;;;;;;
;;;;;;;
;;;;;;;
;;;;;;;
;;;;;;;
;;;;;;;
;;;;;;;
;;;;;;;
;;;;;;;
;;;;;;;
;;;;;;;
;;;;;;;
;;;;;;;
;;;;;;;
;;;;;;;
;;;;;;;
;;;;;;;
;;;;;;;
;;;;;;;
;;;;;;;
;;;;;;;
;;;;;;;
;;;;;;;
;;;;;;;
;;;;;;;
;;;;;;;
;;;;;;;
;;;;;;;
;;;;;;;
;;;;;;;
;;;;;;;
;;;;;;;
;;;;;;;
;;;;;;;
;;;;;;;
;;;;;;;
;;;;;;;
;;;;;;;
;;;;;;;
;;;;;;;
;;;;;;;
;;;;;;;
;;;;;;;
;;;;;;;
;;;;;;;
;;;;;;;
;;;;;;;
;;;;;;;
;;;;;;;
;;;;;;;
;;;;;;;
;;;;;;;
;;;;;;;
;;;;;;;
;;;;;;;
;;;;;;;
;;;;;;;
;;;;;;;
;;;;;;;
;;;;;;;
;;;;;;;
;;;;;;;
;;;;;;;
;;;;;;;
;;;;;;;
;;;;;;;
;;;;;;;
;;;;;;;
;;;;;;;
;;;;;;;
;;;;;;;
;;;;;;;
;;;;;;;
;;;;;;;
;;;;;;;
;;;;;;;
;;;;;;;
;;;;;;;
;;;;;;;
;;;;;;;
;;;;;;;
;;;;;;;
;;;;;;;
;;;;;;;
;;;;;;;
;;;;;;;
;;;;;;;
;;;;;;;
;;;;;;;
;;;;;;;
;;;;;;;
;;;;;;;
;;;;;;;
;;;;;;;
;;;;;;;
;;;;;;;
;;;;;;;
;;;;;;;
;;;;;;;
;;;;;;;
;;;;;;;
;;;;;;;
;;;;;;;
;;;;;;;
;;;;;;;
;;;;;;;
;;;;;;;
;;;;;;;
;;;;;;;
;;;;;;;
;;;;;;;
;;;;;;;
;;;;;;;
;;;;;;;
;;;;;;;
;;;;;;;
;;;;;;;
;;;;;;;
;;;;;;;
;;;;;;;
;;;;;;;
;;;;;;;
;;;;;;;
;;;;;;;
;;;;;;;
;;;;;;;
;;;;;;;
;;;;;;;
;;;;;;;
;;;;;;;
;;;;;;;
;;;;;;;
;;;;;;;
;;;;;;;
;;;;;;;
;;;;;;;
;;;;;;;
;;;;;;;
;;;;;;;
;;;;;;;
;;;;;;;
;;;;;;;
;;;;;;;
;;;;;;;
;;;;;;;
;;;;;;;
;;;;;;;
;;;;;;;
;;;;;;;
;;;;;;;
;;;;;;;
;;;;;;;
;;;;;;;
;;;;;;;
;;;;;;;
;;;;;;;
;;;;;;;
;;;;;;;
;;;;;;;
;;;;;;;
;;;;;;;
;;;;;;;
;;;;;;;
;;;;;;;
;;;;;;;
;;;;;;;
;;;;;;;
;;;;;;;
;;;;;;;
;;;;;;;
;;;;;;;
;;;;;;;
;;;;;;;
;;;;;;;
;;;;;;;
;;;;;;;
;;;;;;;
;;;;;;;
;;;;;;;
;;;;;;;
;;;;;;;
;;;;;;;
;;;;;;;
;;;;;;;
;;;;;;;
;;;;;;;
;;;;;;;
;;;;;;;
;;;;;;;
;;;;;;;
;;;;;;;
;;;;;;;
;;;;;;;
;;;;;;;
;;;;;;;
;;;;;;;
;;;;;;;
;;;;;;;
;;;;;;;
;;;;;;;
;;;;;;;
;;;;;;;
;;;;;;;
;;;;;;;
;;;;;;;
;;;;;;;
;;;;;;;
;;;;;;;
;;;;;;;
;;;;;;;
;;;;;;;
;;;;;;;
;;;;;;;
;;;;;;;
;;;;;;;
;;;;;;;
;;;;;;;
;;;;;;;
;;;;;;;
;;;;;;;
;;;;;;;
;;;;;;;
;;;;;;;
;;;;;;;
;;;;;;;
;;;;;;;
;;;;;;;
;;;;;;;
;;;;;;;
;;;;;;;
;;;;;;;
;;;;;;;
;;;;;;;
;;;;;;;
;;;;;;;
;;;;;;;
;;;;;;;
;;;;;;;
;;;;;;;
;;;;;;;
;;;;;;;
;;;;;;;
;;;;;;;
;;;;;;;
;;;;;;;
;;;;;;;
;;;;;;;
;;;;;;;
;;;;;;;
;;;;;;;
;;;;;;;
;;;;;;;
;;;;;;;
;;;;;;;
;;;;;;;
;;;;;;;
;;;;;;;
;;;;;;;
;;;;;;;
;;;;;;;
;;;;;;;
;;;;;;;
;;;;;;;
;;;;;;;
;;;;;;;
;;;;;;;
;;;;;;;
;;;;;;;
;;;;;;;
;;;;;;;
;;;;;;;
;;;;;;;
;;;;;;;
;;;;;;;
;;;;;;;
;;;;;;;
;;;;;;;
;;;;;;;
;;;;;;;
;;;;;;;
;;;;;;;
;;;;;;;
;;;;;;;
;;;;;;;
;;;;;;;
;;;;;;;
;;;;;;;
;;;;;;;
;;;;;;;
;;;;;;;
;;;;;;;
;;;;;;;
;;;;;;;
;;;;;;;
;;;;;;;
;;;;;;;
;;;;;;;
;;;;;;;
;;;;;;;
;;;;;;;
;;;;;;;
;;;;;;;
;;;;;;;
;;;;;;;
;;;;;;;
;;;;;;;
;;;;;;;
;;;;;;;
;;;;;;;
;;;;;;;
;;;;;;;
;;;;;;;
;;;;;;;
;;;;;;;
;;;;;;;
;;;;;;;
;;;;;;;
;;;;;;;
;;;;;;;
;;;;;;;
;;;;;;;
;;;;;;;
;;;;;;;
;;;;;;;
;;;;;;;
;;;;;;;
;;;;;;;
;;;;;;;
;;;;;;;
;;;;;;;
;;;;;;;
;;;;;;;
;;;;;;;
;;;;;;;
;;;;;;;
;;;;;;;
;;;;;;;
;;;;;;;
;;;;;;;
;;;;;;;
;;;;;;;
;;;;;;;
;;;;;;;
;;;;;;;
;;;;;;;
;;;;;;;
;;;;;;;
;;;;;;;
;;;;;;;
;;;;;;;
;;;;;;;
;;;;;;;
;;;;;;;
;;;;;;;
;;;;;;;
;;;;;;;
;;;;;;;
;;;;;;;
;;;;;;;
;;;;;;;
;;;;;;;
;;;;;;;
;;;;;;;
;;;;;;;
;;;;;;;
;;;;;;;
;;;;;;;
;;;;;;;
;;;;;;;
;;;;;;;
;;;;;;;
;;;;;;;
;;;;;;;
;;;;;;;
;;;;;;;
;;;;;;;
;;;;;;;
;;;;;;;
;;;;;;;
;;;;;;;
;;;;;;;
;;;;;;;
;;;;;;;
;;;;;;;
;;;;;;;
;;;;;;;
;;;;;;;
;;;;;;;
;;;;;;;
;;;;;;;
;;;;;;;
;;;;;;;
;;;;;;;
;;;;;;;
;;;;;;;
;;;;;;;
;;;;;;;
;;;;;;;
;;;;;;;
;;;;;;;
;;;;;;;
;;;;;;;
;;;;;;;
;;;;;;;
;;;;;;;
;;;;;;;
;;;;;;;
;;;;;;;
;;;;;;;
;;;;;;;
;;;;;;;
;;;;;;;
;;;;;;;
;;;;;;;
;;;;;;;
;;;;;;;
;;;;;;;
;;;;;;;
;;;;;;;
;;;;;;;
;;;;;;;
;;;;;;;
;;;;;;;
;;;;;;;
;;;;;;;
;;;;;;;
;;;;;;;
;;;;;;;
;;;;;;;
;;;;;;;
;;;;;;;
;;;;;;;
;;;;;;;
;;;;;;;
;;;;;;;
;;;;;;;
;;;;;;;
;;;;;;;
;;;;;;;
;;;;;;;
;;;;;;;
;;;;;;;
;;;;;;;
;;;;;;;
;;;;;;;
;;;;;;;
;;;;;;;
;;;;;;;
;;;;;;;
;;;;;;;
;;;;;;;
;;;;;;;
;;;;;;;
;;;;;;;
;;;;;;;
;;;;;;;
;;;;;;;
;;;;;;;
;;;;;;;
;;;;;;;
;;;;;;;
;;;;;;;
;;;;;;;
;;;;;;;
;;;;;;;
;;;;;;;
;;;;;;;
;;;;;;;
;;;;;;;
;;;;;;;
;;;;;;;
;;;;;;;
;;;;;;;
;;;;;;;
;;;;;;;
;;;;;;;
;;;;;;;
;;;;;;;
;;;;;;;
;;;;;;;
;;;;;;;
;;;;;;;
;;;;;;;
;;;;;;;
;;;;;;;
;;;;;;;
;;;;;;;
;;;;;;;
;;;;;;;
;;;;;;;
;;;;;;;
;;;;;;;
;;;;;;;
;;;;;;;
;;;;;;;
;;;;;;;
;;;;;;;
;;;;;;;
;;;;;;;
;;;;;;;
;;;;;;;
;;;;;;;
;;;;;;;
;;;;;;;
;;;;;;;
