Elegido;356;3;4;5;6;7;8;9;10;11;12;13;14;15;16;17;18;19;20;21;22;23;24;25;26;27;28;;;;;;;;
Numero;Codigo;C;C+;C-;D;D+;D-;B;B+;B-;d;d+;d-;GA/GR;GR/GA-;GR/GA+;ARO INT+;ARO INT -;ARO EXT +;ARO EXT -;PORCENTAJE DE GRASA;TIPO DE GRASA;TORQUE DE SELLOS +;TORQUE DE SELLOS -;Fecha Rev. Plano;Rev.;Tipo de prisionero;;;;;;;;
1;207-01;19;0;-120;72;0;-13;NO;NO;NO;NO;NO;NO;NO;NO;NO;NO;NO;64;58;NO;NO;…………….;…………….;2011-05-06 00:00:00;0;-;;;;DIMENSION NOMINAL;;;;
2;209-01;22;0;-120;85;0;-15;NO;NO;NO;NO;NO;NO;NO;NO;NO;NO;NO;64;58;NO;NO;…………….;…………….;………………;……….;-;;;;TOLERANCIA;;;;
3;ACL205-16-01;15;0;-120;52;0;-13;NO;NO;NO;NO;NO;NO;NO;NO;NO;NO;NO;64;58;NO;NO;NO;NO;2011-05-11 00:00:00;0;-;;;;;;;;
4;ACL205-16-02;NO;NO;NO;NO;NO;NO;21.5;0;-120;25.4;18;0;NO;NO;NO;64;58;NO;NO;NO;NO;NO;NO;2011-04-29 00:00:00;0;-;;;;;;;;
5;ACL-205-16RG-ZJXY;15;0;-120;52;0;-13;21.5;0;-120;25.4;18;0;C0;5;20;64;58;64;58;2,85 - 3.4;Polyrex;0.091;0.056;2018-10-24 00:00:00;A;-;;;;;;;;
6;ACL205-25;15;0;-120;52;0;-13;21.5;0;-120;25;18;0;C0/Radial;20;5;64;58;64;58;2,5-3;Polyrex;9,1cNm / 0,091Nm;5,6cNm / 0,056Nm;………………;……….;-;;;;;;;;
7;ACL205-25-02;NO;NO;NO;NO;NO;NO;21.5;0;-120;25;18;0;NO;NO;NO;64;58;NO;NO;NO;NO;NO;NO;2011-04-29 00:00:00;0;-;;;;;;;;
8;ACL-206-19RG;18;0;-120;62;0;-15;23.82;0;-120;30.16;20;0;C0;5;20;58;62;58;62;50% -60%;Polyrex;;;………………;……….;-;;;;;;;;
9;ACL206-20-02;NO;NO;NO;NO;NO;NO;23.82;0;-120;31.75;18;0;NO;NO;NO;64;58;NO;NO;NO;NO;NO;NO;………………;……….;-;;;;;;;;
10;ACL206-20-C0;18;0;-120;62;0;-15;23.82;0;-120;31.75;18;0;C0;6;20;64;58;64;58;4,6 - 5,5;Polyrex;9,2cNm / 0,092Nm;6cNm / 0,06Nm;………………;……….;-;;;;;;;;
11;ACL206-30;18;0;-120;62;0;-15;23.82;0;-120;30;18;0;Radial/C0;20;5;64;58;64;58;4,85 - 6,47;Polyrex;9,1cNm / 0,091Nm;5,6cNm / 0,056Nm;2014-03-05 00:00:00;0;-;;;;;;;;
12;B&P-047-ACL206-30RR1 - ZJXY;18;0;-120;62;0;-13;23.82;0;-120;30;18;0;C0;6;20;64;58;64;58;4.6 - 5.5;Polyrex;0.091;0.056;2017-09-15 00:00:00;B;-;;;;;;;;
13;ACL207-22-01;19;0;-120;72;0;-15;NO;NO;NO;NO;NO;NO;NO;NO;NO;NO;NO;64;58;NO;NO;NO;NO;………………;……….;-;;;;;;;;
14;ACL207-22-02;NO;NO;NO;NO;NO;NO;25.4;0;-120;34.925;21;0;NO;NO;NO;64;58;NO;NO;NO;NO;NO;NO;………………;……….;-;;;;;;;;
15;ACL-207-23;19;0;-120;72;0;-15;25.4;0;-120;36.51;21;0;C0;22;10;64;58;64;58;5,4 - 6,4;Polyrex;0.091;0.056;………………;……….;-;;;;;;;;
16;ACL207-23-02;NO;NO;NO;NO;NO;NO;25.4;0;-120;36.512;21;0;NO;NO;NO;64;58;NO;NO;NO;NO;NO;NO;………………;……….;-;;;;;;;;
17;ACL-207-23RG-ZJXY;19;0;-120;72;0;-15;25.4;0;-120;36.512;21;0;C0;6;20;64;58;64;58;6-7.3;Polyrex;0.091;0.056;2017-09-15 00:00:00;A;-;;;;;;;;
18;ACL207-35;19;0;-120;72;0;-15;25.4;0;-120;35;21;0;C0;6;20;64;58;64;58;5,4-6,4;Polyrex;0.091;0.056;………………;……….;-;;;;;;;;
19;ACL207-35-01;19;0;-120;72;0;-15;NO;NO;NO;NO;NO;NO;NO;NO;NO;NO;NO;64;58;NO;NO;NO;NO;………………;……….;-;;;;;;;;
20;ACL207-35-02;NO;NO;NO;NO;NO;NO;25.4;0;-120;35;21;0;NO;NO;NO;64;58;NO;NO;NO;NO;NO;NO;2016-10-06 00:00:00;0;-;;;;;;;;
21;ACL207-35-A2;NO;NO;NO;NO;NO;NO;25.55;100;-20;34.85;0;-160;NO;NO;NO;64;58;NO;NO;NO;NO;NO;NO;………………;……….;-;;;;;;;;
22;ACL207-35R1;19;0;-120;72;0;-15;25.4;0;-120;35;20;0;C0;NO;NO;64;58;64;58;8,6-9,6;Polyrex;…………….;…………….;………………;……….;-;;;;;;;;
23;ACL-207-35RG;17;0;-120;72;0;-15;25.4;0;-120;35;20;0;C3;15;33;;;;;;;…………….;…………….;………………;……….;-;;;;;;;;
24;ACL208-40MM;22;0;-120;80;0;-13;30.18;0;-120;40;21;0;C0;6;20;64;58;64;58;9,75-11,7;Polyrex;…………….;…………….;………………;……….;-;;;;;;;;
25;ACL209-45DG;22;0;-120;85;0;-15;30.18;0;-120;45;21;0;GR C0;23;6;64;58;64;58;9-10,7;Polyrex;…………….;…………….;………………;……….;-;;;;;;;;
26;ACL210-50MM;22;0;-120;90;0;-15;30.18;0;-120;50;21;0;C0;6;23;64;58;64;58;10,9 - 13,1;Polyrex;90cNm / 0,9Nm;55cNm / 0,55Nm;………………;……….;-;;;;;;;;
27;ACLR207-35MM;19;0;-120;72;0;-15;25.4;0;-120;35;20;0;C0;6;20;62;58;62;58;;;…………….;…………….;………………;……….;-;;;;;;;;
28;ACLR208-40-01;22;0;-120;80;0;-13;NO;NO;NO;NO;NO;NO;NO;NO;NO;NO;NO;64;58;NO;NO;NO;NO;………………;……….;-;;;;;;;;
29;ACLR208-40-02;NO;NO;NO;NO;NO;NO;30.18;0;-120;40;21;0;NO;NO;NO;64;58;NO;NO;NO;NO;NO;NO;………………;……….;-;;;;;;;;
30;ACLR208-40R;22;0;-120;80;0;-13;30.18;0;-120;40;21;0;GR C0;20;6;64;58;64;58;8,57-10,3gr;Polyrex;48cNm / 0,48Nm;32cNm / 0,32Nm;………………;……….;-;;;;;;;;
31;ASL203-17RG;12;0;-120;40;0;-11;22;0;-120;17;15;0;C0;3;18;;;;;;;…………….;…………….;………………;……….;-;;;;;;;;
32;ASL205-14;15;0;-120;52;0;-13;27;0;-120;22.225;18;0;C3;125;185;64;58;64;58;3,98 - 4,55;Polyrex;…………….;…………….;………………;……….;-;;;;;;;;
33;B&P-047-ASL-205-14RG - ZJXY;15;0;-120;52;0;-13;27;0;-120;22.225;18;0;C0;5;20;64;58;64;58;2.85 - 3.4 gr;Polyrex;0.091 Nm;0.056 Nm;2016-09-13 00:00:00;A;-;;;;;;;;
34;B&P-002-ASL207-35-02-ZJXY;NO;NO;NO;NO;NO;NO;32;0;-120;35;21;0;NO;NO;NO;64;58;NO;NO;NO;NO;NO;NO;2015-01-13 00:00:00;0;-;;;;;;;;
35;ASL-207-35MM;19;0;-120;72;0;-15;32;0;-120;35;20;0;C0;6;20;64;58;64;58;5,4 - 6,4;Polyrex;…………….;…………….;………………;……….;-;;;;;;;;
36;ECL204-20MM;17;0;-120;47;0;0;34.2;0;-120;20;20;0;C3;13;28;NO;NO;NO;NO;;;…………….;…………….;………………;……….;-;;;;;;;;
37;ECL205-14-02;NO;NO;NO;NO;NO;NO;34.8;0;-120;22.225;18;0;NO;NO;NO;64;58;NO;NO;NO;NO;NO;NO;………………;……….;-;;;;;;;;
38;ECL205-14-DBL;15;0;-120;52;0;-13;34.8;0;-120;22.225;18;0;C0;5;20;62;58;62;58;;;…………….;…………….;………………;……….;-;;;;;;;;
39;ECL205-14DG;17;0;-120;52;0;-13;34.8;0;-120;22.225;18;0;C0;5;20;;;;;;;…………….;…………….;………………;……….;-;;;;;;;;
40;BPB-047-ECL-205-15-DG- HNHL;15;0;-120;52;0;-13;34.8;0;-120;23.812;18;0;C0;5;20;64;58;64;58;50-60%;Polyrex;NO;NO;2018-10-29 00:00:00;A;-;;;;;;;;
41;ECL205-16-02;NO;NO;NO;NO;NO;NO;34.8;0;-120;25.4;18;0;NO;NO;NO;64;58;NO;NO;NO;NO;NO;NO;2011-04-29 00:00:00;0;-;;;;;;;;
42;BPB-047-ECL205-16DG - ZJXY;15;0;-120;52;0;-13;34.8;0;-120;25.4;18;0;C0;5;20;64;58;64;58;2.85 - 3.4 gr;Polyrex;0.23;0.157;2021-01-28 00:00:00;D;-;;;;;;;;
43;B&P-047-ECL-205-25DG - ZJXY;15;0;-120;52;0;-13;34.8;0;-120;25;18;0;C0;5;20;64;58;64;58;2,85 - 3,4 gr;Polyrex;0.23;0.157;2018-09-18 00:00:00;A;-;;;;;;;;
44;ECL206-19-02;NO;NO;NO;NO;NO;NO;36.4;0;-120;30.16;20;0;NO;NO;NO;64;58;NO;NO;NO;NO;NO;NO;………………;……….;-;;;;;;;;
45;ECL206-19DG;18;0;-120;62;0;-13;36.4;0;-120;30.16;20;0;C0;20;5;64;58;64;58;4,6 - 5,5;Polyrex;33cNm / 0,33Nm;22cNm / 0,22Nm;………………;……….;-;;;;;;;;
46;ECL206-20DG;19;0;-120;62;0;-15;36.5;NO;NO;31.75;20;0;C3;NO;NO;;;;;;;…………….;…………….;………………;……….;-;;;;;;;;
47;ECL206-30-02;NO;NO;NO;NO;NO;NO;36.4;0;-120;30;18;0;NO;NO;NO;64;58;NO;NO;NO;NO;NO;NO;2014-08-20 00:00:00;0;-;;;;;;;;
48;ECL206-30-DBL;19;0;-120;62;0;-13;36.4;0;-120;30;18;0;C0;5;20;64;58;64;58;;;…………….;…………….;………………;……….;-;;;;;;;;
49;ECL206-30DG;18;0;-120;62;0;-13;36.4;0;-120;30;18;0;C0;5;20;64;58;64;58;4,6 - 5,5;Polyrex;33cNm / 0,33Nm;22cNm / 0,22Nm;2017-09-18 00:00:00;A;-;;;;;;;;
50;ECL-207-22-DBL;22;0;-120;72;0;-13;37.6;0;-120;34.925;21;0;C0;6;20;;;;;;;…………….;…………….;………………;……….;-;;;;;;;;
51;B&P-047-ECL207-23DG - ZJXY;19;0;-120;72;0;-13;37.6;0;-120;36.5125;21;0;C0;6;20;64;58;64;58;6 - 7.3 gr;Polyrex;0.448;0.3;2017-08-28 00:00:00;0;-;;;;;;;;
52;ECL207-35-A2;NO;NO;NO;NO;NO;NO;37.8;120;-20;34.85;0;-160;NO;NO;NO;64;58;NO;NO;NO;NO;NO;NO;………………;……….;-;;;;;;;;
53;ECL-207-35D1;18;0;-120;72;0;-13;32.5;0;-120;35;18;0;C3;15;33;NO;NO;NO;NO;;;…………….;…………….;………………;……….;-;;;;;;;;
54;B&P-047-ECL-207-35DG - ZJXY;19;0;-120;72;0;-13;37.6;0;-120;35;21;0;C0;6;20;64;58;64;58;6 - 7.3 gr;Polyrex;0.448;0.3;2020-11-30 00:00:00;B;-;;;;;;;;
55;ECL207-35-02;NO;NO;NO;NO;NO;NO;37.6;0;-120;35;21;0;NO;NO;NO;64;58;NO;NO;NO;NO;NO;NO;2011-05-02 00:00:00;0;-;;;;;;;;
56;B&P-047-ECL-208-40DG - ZJXY;22;0;-120;80;0;-13;42.8;0;-120;40;21;0;C0;6;20;64;58;64;58;9,75 - 11,7 gr;Polyrex;0.567 Nm;0.378 Nm;2020-11-30 00:00:00;B;-;;;;;;;;
57;ECL209-27-02;NO;NO;NO;NO;NO;NO;42.8;0;-120;42.8;21;0;NO;NO;NO;64;58;NO;NO;NO;NO;NO;NO;………………;……….;-;;;;;;;;
58;B&P-047-ECL209-27DG - ZJXY;22;0;-120;85;0;-15;42.8;0;-120;42.8625;21;0;C0;6;23;64;58;64;58;9-10,7;Polyrex;67,7cNm/0,677Nm;45,1cNm/0,451Nm;2017-09-18 00:00:00;A;-;;;;;;;;
59;ECL209-45DBL-3;22;0;-120;85;0;-15;35.4;0;-120;45;21;0;C0;6;23;64;58;64;58;9-10,7;Polyrex;…………….;…………….;………………;……….;-;;;;;;;;
60;ECL209-45DBL-3;22;0;-120;85;0;-15;37.85;60;-60;45;0;21;C0/Radial;6;23;64;58;64;58;9-10,;Polyrex;NO;NO;………………;……….;-;;;;;;;;
61;ECL209-45DG;22;0;-120;85;0;-15;42.8;0;-120;45;21;0;C0;6;23;64;58;64;58;9 - 10.7;Polyrex;0.677Nm;0.451Nm;2017-09-18 00:00:00;A;-;;;;;;;;
62;BPB-047-ECL210-50D-3-ZJXY;22;0;-120;90;0;-15;44.2;0;-120;50;21;0;C0;6;23;64;58;64;58;10,9 - 13,1;Polyrex;0,796Nm;0,531Nm;2017-08-29 00:00:00;0;-;;;;;;;;
63;B&P-047-ECL-210-50DG - ZJXY;22;0;-120;90;0;-15;49.2;0;-120;50;20;0;C0;6;23;64;58;64;58;10,9 - 13,1;Polyrex;0,796Nm;0,531Nm;2020-11-30 00:00:00;B;-;;;;;;;;
64;ECL210-50MM-DBL;24;0;-120;90;0;-15;49.15;0;-120;50;21;0;C0;6;23;;;;;;;…………….;…………….;………………;……….;-;;;;;;;;
65;ECL211-35DG;25;0;-120;100;0;-15;55.5;0;150;55.56;24;0;C0;8;28;;;;;;;…………….;…………….;………………;……….;-;;;;;;;;
66;ECL211-55-DG;25;0;-120;100;0;-15;55.5;0;-150;55;24;0;C0;8;28;64;58;64;58;16 - 19,2;Polyrex;100cNm/1Nm;6,7cNm/0,67Nm;2017-01-18 00:00:00;A;-;;;;;;;;
67;ECL212-39-DBL;27;0;-150;110;0;-15;62;0;-150;61.91;24;0;C0;8;28;;;;;;;…………….;…………….;………………;……….;-;;;;;;;;
68;B&P-047-ECL-212-60DG - CMI;27;0;-150;110;0;-15;61.8;0;-150;60;24;0;C0;8;28;64;58;64;58;50-60%;Polyrex;122cNm/1,22Nm;8,1cNm/0,81Nm;2016-12-20 00:00:00;0;-;;;;;;;;
69;B&P-047-ECL306-30DG-CMI;23;0;-120;72;0;-13;36.5;0;-120;30;21;0;C0;5;20;64;58;64;58;60-80%;Polyrex;standard;standard;2024-05-23 00:00:00;A;azul;;;;;;;;
70;ECL307-35MM-DBL;26;0;-120;80;0;-13;38.1;0;-120;35;21;0;C3;15;33;64;58;64;58;;;…………….;…………….;………………;……….;-;;;;;;;;
71;ECL310-50;29;0;-120;110;0;-15;49.2;0;-120;50;21;0;C3;36;18;64;58;64;58;29 - 38,7 ;Shell Alvania RL3;…………….;…………….;………………;……….;-;;;;;;;;
72;ECL311-32-RRB3;31;0;-120;120;0;-18;55.5;0;-150;50.8;24;0;C3;;;;;;;;;…………….;…………….;………………;……….;-;;;;;;;;
73;B&P-047-SAB-212-60DG - CMI;27;0;-150;110;0;-15;65.1;0;-150;60;24;0;C0;8;28;64;58;64;58;50-60%;Polyrex;122cNm/1,22Nm;8,1cNm/0,81Nm;2016-12-20 00:00:00;0;-;;;;;;;;
74;B&P-001-OR207-17 - ZJXY;17;0;-120;72;0;-13;NO;NO;NO;NO;NO;NO;NO;NO;NO;NO;NO;64;58;NO;NO;NO;NO;2016-04-26 00:00:00;0;-;;;;;;;;
75;B&P-001-OR207 - ZJXY;19;0;-120;72;0;-13;NO;NO;NO;NO;NO;NO;NO;NO;NO;NO;NO;64;58;NO;NO;NO;NO;2016-08-09 00:00:00;0;-;;;;;;;;
76;B&P-001-OR206-16 - ZJXY;16;0;-120;62;0;-13;NO;NO;NO;NO;NO;NO;NO;NO;NO;NO;NO;64;58;NO;NO;NO;NO;2016-04-27 00:00:00;0;-;;;;;;;;
77;B&P-001-OR205-R - ZJXY;15;0;-120;52;0;-13;NO;NO;NO;NO;NO;NO;NO;NO;NO;NO;NO;64;58;NO;NO;NO;NO;2016-04-26 00:00:00;0;-;;;;;;;;
78;B&P-047-SAB-207-35DG - ZJXY;19;0;-120;72;0;-13;42.9;0;-120;35;21;0;C0;6;20;64;58;64;58;6 - 7.3 gr;Polyrex;0.448 Nm;0.3 Nm;2017-09-15 00:00:00;A;-;;;;;;;;
79;B&P-047-ECL209-28DG - ZJXY;22;0;-120;85;0;-15;42.8;0;-120;44.45;21;0;C0;6;23;64;58;64;58;10.15 - 12.2 gr;Polyrex;0.676 Nm;0.451 Nm;2017-09-18 00:00:00;A;-;;;;;;;;
80;BPB-047-ACL206-30RG - ZJXY;18;0;-120;62;0;-13;23.82;0;-120;30;18;0;C0;6;20;64;58;64;58;4.6 - 5.5 gr;Polyrex;0.091;0.056;2020-11-30 00:00:00;B;-;;;;;;;;
81;B&P-047-ASL206-30RR - ZJXY;18;0;-120;62;0;-13;30;0;-120;30;18;0;C0;6;20;64;58;64;58;4.85 - 6.47 gr;Polyrex;0.091;0.056;2017-09-15 00:00:00;A;-;;;;;;;;
82;B&P-047-ECL208-24DG - ZJXY;22;0;-120;80;0;-13;42.8;0;-120;38.1;21;0;C0;6;20;64;58;64;58;9.75 - 11.7 gr;Polyrex;0.567;0.378;2017-09-15 00:00:00;A;-;;;;;;;;
83;B&P-047-ECL-206-30DG - ZJXY;18;0;-120;62;0;-13;36.4;0;-120;30;18;0;C0;5;20;64;58;64;58;4.6 - 5.5 gr;Polyrex;0.33;0.22;2017-09-18 00:00:00;A;-;;;;;;;;
84;B&P-047-SAB-206-30DG - ZJXY;18;0;-120;62;0;-13;38.1;0;-120;30;18;0;C0;5;20;64;58;64;58;4.6 - 5.5 gr;Polyrex;0.33;0.22;2017-09-15 00:00:00;A;-;;;;;;;;
85;B&P-047-SAB208-24DG - ZJXY;22;0;-120;80;0;-13;49.2;0;-120;38.1;21;0;C0;6;20;64;58;64;58;9.75 - 11.7 gr;Polyrex;0.567;0.378;2017-09-15 00:00:00;A;-;;;;;;;;
86;BPB-047-ACL205-16RG - ZJXY;15;0;-120;52;0;-13;21.5;0;-120;25.4;18;0;C3;13;28;64;58;64;58;3.4 - 4.5gr;Polyrex;0.091;0.056;2021-01-28 00:00:00;B;-;;;;;;;;
87;B&P-047-ACLR208-24RR - ZJXY;22;0;-120;80;0;-13;30.18;0;-120;38.1;21;0;C0;6;20;64;58;64;58;9.75 - 11.7 gr;Polyrex;0.176;0.127;2017-09-19 00:00:00;0;-;;;;;;;;
88;B&P-001-OR209-G19 - ZJXY;19;0;-120;85;0;-15;NO;NO;NO;NO;NO;NO;NO;NO;NO;NO;NO;64;58;NO;NO;NO;NO;2016-06-13 00:00:00;0;-;;;;;;;;
89;BPB-047-SAB208-40LG - SCB;22;0;-120;80;0;-13;49.2;0;-120;40;25;0;C0;6;20;64;58;64;58;50 - 60 %;Polyrex;ESTANDAR;ESTANDAR;2017-12-26 00:00:00;0;-;;;;;;;;
90;BPB-047-SAB207-35LG - SCB;19;0;-120;72;0;-13;42.9;0;-120;35;21;0;C0;6;20;64;58;64;58;50 - 60 %;Polyrex;ESTANDAR;ESTANDAR;2017-12-26 00:00:00;0;-;;;;;;;;
91;BPB-047-SAB206-30LG - SCB;18;0;-120;62;0;-11;38.1;0;-120;30;21;0;C0;5;20;64;58;64;58;50 - 60 %;Polyrex;ESTANDAR;ESTANDAR;2017-12-26 00:00:00;0;-;;;;;;;;
92;BPB-047-SAB205-25LG - SCB;15;0;-120;52;0;-11;34;0;-120;25;21;0;C0;5;20;64;58;64;58;50 - 60 %;Polyrex;ESTANDAR;ESTANDAR;2017-12-26 00:00:00;0;-;;;;;;;;
93;BPB-047-SAB209-45LG - SCB;22;0;-120;85;0;-15;49.2;0;-120;45;25;0;C0;6;23;64;58;64;58;50 - 60 %;Polyrex;ESTANDAR;ESTANDAR;2017-12-26 00:00:00;0;-;;;;;;;;
94;B&P-001-OR205 - ZJXY;15;0;-120;52;0;-13;NO;NO;NO;NO;NO;NO;NO;NO;NO;NO;NO;64;58;NO;NO;NO;NO;2011-05-11 00:00:00;0;-;;;;;;;;
95;OR205-01;15;0;-120;52;0;-13;NO;NO;NO;NO;NO;NO;NO;NO;NO;NO;NO;64;58;NO;NO;NO;NO;2011-05-11 00:00:00;0;-;;;;;;;;
96;OR205-A1;15.15;120;0;52.15;150;0;NO;NO;NO;NO;NO;NO;NO;NO;NO;NO;NO;64;58;NO;NO;NO;NO;………………;……….;-;;;;;;;;
97;OR206-18;18;0;-120;62;0;-13;NO;NO;NO;NO;NO;NO;NO;NO;NO;NO;NO;64;58;NO;NO;NO;NO;2016-10-06 00:00:00;0;-;;;;;;;;
98;OR207-A1;19.15;120;0;72.15;150;0;NO;NO;NO;NO;NO;NO;NO;NO;NO;NO;NO;64;58;NO;NO;NO;NO;2011-05-06 00:00:00;0;-;;;;;;;;
99;ORAE30-2RST-C3;18;0;-120;62;0;-13;18;0;-120;30;0;-10;C3;13;28;;;;;;;…………….;…………….;………………;……….;-;;;;;;;;
100;ORAE-35-2RST;19;0;-120;72;0;-13;19;0;-120;35;0;-12;C3;15;33;;;;;;;…………….;…………….;………………;……….;-;;;;;;;;
101;SAB204-20-01;15;0;-120;47;0;-11;NO;NO;NO;NO;NO;NO;NO;NO;NO;NO;NO;64;58;NO;NO;NO;NO;………………;……….;-;;;;;;;;
102;SAB204-20-02;NO;NO;NO;NO;NO;NO;31;0;-120;20;18;0;NO;NO;NO;64;58;NO;NO;NO;NO;NO;NO;………………;……….;-;;;;;;;;
103;SAB204-20DG;15;0;-120;47;0;-11;31;0;-120;20;20;0;C0/Radial;5;20;64;58;64;58;50 - 60 %;Polyrex;16cNm / 0,16Nm;11cNm / 0,11Nm;2011-03-02 00:00:00;0;-;;;;;;;;
104;BPB-047-SAB205-16DG  - ZJXY;15;0;-120;52;0;-13;34;0;-120;25.4;18;0;C0;5;20;64;58;64;58;2.85 - 3.4 gr;Polyrex;0.23;0.157;2017-09-15 00:00:00;A;-;;;;;;;;
105;SAB205-25-A2;NO;NO;NO;NO;NO;NO;34.15;120;20;24.8;0;-15;NO;NO;NO;NO;64;58;NO;NO;NO;NO;NO;………………;……….;-;;;;;;;;
106;B&P-999-SAB205-25DG;15;0;-120;52;0;-13;34;0;-120;25;18;0;C0;5;20;64;58;64;58;2,85 - 3,4;Polyrex;0.23;0.157;2023-09-07 00:00:00;D;-;;;;;;;;
107;B&P-047-SAB-205-25DG - ZJXY;15;0;-120;52;0;-13;34;0;-120;25;18;0;C0;5;20;64;58;64;58;2,85 - 3,4;Polyrex;0.23;0.157;2017-09-15 00:00:00;A;-;;;;;;;;
108;SAB205-25MM;15;0;-120;52;0;-13;34.1;0;-120;25;20;0;C3;13;28;NO;NO;NO;NO;;;…………….;…………….;………………;……….;-;;;;;;;;
109;SAB206-20;18;0;-120;62;0;-13;38.1;0;-120;31.75;18;0;Radial;6;20;64;58;64;58;4,6 - 5,5;Polyrex;33cNm / 0,33Nm;22cNm / 0,22Nm;………………;……….;-;;;;;;;;
110;SAB206-20-02;NO;NO;NO;NO;NO;NO;38.1;0;-120;31.75;18;0;NO;NO;NO;64;58;NO;NO;NO;NO;NO;NO;………………;……….;-;;;;;;;;
111;SAB206-30DG;18;0;-120;62;0;-13;38.1;0;-120;30;18;0;C0;5;20;64;58;64;58;4,6 - 5,5;Polyrex;33cNm / 0,33Nm;22cNm / 0,22Nm;2017-09-18 00:00:00;A;-;;;;;;;;
112;SAB206-30RG;19;0;-120;62;0;-15;38.1;0;-50;30;20;0;C3;13;28;;;;;;;…………….;…………….;………………;……….;-;;;;;;;;
113;SAB207-20DG;20;0;-120;72;0;-13;42.9;0;-120;31.35;18;0;C3;15;33;;;;;;;…………….;…………….;………………;……….;-;;;;;;;;
114;SAB207-35-A2;NO;NO;NO;NO;NO;NO;43.1;120;-20;34.85;0;-160;NO;NO;NO;64;58;NO;NO;NO;NO;NO;NO;2011-04-28 00:00:00;0;-;;;;;;;;
115;SAB207-35D1;19;0;-120;72;0;-13;42.9;0;-120;35;21;0;C3;13;28;NO;NO;NO;NO;;;…………….;…………….;………………;……….;-;;;;;;;;
116;SAB207-35DG;19;0;-120;72;0;-13;42.9;0;-120;35;21;0;C3;6;20;58;64;58;64;6 - 7,3;Polyrex;…………….;…………….;………………;……….;-;;;;;;;;
117;SAB207-35DG;19;0;-120;72;0;-13;42.9;0;-120;35;21;0;C0;6;20;58;64;58;64;6 - 7,3 ;Polyrex;0.3;0.448;2017-09-15 00:00:00;A;-;;;;;;;;
118;SAB207-35MM;20;0;-120;72;0;0;42.9;0;-120;35;20;0;C3;15;33;58;62;58;62;50% - 60%;Polyrex;…………….;…………….;………………;……….;-;;;;;;;;
119;B&P-047-SAB-208-40DG - ZJXY;22;0;-120;80;0;-13;49.2;0;-120;40;21;0;C0;6;20;64;58;64;58;9,75 - 11,7;Polyrex;0,567 Nm;0,378 Nm;2020-11-30 00:00:00;B;-;;;;;;;;
120;SAB208-40MM-DBL;22;0;-120;80;0;-13;49.2;0;-120;40;21;0;C3;15;33;;;;;;;0.567;0.378;………………;……….;-;;;;;;;;
121;BPB-047-SAB209-45DG - ZJXY;22;0;-120;85;0;-15;49.2;0;-120;45;21;0;C0;6;23;64;58;64;58;10,15 - 12,2;Polyrex;0,676Nm;0,451Nm;2017-09-15 00:00:00;A;-;;;;;;;;
122;SAB210-50DG;22;0;-120;90;0;-15;51.6;0;-120;50;20;0;C0;6;23;64;58;64;58;10,9 - 13,1;Polyrex;79,6cNm / 0,796Nm;53,1cNm / 0,531Nm;2011-09-09 00:00:00;0;-;;;;;;;;
123;SAB210-50MM;24;0;-120;90;0;-15;51.6;0;-120;50;20;0;C3;18;36;NO;NO;NO;NO;;;…………….;…………….;………………;……….;-;;;;;;;;
124;SAB211-55DG;25;0;-150;100;0;-15;55.6;0;-150;55;24;0;C0;8;28;64;58;64;58;16 - 19,2;Polyrex;1Nm;0672Nm;2011-09-09 00:00:00;0;-;;;;;;;;
125;SAB216-80DG;33;0;-150;140;0;-18;82.6;0;-150;80;24;0;C3;25;51;64;58;64;58;25-35%;Alvania;ESTANDAR;ESTANDAR;2009-02-12 00:00:00;0;-;;;;;;;;
126;SER-25MM;19.1;0;-120;52;0;-15;34.9;0;-120;25;18;0;Radial;5;20;64;58;64;58;2,5-3;Polyrex;9,1cNm / 0,091Nm;5,6cNm / 0,056Nm;………………;……….;-;;;;;;;;
127;BPB-048-SER-51 - CMI;42.86;0;-120;140;0;-18;77.8;0;-120;80.96;24;5;C3;30;58;64;58;64;58;50% - 60%;Polyrex;168cNm / 1,68Nm;112cNm / 1,12Nm;2010-08-23 00:00:00;0;-;;;;;;;;
128;SL-205-DBL-00;15;0;-120;52;0;-13;34.5;0;-120;25;18;0;C3;13;28;;;;;;;…………….;…………….;………………;……….;-;;;;;;;;
129;SL-206-30RR1;18;0;-120;62;0;-13;31.2;0;-120;30;18;0;C3;13;28;;;;;;;…………….;…………….;………………;……….;-;;;;;;;;
130;SL-207-35D1;18;0;-120;72;0;-13;42.9;0;-120;35;21;0;C3;15;33;;;;;;;…………….;…………….;………………;……….;-;;;;;;;;
131;SL-207-DBL-00;18;0;-120;72;0;-13;42.9;0;-120;35;21;0;C3;15;33;;;;;;;…………….;…………….;………………;……….;-;;;;;;;;
132;SL209-45RR;22;0;-120;85;0;-15;49.2;0;-120;45;21;0;C3;18;36;62;58;62;58;;;…………….;…………….;………………;……….;-;;;;;;;;
133;SL-209-DBL-00;22;0;-120;85;0;-13;49.2;12;-12;45;18;0;C3;18;36;;;;;;;…………….;…………….;………………;……….;-;;;;;;;;
134;B&P-047-ECL-209-45DG-ZJXY;22;0;-120;85;0;-15;42.8;0;-120;45;21;0;C0;6;23;64;58;64;58;9-10.7 gr;Polyrex;0.677 N.m;0.451 N.m;2018-10-30 00:00:00;B;-;;;;;;;;
135;B&P-047-ECL-212-60DG - ZJXY;27;0;-120;110;0;-15;61.8;0;-120;60;25;0;C0;8;28;64;58;64;58;50-60%;Polyrex;122cNm/1,22Nm;8,1cNm/0,81Nm;2020-11-30 00:00:00;C;-;;;;;;;;
136;BP-13002;38;0;-120;90;0;-13;38;0;-120;45;0;-12;Axial C3;23;44;NO;NO;NO;NO;17.6 - 15.4 gr;Polyrex;0.6Nm;0.5 Nm;2021-07-22 00:00:00;B;-;;;;;;;;
137;SAB-214-70MM-DBL;29;0;-120;125;0;-18;74.6;0;-150;70;24;0;C0;10;30;62;58;62;58;50-60%;Polyrex;…………….;…………….;2010-12-01 00:00:00;A;-;;;;;;;;
138;UK212-60RG;27;0;-150;110;0;-15;36;0;-150;60;24;0;C3;23;43;;;;;;;…………….;…………….;………………;……….;-;;;;;;;;
139;WSAB207-35MM;19;0;-120;72;0;0;42.9;0;-120;35;20;0;C3;15;33;NO;NO;NO;NO;;;…………….;…………….;………………;……….;-;;;;;;;;
140;WSAB209-45MM;22;0;-120;85;0;-15;49.2;0;-120;45;21;0;C3;18;36;NO;NO;NO;NO;;;…………….;…………….;………………;……….;-;;;;;;;;
141;SAB207-35-02;NO;NO;NO;NO;NO;NO;42.9;0;-120;35;21;0;NO;NO;NO;64;58;NO;NO;NO;NO;NO;NO;2011-04-28 00:00:00;0;-;;;;;;;;
142;ASL205-25-02;NO;NO;NO;NO;NO;NO;27;0;-120;25;18;0;NO;NO;NO;64;58;NO;NO;NO;NO;NO;NO;2011-04-27 00:00:00;0;-;;;;;;;;
143;SAB205-25-01;15;0;-120;52;0;-13;NO;NO;NO;NO;NO;NO;NO;NO;NO;NO;NO;64;58;NO;NO;NO;NO;………………;……….;-;;;;;;;;
144;SAB205-25-02;NO;NO;NO;NO;NO;NO;34;0;-120;25;20;0;NO;NO;NO;64;58;NO;NO;NO;NO;NO;NO;2016-09-30 00:00:00;0;-;;;;;;;;
145;ACL205-25-A2;NO;NO;NO;NO;NO;NO;21.65;100;20;24.85;0;-15;NO;NO;NO;NO;64;58;NO;NO;NO;NO;NO;………………;……….;-;;;;;;;;
146;ECL205-25-02;NO;NO;NO;NO;NO;NO;34.8;0;-120;25;18;0;NO;NO;NO;64;58;NO;NO;NO;NO;NO;NO;………………;……….;-;;;;;;;;
147;OR205;15;0;-120;52;0;-13;NO;NO;NO;NO;NO;NO;NO;NO;NO;NO;NO;64;58;NO;NO;NO;NO;2011-05-11 00:00:00;0;-;;;;;;;;
148;OR205-R;15;0;-120;52;0;-13;NO;NO;NO;NO;NO;NO;NO;NO;NO;NO;NO;64;58;NO;NO;NO;NO;2016-04-26 00:00:00;0;-;;;;;;;;
149;OR205-G;15;0;-120;52;0;-13;NO;NO;NO;NO;NO;NO;NO;NO;NO;NO;NO;64;58;NO;NO;NO;NO;2016-04-06 00:00:00;A;-;;;;;;;;
150;SAB209-45-02;NO;NO;NO;NO;NO;NO;49.2;0;-120;45;21;0;NO;NO;NO;64;58;64;58;NO;NO;NO;NO;2016-10-04 00:00:00;0;-;;;;;;;;
151;OR209-G;22;0;-120;85;0;-15;NO;NO;NO;NO;NO;NO;NO;NO;NO;NO;NO;64;58;NO;NO;NO;NO;2016-09-30 00:00:00;A;-;;;;;;;;
152;ECL209-45-02;NO;NO;NO;NO;NO;NO;42.8;0;-120;45;21;0;NO;NO;NO;64;58;NO;NO;NO;NO;NO;NO;2016-09-30 00:00:00;A;-;;;;;;;;
153;OR209-19;19;0;-120;85;0;-15;NO;NO;NO;NO;NO;NO;NO;NO;NO;NO;NO;64;58;NO;NO;NO;NO;2016-06-13 00:00:00;0;-;;;;;;;;
154;ECL-305-02;NO;NO;NO;NO;NO;NO;36.4;0;-120;25;18;0;NO;NO;NO;64;58;NO;NO;NO;NO;NO;NO;2016-05-13 00:00:00;0;-;;;;;;;;
155;OR207;19;0;-120;72;0;-13;NO;NO;NO;NO;NO;NO;NO;NO;NO;NO;NO;64;58;NO;NO;NO;NO;2016-08-09 00:00:00;0;-;;;;;;;;
156;B&P-OR206-G18-MID;18;0;-120;62;0;-13;NO;NO;NO;NO;NO;NO;NO;NO;NO;NO;NO;64;58;NO;NO;NO;NO;2016-06-16 00:00:00;0;-;;;;;;;;
157;SAB206-30-02;NO;NO;NO;NO;NO;NO;38.1;0;-120;30;18;0;NO;NO;NO;64;58;NO;NO;NO;NO;NO;NO;2016-10-04 00:00:00;0;-;;;;;;;;
158;OR207-G;19;0;-120;72;0;-13;NO;NO;NO;NO;NO;NO;NO;NO;NO;NO;NO;64;58;NO;NO;NO;NO;2016-10-04 00:00:00;A;-;;;;;;;;
159;ACL206-30-02;NO;NO;NO;NO;NO;NO;23.82;0;-120;30;18;0;NO;NO;NO;64;58;NO;NO;NO;NO;NO;NO;2016-10-06 00:00:00;0;-;;;;;;;;
160;SAB208-40-02;NO;NO;NO;NO;NO;NO;49.2;0;-120;40;21;0;NO;NO;NO;64;58;NO;NO;NO;NO;NO;NO;2016-10-06 00:00:00;0;-;;;;;;;;
161;OR208-G;22;0;-120;80;0;-13;NO;NO;NO;NO;NO;NO;NO;NO;NO;NO;NO;64;58;NO;NO;NO;NO;2016-10-06 00:00:00;0;-;;;;;;;;
162;ACL205-14-02;NO;NO;NO;NO;NO;NO;21.5;0;-120;22.225;18;0;NO;NO;NO;64;58;NO;NO;NO;NO;NO;NO;2016-10-07 00:00:00;0;-;;;;;;;;
163;ACL206-18-02;NO;NO;NO;NO;NO;NO;23.82;0;-120;28.575;18;0;NO;NO;NO;64;58;NO;NO;NO;NO;NO;NO;2014-08-20 00:00:00;0;-;;;;;;;;
164;ACL206-19-02;NO;NO;NO;NO;NO;NO;23.82;0;-120;30.163;18;0;NO;NO;NO;64;58;NO;NO;NO;NO;NO;NO;2016-10-07 00:00:00;0;-;;;;;;;;
165;ECL206-18-02;NO;NO;NO;NO;NO;NO;36.4;0;-120;28.575;18;0;NO;NO;NO;64;58;NO;NO;NO;NO;NO;NO;2016-10-07 00:00:00;0;-;;;;;;;;
166;ECL207-23-02;NO;NO;NO;NO;NO;NO;37.6;0;-120;36.51;21;0;NO;NO;NO;64;58;NO;NO;NO;NO;NO;NO;2016-10-06 00:00:00;0;-;;;;;;;;
167;ECL207-22-02;NO;NO;NO;NO;NO;NO;37.6;0;-120;34.925;21;0;NO;NO;NO;64;58;NO;NO;NO;NO;NO;NO;2016-10-06 00:00:00;0;-;;;;;;;;
168;SER16;19,1;0;-120;52;0;-13;34,9;0;-120;25,4;21;5;C3;28;13;64;58;64;58;50-60%;Polyrex;9,2cNm / 0,092Nm;5,6cNm / 0,056Nm;2016-05-13 00:00:00;0;-;;;;;;;;
169;SER12;15,9;0;-120;47;0;-11;31;0;-120;19,05;21;5;C3;28;13;64;58;64;58;50-60%;Polyrex;9,2cNm / 0,092Nm;5,6cNm / 0,056Nm;2016-05-13 00:00:00;0;-;;;;;;;;
170;SER14;19,1;0;-120;52;0;-13;34,9;0;-120;22.225;21;5;C3;28;13;64;58;64;58;50-60%;Polyrex;9,2cNm / 0,092Nm;5,6cNm / 0,056Nm;2016-05-13 00:00:00;0;-;;;;;;;;
171;SER15;19,1;0;-120;52;0;-13;34,9;0;-120;23.8125;21;5;C3;28;13;64;58;64;58;50-60%;Polyrex;9,2cNm / 0,092Nm;5,6cNm / 0,056Nm;2016-05-13 00:00:00;0;-;;;;;;;;
172;SER18;22,2;0;-120;62;0;-13;38,1;0;-120;28.575;21;5;C3;28;13;64;58;64;58;50-60%;Polyrex;9,2cNm / 0,092Nm;5,6cNm / 0,056Nm;2016-05-13 00:00:00;0;-;;;;;;;;
173;SER19;22,2;0;-120;62;0;-13;38,1;0;-120;30.1625;21;5;C3;28;13;64;58;64;58;50-60%;Polyrex;9,2cNm / 0,092Nm;5,6cNm / 0,056Nm;2016-05-13 00:00:00;0;-;;;;;;;;
174;SER23;23,8;0;-120;72;0;-13;42,9;0;-120;36.5125;21;5;C3;33;15;64;58;64;58;50-60%;Polyrex;9,2cNm / 0,092Nm;5,6cNm / 0,056Nm;2016-05-13 00:00:00;0;-;;;;;;;;
175;SER47;38,1;0;-120;130;0;-15;77,8;0;-120;74.61;24;0;C3;51;25;64;58;64;58;51,09-68,12;Polyrex;49cNm / 0,49Nm;38cNm / 0,38Nm;2016-04-13 00:00:00;B;-;;;;;;;;
176;ECL208-40-02;NO;NO;NO;NO;NO;NO;42,8;0;-120;40;21;0;NO;NO;NO;64;58;NO;NO;NO;NO;NO;NO;2016-10-06 00:00:00;0;-;;;;;;;;
177;SAB209-45LG;22;0;-120;85;0;-15;49.2;0;-50;45;25;0;C0;23;6;64;58;64;58;50-60%;Polyrex;ESTANDAR;ESTANDAR;2018-12-26 00:00:00;0;-;;;;;;;;
178;SAB209-45LG;22;0;-120;85;0;-15;49.2;0;-50;45;25;0;C0;23;6;64;58;64;58;50-60%;Polyrex;ESTANDAR;ESTANDAR;2018-12-26 00:00:00;0;-;;;;;;;;
179;ECL209-28DG;22;0;-120;85;0;-15;42.8;0;-120;44.45;21;0;C0;6;23;64;58;64;58;10.15-12.2;Polyrex;67.6cNm / 0,676Nm;45.1cNm / 0,451Nm;2017-09-18 00:00:00;A;-;;;;;;;;
180;ACL208-24RG;22;0;-120;80;0;-13;30.18;0;-120;38.1;21;0;C0;6;20;64;58;64;58;9.75 - 11.7;Polyrex;0.176;0.127;2017-09-15 00:00:00;A;-;;;;;;;;
181;SAB213-65DG;27;0;-120;120;0;-18;65.1;0;-150;65;24;0;C0;8;28;64;58;64;58;50-60%;Polyrex;1.39;0.93;CATALOGO;0;-;;;;;;;;
182;B&P-047-SAB204-12DG-ZJXY ;15;0;-120;47;0;-11;31;0;-120;19.05;20;0;C0;5;20;64;58;64;58;50-60%;Polyrex;0.169 Nm;0.113 Nm;2018-10-22 00:00:00;0;-;;;;;;;;
183;BPB-047-ACL206-30RR1-ZJXY;18;0;-120;62;0;-13;23.82;0;-120;30;18;0;C0;6;20;64;58;64;58;4.6 - 5.5;Polyrex;0.091 Nm;0.056 Nm;2020-11-30 00:00:00;D;-;;;;;;;;
184;BPB-047-GR208-24DG;22;0;-120;80;0;-13;49.2;0;-120;38.1;21;0;C3;33;15;64;58;64;58;11.7-9.75;Polyrex;0.567 Nm;0.378 Nm;2018-10-12 00:00:00;0;-;;;;;;;;
185;BPB-047-ECL-211-35-D-ZJXY;25;0;-120;100;0;-15;55.5;0;-150;55.56;24;0;C0;28;8;64;58;64;58;16 - 19.2;Polyrex;1 Nm;0.67 Nm;2021-01-28 00:00:00;H;-;;;;;;;;
186;B&P-047-ACL207-20RG-ZJXY ;19;0;-120;72;0;-15;25.4;0;-120;31.75;18;0;C0;20;6;64;58;64;58;6 - 7.3;Polyrex;0.091 Nm;0.056 Nm;2019-01-10 00:00:00;A;-;;;;;;;;
187;BPB-047-ECL-212-39-D-ZJXY;27C189:U189;0;-120;110;0;-15;61.8;0;-120;61.91;24;0;C0;8;28;64;58;64;58;50-60%;Polyrex;1.22 Nm;0.813 Nm;2018-11-15 00:00:00;D;-;;;;;;;;
188;BPB-047-SAB215-75DG-HNHL;30;0;-120;130;0;-18;77.8;0;-150;75;24;0;C0;10;30;64;58;64;58;50-60%;Polyrex;ESTANDAR;ESTANDAR;2018-10-29 00:00:00;A;-;;;;;;;;
189;B&P-047-ASL-207-35MM-HBZD;19;0;-120;72;0;-15;32;0;-120;35;21;0;C0;6;20;64;58;64;58;60-80%;Polyrex;0.091;0.056;2024-03-04 00:00:00;B;azul;;;;;;;;
190;BPB-047-ACL206-20 -ZJXY  ;18;0;-120;62;0;-13;23.82;0;-120;31.75;18;0;Radial C0;5;20;64;58;64;58;4.6-5.5gr;Polyrex;0.0918;0.056;2021-01-28 00:00:00;B;-;;;;;;;;
191;B&P-047-ACLR208-40RG-ZJXY;22;0;-120;80;0;-13;30.18;0;-120;40;21;0;Radial C0;6;20;64;58;64;58;11.7-9.75 gr;Polyrex;0.1765;0.1271;2018-10-30 00:00:00;0;-;;;;;;;;
192;BPB-047-ACLR-207-35M-ZJXY;19;0;-120;72;0;-13;25.4;0;-120;35;21;0;C0;6;20;64;58;64;58;50-60%;Polyrex;ESTANDAR;ESTANDAR;2019-07-02 00:00:00;A;-;;;;;;;;
193;BPB-048-SER-47-MX - CMI;38.1;0;-120;130;0;-15;77.8;0;-120;74.61;24;0;C3;25;51;64;58;64;58;68.12-51.09 gr;Polyrex;0.49 Nm;0.38 Nm;2016-04-13 00:00:00;B;-;;;;;;;;
194;BPB-047-ACL207-35R1-ZJXY;19;0;-120;72;0;-15;25.4;0;-120;35;20;0;C0;6;20;64;58;64;58;7.3-6 gr;Polyrex;0.091 Nm;0.056 Nm;2018-10-30 00:00:00;0;-;;;;;;;;
195;BPB-047-ASLR205-16-ZJXY;15;0;-120;52;0;-13;27;0;-120;25.4;18;0;C0;5;20;64;58;64;58;3.4-2.85 gr;Polyrex;0.091 Nm;0.056 Nm;2018-10-23 00:00:00;0;-;;;;;;;;
196;BPB-047-ASL-205-16-D-ZJXY;15;0;-120;52;0;-13;27;0;-120;25.4;18;0;C0;5;20;64;58;64;58;3.4-2.85 gr;Polyrex;0.091 Nm;0.056 Nm;2018-10-24 00:00:00;A;-;;;;;;;;
197;B&P-999-ECL-207-35DG ;19;0;-120;72;0;-13;37.6;0;-120;35;21;0;C0;6;20;64;58;64;58;6 - 7.3 gr;Polyrex;0.448;0.3;2017-09-18 00:00:00;A;-;;;;;;;;
198;B&P-999-ECL-211-55DG ;25;0;-150;100;0;-15;55.4;0;-150;55;24;0;C0;8;28;64;58;64;58;16 -19.2 gr;Polyrex;1 Nm;0.67 Nm;CATALOGO;;-;;;;;;;;
199;BPB-047-ACL207-35DG-ZJXY;17;0;-120;72;0;-15;25.4;0;-120;35;20;0;C0;6;20;64;58;64;58;50-60%;Polyrex;0.091 Nm;0.056 Nm;2018-10-25 00:00:00;0;-;;;;;;;;
200;B&P-047-ACL206-19RG-ZJXY;18;0;-120;62;0;-15;23.82;0;-120;30.16;20;0;C0;5;20;64;58;64;58;4.6-5.5gr;Polyrex;0.0918 Nm;0.056 Nm;2021-01-28 00:00:00;F;-;;;;;;;;
201;B&P-047-ACL204-20RG-ZJXY;15;0;-120;47;0;-11;21.41;0;-120;20;18;0;C0;5;20;64;58;64;58;50-60%;Polyrex;0.091Nm;0.056Nm;2018-10-06 00:00:00;A;-;;;;;;;;
202;B&P-047-SAB-204-20DG-ZJXY;15;0;-120;47;0;-11;31;0;-120;20;18;0;C0;5;20;64;58;64;58;50-60%;Polyrex;0.169Nm;0.113Nm;2020-11-30 00:00:00;D;-;;;;;;;;
203;B&P-047-ECL-204-20DG-ZJXY;15;0;-120;47;0;-11;34;0;-120;20;18;0;C0;5;20;64;58;64;58;50-60%;Polyrex;0.17Nm;0.11Nm;2018-10-06 00:00:00;A;-;;;;;;;;
204;B&P-047-ASL206-30RR - ZJXY;18;0;-120;62;0;-15;30;0;-120;30;18;0;C0;6;20;64;58;64;58;50-60%;Polyrex;0.091Nm;0.056Nm;2018-10-22 00:00:00;0;-;;;;;;;;
205;B&P-047-SAB-211-55DG-ZJXY;25;0;-120;100;0;-15;55.5;0;-150;55;24;0;C0;8;28;64;58;64;58;16-19.2gr;Polyrex;1Nm;0.672Nm;2020-11-30 00:00:00;B;-;;;;;;;;
206;B&P-047-ACL-208-40mm-ZJXY;22;0;-120;80;0;-13;30.18;0;-120;40;21;0;C0;6;20;64;58;64;58;11.7-9.75gr;Polyrex;0.176Nm;0.127Nm;2018-10-06 00:00:00;A;-;;;;;;;;
207;B&P-047-ACL-205-25MM-ZJXY;15;0;-120;52;0;-13;21.5;0;-120;25;18;0;C0;5;20;64;58;64;58;3.4-2.85gr;Polyrex;0.091Nm;0.056Nm;2018-10-23 00:00:00;0;-;;;;;;;;
208;BPB-047-SAB205-16DG-ZJXY;15;0;-120;52;0;-13;34;0;-120;25.4;18;0;C0;5;20;64;58;64;58;3.4-2.85gr;Polyrex;0.23Nm;0.157Nm;2018-10-24 00:00:00;B;-;;;;;;;;
209;B&P-047-SAB-209-45DG-ZJXY;22;0;-120;85;0;-15;49.2;0;-120;45;21;0;C0;6;23;64;58;64;58;12.2 - 10.15 gr;Polyrex;0.676Nm;0.451Nm;2017-09-15 00:00:00;A;-;;;;;;;;
210;B&P-048-UK-208-ZHJG;21;NO;NO;80;0;-13;31;0;-120;40;25;0;C3;15;33;64;58;64;58;11.7 - 9.75 gr;Polyrex;0.567Nm;0.378Nm;2014-07-03 00:00:00;0;-;;;;;;;;
211;BPB-048-SER-55-MX-CMI;49.2;0;-120;150;0;-18;85.7;0;-200;87.3125;28;0;C3;30;58;62;58;62;58;50% - 60%;Polyrex;NO;NO;2020-04-27 00:00:00;0;-;;;;;;;;
212;B&P-047-ECL-211-55DG-ZJXY;25;0;-150;100;0;-15;55.4;0;-150;55;24;0;C0;28;8;64;58;64;58;19.2-16 gr;Polyrex;1 Nm;0.67 Nm;2020-11-30 00:00:00;B;-;;;;;;;;
213;BPB-048-NTB1613-2RST-YS;15.9;0;-120;38;130;-130;18.1;0;-120;16;130;0;RADIAL;8;20;62;58;62;58;1.6-1.2 gr;Polyrex;0.091N.m;0.056 N.m;2019-01-07 00:00:00;C;-;;;;;;;;
214;B&P-002-SAB207-35-A2-CMI;NO;NO;NO;NO;NO;NO;42.9;0;-120;34.75;0;-160;NO;NO;NO;64;58;NO;NO;NO;NO;NO;NO;2020-07-22 00:00:00;0;-;;;;;;;;
215;B&P-002-ECL207-35-A2-CMI;NO;NO;NO;NO;NO;NO;37.6;0;-120;34.75;0;-160;NO;NO;NO;64;58;NO;NO;NO;NO;NO;NO;2020-07-22 00:00:00;0;-;;;;;;;;
216;B&P-001-OR207-A1-CMI;19;0;-120;72.15;150;0;NO;NO;NO;NO;NO;NO;NO;NO;NO;NO;NO;64;58;NO;NO;NO;NO;2020-07-22 00:00:00;0;-;;;;;;;;
217;B&P-047-ACL207-23RG-ZJXY;19;0;-120;72;0;-15;25.4;0;-120;36.512;21;0;C0;6;20;64;58;64;58;6-7.3gr;Polyrex;0.091N.m;0.056 N.m;2021-01-28 00:00:00;C;-;;;;;;;;
218;B&P-047-ACL-209-45DG-ZJXY;22;0;-120;85;0;-15;30.18;0;-120;45;21;0;C0;6;23;64;58;64;58;12.2-10.15gr;Polyrex;0.176 N.m;0.127 N.m;2015-10-27 00:00:00;0;-;;;;;;;;
219;B&P-047-ECL207-35DD-ZJXY;19;0;-120;72;0;-13;37.6;0;-120;35;21;0;C0;6;20;64;58;64;58;7.3 - 6gr;Polyrex;0.448 N.m;0.3 N.m;2020-08-05 00:00:00;0;-;;;;;;;;
220;B&P-047-SAB-210-50DG-ZJXY;22;0;-120;90;0;-15;51.6;0;-120;50;21;0;RADIAL;6;23;64;58;64;58;13.1-10.9 gr;Polyrex;0.796 N.m;0.531 N.m;2021-03-02 00:00:00;A;-;;;;;;;;
221;BPB-047-UC-212-60MM;27;0;-150;110;0;-15;65.1;0;-150;60;24;0;C0;8;28;64;58;64;58;50-60%;Polyrex;0.353 N.m;0.2824 N.m;Sin plano;-;-;;;;;;;;
222;BPB-047-SAB207-20DG;19;0;-120;72;0;-13;42.9;0;-120;31.75;18;0;C0;6;20;64;58;64;58;6 - 7.3 gr;Polyrex;0.448 Nm;0.3 Nm;Sin plano;-;-;;;;;;;;
223;B&P-047-SAB207-35DD-ZJXY;19;0;-120;72;0;-13;42.9;0;-120;35;21;0;C0;6;20;64;58;64;58;6 - 7.3 gr;Polyrex;0.448 Nm;0.3 Nm;2020-10-14 00:00:00;A;-;;;;;;;;
224;B&P-047-SAB208-40DD-ZJXY;22;0;-120;80;0;-13;49.2;0;-120;40;21;0;C0;6;20;64;58;64;58;9.75 - 11.7 gr;Polyrex;0.567 Nm;0.378 Nm;2020-10-14 00:00:00;0;-;;;;;;;;
225;B&P-001-OR208-G21-ZJXY;21;0;-120;80;0;-13;NO;NO;NO;NO;NO;NO;NO;NO;NO;NO;NO;64;58;NO;NO;NO;NO;2020-12-21 00:00:00;0;-;;;;;;;;
226;B&P-001-OR207-G-ZJXY;19;0;-120;72;0;-13;NO;NO;NO;NO;NO;NO;NO;NO;NO;NO;NO;64;58;NO;NO;NO;NO;2016-10-04 00:00:00;A;-;;;;;;;;
227;BPB-047-SAB211-32TG-ZJXY;25;0;-120;100;0;-15;55.6;0;-120;50.8;21;0;C3;23;43;64;58;64;58;19.2 - 25.6 gr;Polyrex;1.74 Nm;1.2 Nm;2021-01-28 00:00:00;B;-;;;;;;;;
228;BPB-047-ACL205-16RR - ZJXY;15;0;-120;52;0;-13;21.5;0;-120;25.4;18;0;C3;13;28;64;58;64;58;3.4 gr - 4.53 gr;Polyrex;0.091;0.056;2021-07-08 00:00:00;C;-;;;;;;;;
229;BPB-047-ACL205-16RG - HNHL;15;0;-120;52;0;-13;21.5;0;-120;25.4;18;0;C0;5;20;64;58;64;58;2.85 - 3.4 gr;Polyrex;0.091;0.056;2021-01-28 00:00:00;C;-;;;;;;;;
230;BPB-047-ACL205-16RR - HNHL;15;0;-120;52;0;-13;21.5;0;-120;25.4;18;0;C3;13;28;64;58;64;58;3.4 gr - 4.53 gr;Polyrex;0.091;0.056;2021-12-02 00:00:00;C;;;;;;;;;
231;B&P-047-ECL206-20TG-HNHL;18;0;-120;62;0;-13;36.4;0;-120;31.75;18;0;C0;5;20;64;58;64;58;4.6 gr - 5.5 gr;Polyrex;0.5592;0.3728;2021-05-20 00:00:00;0;Rojo, Interno;;;;;;;;
232;B&P-047-SAB-206-30DG - HNHL;18;0;-120;62;0;-13;38.1;0;-120;30;18;0;C0;5;20;64;58;64;58;4.6 - 5.5 gr;Polyrex;0.33;0.22;2020-11-30 00:00:00;B;-;;;;;;;;
233;B&P-047-ECL-209-45DG-HNHL;22;0;-120;85;0;-15;42.8;0;-120;45;21;0;C0;6;23;64;58;64;58;9-10.7 gr;Polyrex;0.677 N.m;0.451 N.m;2020-11-30 00:00:00;C;-;;;;;;;;
234;B&P-047-SAB-209-45DG-HNHL;22;0;-120;85;0;-15;49.2;0;-120;45;21;0;C0;6;23;64;58;64;58;12.2 - 10.15 gr;Polyrex;0.676Nm;0.451Nm;2020-11-30 00:00:00;B;-;;;;;;;;
235;B&P-047-ECL-206-30DG - HNHL;18;0;-120;62;0;-13;36.4;0;-120;30;18;0;C0;5;20;64;58;64;58;4.6 - 5.5 gr;Polyrex;0.33;0.22;2020-11-30 00:00:00;B;-;;;;;;;;
236;BPB-047-SAB211-32TG-HNHL;25;0;-120;100;0;-15;55.6;0;-120;50.8;21;0;C0;8;28;64;58;64;58;19.2 - 25.6 gr;Polyrex;1.74 Nm;1.2 Nm;2020-09-15 00:00:00;0;-;;;;;;;;
237;BPB-047-ASL207-35RR -ZJXY;19;0;-120;72;0;-15;32;0;-120;35;20;0;C0;6;20;64;58;64;58;6 - 7.3 gr;Polyrex;0.091 Nm;0.056 Nm;2020-11-30 00:00:00;A;-;;;;;;;;
238;B&P-047-ECL-205-25DG - ZJXY;15;0;-120;52;0;-13;34.8;0;-120;25;18;0;C0;5;20;64;58;64;58;2,85 - 3,4 gr;Polyrex;0.23;0.157;2020-11-30 00:00:00;B;-;;;;;;;;
239;B&P-047-ECL-205-25DG - HNHL;15;0;-120;52;0;-13;34.8;0;-120;25;18;0;C0;5;20;64;58;64;58;2,85 - 3,4 gr;Polyrex;0.23;0.157;2020-11-30 00:00:00;B;-;;;;;;;;
240;B&P-047-SAB-212-60DG - ZJXY;27;0;-150;110;0;-15;65.1;0;-150;60;24;0;C0;8;28;64;58;64;58;50-60%;Polyrex;122cNm/1,22Nm;8,1cNm/0,81Nm;2020-11-30 00:00:00;B;-;;;;;;;;
241;B&P-047-ECL210-31TG-HNHL;22;0;-120;90;0;-15;49.2;0;-120;49.213;21;0;C0;6;23;64;58;64;58;10.9 - 13.1 gr;Polyrex;1.3558 Nm;0.9038 Nm;2021-11-12 00:00:00;A;-;;;;;;;;
242;B&P-047-ECL210-31TT-HNHL;22;0;-120;90;0;-15;49.2;0;-120;49.213;21;0;C0;6;23;64;58;64;58;10.9 - 13.1 gr;Polyrex;1.3558 Nm;0.9038 Nm;2021-11-12 00:00:00;A;-;;;;;;;;
243;BPB-047-ECL207-20MG-HNHL;19;0;-120;72;0;-13;37.6;0;-120;31.75;18;0;C0;6;20;64;58;64;58;7.3 - 9.75gr;Polyrex;0.092 Nm;0.056 Nm;2021-06-01 00:00:00;A;;;;;;;;;
244;BPB-047-ECL207-22MG-HNHL;19;0;-120;72;0;-13;37.6;0;-120;34.93;21;0;C0;6;20;64;58;64;58;7.3 - 9.75gr;Polyrex;0.092 Nm;0.056 Nm;2022-06-01 00:00:00;A;;;;;;;;;
245;BPB-047-ECL209-28MM-HNHL;22;0;-120;85;0;-15;42.8;0;120;44.5;21;0;C0;6;23;64;58;64;58;10.7 - 14.3 gr;Polyrex;0.677 Nm;0.451 Nm;2021-06-01 00:00:00;A;;;;;;;;;
246;BPB-047-SAB205-16MG-HNHL;15;0;-120;52;0;-13;34;0;-120;25.4;18;0;C3;13;28;64;58;64;58;3.4 - 4.53gr;Polyrex;0.0918 Nm;0.0564 Nm;2021-06-01 00:00:00;A;;;;;;;;;
247;BPB-047-ACL208-24RG-HNHL;22;0;-120;80;0;-13;30.18;0;-120;38.1;21;0;C0;6;20;64;58;64;58;11.7 - 15.6 gr;Polyrex;0.176 N.m;0.127 N.m;2020-11-30 00:00:00;B;;;;;;;;;
248;BPB-047-ECL205-16MM-ZJXY;15;0;-120;52;0;-13;34.8;0;-120;25.4;18;0;C3;13;28;64;58;64;58;3.4 - 4.55 gr;Polyrex;0.0918 Nm;0.0564 Nm;2021-07-08 00:00:00;C;-;;;;;;;;
249;BPB-047-ACL208-24RG-ZJXY;22;0;-120;80;0;-13;30.18;0;-120;38.1;21;0;C3;15;33;64;58;64;58;11.7 - 15.6 gr;Polyrex;0.176 N.m;0.127 N.m;2021-01-18 00:00:00;A;;;;;;;;;
250;BPB-047-ECL207-20MG-ZJXY;19;0;-120;72;0;-13;37.6;0;-120;31.75;21;0;C3;15;33;64;58;64;58;7.3 - 9.75gr;Polyrex;0.092 Nm;0.056 Nm;2021-01-28 00:00:00;C;-;;;;;;;;
251;BPB-047-ECL207-22MG-ZJXY;19;0;-120;72;0;-13;37.6;0;-120;34.93;21;0;C3;15;33;64;58;64;58;7.3 - 9.75gr;Polyrex;0.092 Nm;0.056 Nm;2021-01-28 00:00:00;C;-;;;;;;;;
252;BPB-047-ECL211-32MG-HNHL;25;0;-120;100;0;-15;55.4;0;-120;50.8;21;0;C0;8;28;64;58;64;58;19.2 - 25.6gr;Polyrex;0.6722 Nm;0.2471 Nm;2021-11-17 00:00:00;B;-;;;;;;;;
253;BPB-047-ECL211-32MG-ZJXY;25;0;-120;100;0;-15;55.4;0;-120;50.8;21;0;C3;23;43;64;58;64;58;19.2 - 25.6gr;Polyrex;0.6722 Nm;0.2471 Nm;2021-07-08 00:00:00;C;-;;;;;;;;
254;BPB-047-ECL205-16MM-HNHL;15;0;-120;52;0;-13;34.8;0;-120;25.4;18;0;C3;13;28;64;58;64;58;3.4 - 4.55 gr;Polyrex;0.23 Nm;0.157 Nm;2021-06-01 00:00:00;0;-;;;;;;;;
255;B&P-047-SAB-210-50DG-HNHL;22;0;-120;90;0;-15;51.6;0;-120;50;21;0;RADIAL;6;23;64;58;64;58;13.1-10.9 gr;Polyrex;0.796 N.m;0.531 N.m;2021-03-02 00:00:00;A;-;;;;;;;;
256;BPB-047-ACL206-20 -HNHL ;18;0;-120;62;0;-13;23.82;0;-120;31.75;18;0;Radial C0;5;20;64;58;64;58;4.6-5.5gr;Polyrex;0.0918;0.056;2021-01-28 00:00:00;B;-;;;;;;;;
257;BPB-047-ECL-207-22-D-ZJXY;19;0;-120;72;0;-13;37.6;0;-120;34.93;21;0;Radial C0;6;20;64;58;64;58;7.3-9.75gr;Polyrex;0.092Nm;0.056Nm;2021-01-28 00:00:00;A;;;;;;;;;
258;BPB-047-ECL210-50D-3-HNHL;22;0;-120;90;0;-15;44.2;0;-120;50;21;0;C0;6;23;64;58;64;58;10,9 - 13,1;Polyrex;0,796Nm;0,531Nm;2017-08-29 00:00:00;0;-;;;;;;;;
259;BPB-047-ACL206-30RR1-HNHL;18;0;-120;62;0;-13;23.82;0;-120;30;18;0;C0;6;20;64;58;64;58;4.6 - 5.5;Polyrex;0.091 Nm;0.056 Nm;2020-11-30 00:00:00;D;-;;;;;;;;
260;B&P-047-ASL206-30RR - HNHL;18;0;-120;62;0;-13;30;0;-120;30;18;0;C0;6;20;64;58;64;58;4.85 - 4.05 gr;Polyrex;0.091;0.056;2023-11-23 00:00:00;C;-;;;;;;;;
261;BPB-047-ACL206-30RG - HNHL;18;0;-120;62;0;-13;23.82;0;-120;30;18;0;C0;6;20;64;58;64;58;4.6 - 5.5 gr;Polyrex;0.091;0.056;2020-11-30 00:00:00;B;-;;;;;;;;
262;BPB-047-ECL-211-32-HNHL;25;0;-120;100;0;-15;55.4;0;-120;50.8;21;0;C0;8;28;64;58;64;58;19.2-25.6gr;Polyrex;1Nm;0.67Nm;2021-06-01 00:00:00;A;-;;;;;;;;
263;B&P-047-ECL-211-55DG-HNHL;25;0;-150;100;0;-15;55.4;0;-150;55;24;0;C0;28;8;64;58;64;58;19.2-16 gr;Polyrex;1 Nm;0.67 Nm;2020-11-30 00:00:00;B;-;;;;;;;;
264;BPB-047-ECL205-16DG - HNHL;15;0;-120;52;0;-13;34.8;0;-120;25.4;18;0;C0;5;20;64;58;64;58;2.85 - 3.4 gr;Polyrex;0.23;0.157;2021-01-28 00:00:00;D;;;;;;;;;
265;B&P-047-SAB-208-40DG -HNHL;22;0;-120;80;0;-13;49.2;0;-120;40;21;0;C0;6;20;64;58;64;58;9,75 - 11,7;Polyrex;0,567 Nm;0,378 Nm;2020-11-30 00:00:00;B;-;;;;;;;;
266;BPB-047-ACL-207-35DG-ZJXY;17;0;-120;72;0;-15;25.4;0;-120;35;20;0;C0;6;20;64;58;64;58;6-7.3gr;Polyrex;0.091Nm;0.056Nm;2020-11-30 00:00:00;B;-;;;;;;;;
267;B&P-048-ORAE-35-2RST-HNHS;19;0;-120;72;0;-13;19;0;-120;35;0;-13;C3;15;33;64;58;64;58;60-80%;Polyrex;0.0918Nm;0.0564Nm;2021-12-15 00:00:00;B;-;;;;;;;;
268;B&P-048-ORAE-30-2RST-HNHS;18;0;-120;62;0;-13;18;0;-120;30;0;-13;C3;13;28;64;58;64;58;60-80%;Polyrex;0.0918Nm;0.0564Nm;2021-12-15 00:00:00;B;-;;;;;;;;
269;B&P-047-ECL207-35DD-HNHL;19;0;-120;72;0;-13;37.6;0;-120;35;21;0;C0;6;20;64;58;64;58;7.3 - 6gr;Polyrex;0.448 N.m;0.3 N.m;2020-11-30 00:00:00;B;;;;;;;;;
270;B&P-047-ACLR205-14R-HNHL;15;0;-120;52;0;-13;21.5;0;-120;22.225;18;0;C0;5;20;64;58;64;58;2.85 - 3.4gr;Polyrex;0.091 N.m;0.056 N.m;2021-08-04 00:00:00;0;;;;;;;;;
271;B&P-048-SER-47-CMI;38.1;0;-120;130;0;-15;77.8;0;-120;74.61;24;0;C3;25;51;64;58;64;58;68.12-51.09 gr;Polyrex;0.49 Nm;0.38 Nm;2022-02-15 00:00:00;E;-;;;;;;;;
272;BPB-047-SAB205-16MG-ZJXY;15;0;-120;52;0;-13;34;0;-120;25.4;18;0;C3;13;28;64;58;64;58;3.4 - 4.53gr;Polyrex;0.0918 Nm;0.0564 Nm;2021-02-01 00:00:00;0;;;;;;;;;
273;B&P-047-SAB-212-60DG - HNHL;27;0;-150;110;0;-15;65.1;0;-150;60;24;0;C0;8;28;64;58;64;58;50-60%;Polyrex;122cNm/1,22Nm;8,1cNm/0,81Nm;2020-11-30 00:00:00;B;;;;;;;;;
274;B&P-001-OR205-G-ZJXY;15;0;-120;52;0;-13;NO;NO;NO;NO;NO;NO;NO;NO;NO;NO;NO;64;58;NO;NO;NO;NO;2016-04-06 00:00:00;A;-;;;;;;;;
275;B&P-002-ECL205-25-02-ZJXY;;;;;;;34.8;0;-120;25;0;18;NO;NO;NO;64;58;NO;NO;NO;NO;NO;NO;2011-04-29 00:00:00;0;;;;;;;;;
276;BPB-047-ACL-207-35DG-HNHL;19;0;-120;72;0;-13;25.4;0;-120;35;21;0;C0;6;20;64;58;64;58;6-7.3gr;Polyrex;0.091Nm;0.056Nm;2021-01-28 00:00:00;C;-;;;;;;;;
277;BPB-047-ASL207-35RR -HNHL;19;0;-120;72;0;-15;32;0;-120;35;20;0;C0;6;20;64;58;64;58;6 - 7.3 gr;Polyrex;0.091 Nm;0.056 Nm;2021-08-25 00:00:00;B;-;;;;;;;;
278;B&P-048-SER-51-CMI;42.86;0;-120;140;0;-18;77.8;0;-120;80.96;24;5;C3;30;58;62;58;62;58;50% - 60%;Polyrex;168cNm / 1,68Nm;112cNm / 1,12Nm;2025-06-02 00:00:00;D;;;;;;;;;
279;B&P-047-ASL-205-14RG -HNHL;15;0;-120;52;0;-13;27;0;-120;22.225;18;0;C0;5;20;64;58;64;58;2.85 - 3.4 gr;Polyrex;0.091 Nm;0.056 Nm;2022-12-05 00:00:00;A;Rojo, Interno;;;;;;;;
280;B&P-047-ECL206-20TG-HBZD;18;0;-120;62;0;-13;36.4;0;-120;31.75;18;0;C0;6;20;64;58;64;58;60-80%;Polyrex;0.5592;0.3728;2022-09-23 00:00:00;B;Rojo, Interno;;;;;;;;
281;B&P-047-ACLR208-40RG-HBZD;22;0;-120;80;0;-13;30.2;0;-120;40;21;0;Radial C0;6;20;64;58;64;58;60-80%;Polyrex;0.176;0.127;2024-12-05 00:00:00;E;Azul, Interno;;;;;;;;
282;B&P-047-SAB207-20DD-YUN;19;0;-120;72;0;-13;42.9;0;-120;31.75;18;0;Radial C0;6;20;64;58;64;58;60-80%;Polyrex;0.3Nm;0.448Nm;2022-12-07 00:00:00;A;;;;;;;;;
283;B&P-047-ACL206-30RR1 - HBZD;18;0;-120;62;0;-13;23.82;0;-120;30;18;0;C0;5;20;64;58;64;58;4.6 - 5.5;Polyrex;0.091;0.056;2022-09-09 00:00:00;0;-;;;;;;;;
284;B&P-047-ECL207-35DD-HBZD;19;0;-120;72;0;-13;37.6;0;-120;35;21;0;C0;6;20;64;58;64;58;60-80%;Polyrex;0.448 N.m;0.3 N.m;2024-12-27 00:00:00;B;Azul, Interno;;;;;;;;
285;B&P-047-ECL-212-60DG -HBZD;27;0;-150;110;0;-15;61.8;0;-150;60;25;0;C0;8;28;64;58;64;58;50-60%;Polyrex;122cNm/1,22Nm;8,1cNm/0,81Nm;2021-01-24 00:00:00;A;azul-interno;;;;;;;;
286;B&P-047-ACLR206-20RR-HBZD  ;18;0;-120;62;0;-13;23.82;0;-120;31.75;18;0;C0;6;20;64;58;64;58;4.6-5.6gr;Polyrex;0.0918Nm;0.056Nm;2022-08-17 00:00:00;0;Rojo, Interno;;;;;;;;
287;B&P-047-SAB205-14DG-YUN;15;0;-120;52;0;-13;34;0;-120;22.225;18;0;C0;5;20;64;58;64;58;60-80%;Polyrex;0.230Nm;0.157Nm;2022-11-04 00:00:00;0;Rojo, Interno;;;;;;;;
288;B&P-047-ASL-205-25MM-HNHL;15;0;-120;52;0;-13;27;0;-120;25;18;0;C0;5;20;64;58;64;58;50-60%;Polyrex;0.091Nm;0.056Nm;2022-12-05 00:00:00;A;Azul, Interno;;;;;;;;
289;B&P-047-ACL207-35RR1-HNHL;19;0;-120;72;0;-15;25.4;0;-120;35;21;0;C0;6;20;64;58;64;58;6-7.3gr;Polyrex;0.091Nm;0.056Nm;2022-11-23 00:00:00;C;Azul, Interno;;;;;;;;
290;B&P-047-ECL206-20DG-HNHL;18;0;-120;62;0;-13;36.4;0;-120;31.75;18;0;C0;6;20;64;58;64;58;60-80%;Polyrex;0.33Nm;0.22Nm;2022-12-05 00:00:00;A;Rojo, Interno;;;;;;;;
291;B&P-047-ECL210-50D-3-HNHL;22;0;-120;90;0;-15;44.2;0;-120;50;21;0;C0;6;23;64;58;64;58;60-80%;Polyrex;0.796Nm;0.531Nm;2022-11-23 00:00:00;A;Azul, Interno;;;;;;;;
292;B&P-047-ECL208-24DG-HBZD;22;0;-120;80;0;-13;42.8;0;-120;38.1;21;0;C0;6;20;64;58;64;58;60-80%;Polyrex;0.567Nm;0.378Nm;2017-09-05 00:00:00;0;Rojo, Interno;;;;;;;;
293;B&P-047-ECL210-32DG-HBZD;22;0;-120;90;0;-15;49.2;0;-120;50.8;21;0;C0;6;23;64;58;64;58;60-80%;Polyrex;0.796Nm;0.531Nm;2022-09-09 00:00:00;0;Rojo, Interno;;;;;;;;
294;B&P-047-ECL209-27DG-HBZD;22;0;-120;85;0;-15;42.8;0;-120;42.8625;21;0;C0;6;20;64;58;64;58;60-80%;Polyrex;0.677Nm;0.451Nm;2010-09-23 00:00:00;0;Rojo, Interno;;;;;;;;
295;B&P-047-ECL210-31TPL-HBZD;22;0;-120;90;0;-15;49.2;0;-120;49.213;21;0;C0;6;23;64;58;64;58;10.9 - 13.1 gr;Polyrex;1.3558 Nm;0.9038 Nm;2023-02-16 00:00:00;A;Rojo, Interno;;;;;;;;
296;ECL-212-60D - 3;27;0;-150;110;0;-15;46;0;-150;60;24;0;C0;8;28;64;58;64;58;50-60%;Polyrex;122cNm/1,22Nm;8,1cNm/0,81Nm;2012-10-09 00:00:00;0;-;;;;;;;;
297;B&P-047-ECL206-20TG-MID;18;0;-120;62;0;-13;36.4;0;-120;31.75;18;0;C0;6;20;64;58;64;58;60-80%;Polyrex;0.5592;0.3728;2022-09-23 00:00:00;B;Rojo, Interno;;;;;;;;
298;B&P-047-SAB-207-35DG-HNHL;19;0;-120;72;0;-13;42.9;0;-120;35;21;0;C0;6;20;64;58;64;58;6 - 7.3 gr;Polyrex;0.448 Nm;0.3 Nm;2020-11-30 00:00:00;B;Azul;;;;;;;;
299;BPB-047-ECL-207-22-HNHL;19;0;-120;72;0;-13;37.6;0;-120;34.93;21;0;Radial C0;6;20;64;58;64;58;7.3-9.75gr;Polyrex;0.4491Nm;0.2994Nm;2021-08-31 00:00:00;B;;;;;;;;;
300;B&P-047-ECL-207-35DG-HNHL;19;0;-120;72;0;-13;37.6;0;-120;35;21;0;C0;6;20;64;58;64;58;6 - 7.3 gr;Polyrex;0.448;0.3;2020-11-30 00:00:00;B;Azul;;;;;;;;
301;B&P-047-SAB-205-25DG-YUN;15;0;-120;52;0;-13;34;0;-120;25;18;0;C0;5;20;64;58;64;58;2,85 - 3,4;Polyrex;0.23;0.157;2011-09-08 00:00:00;0;azul;;;;;;;;
302;B&P-047-SAB-204-20DG-YUN;15;0;-120;47;0;-11;31;0;-120;20;18;0;C0;5;20;64;58;64;58;60-80%;Polyrex;0.169Nm;0.113Nm;2011-03-02 00:00:00;0;azul;;;;;;;;
303;B&P-047-ACL206-30RG-HBZD;18;0;-120;62;0;-13;23.82;0;-120;30;18;0;C0;6;20;64;58;64;58;4.6 - 5.5 gr;Polyrex;0.091;0.056;2017-09-18 00:00:00;0;azul;;;;;;;;
304;B&P-047-ASL206-30RR-HBZD;18;0;-120;62;0;-13;30;0;-120;30;18;0;C0;6;20;64;58;64;58;60-80%;Polyrex;0.091;0.056;2024-03-04 00:00:00;B;azul;;;;;;;;
305;B&P-047-ACLR205-14R-HBZD;15;0;-120;52;0;-13;21.4;0;-120;22.225;18;0;C0;5;20;64;58;64;58;2.85 - 3.4gr;Polyrex;0.091 N.m;0.056 N.m;2023-12-27 00:00:00;A;Rojo, Interno;;;;;;;;
306;B&P-047-ECL-204-20DG-HBZD;16;0;-120;47;0;-11;34;0;-120;20;18;0;C0;5;20;64;58;64;58;50-60%;Polyrex;0.17Nm;0.11Nm;2023-12-27 00:00:00;A;Azul, Interno;;;;;;;;
307;B&P-047-ECL-205-14DG-HBZD;15;0;-120;52;0;-13;34.8;0;-120;22.225;18;0;C0;5;20;64;58;64;58;60-80%;Polyrex;0.23Nm;0.157Nm;2023-09-05 00:00:00;0;Rojo, Interno;;;;;;;;
308;B&P-047-UK-207-HBZD;20;0;-120;72;0;-13;27;0;-120;35;39;0;C0;6;20;64;59;64;59;6-7.3 gr;Polyrex;0.449Nm;0.299Nm;2023-12-27 00:00:00;A;-;;;;;;;;
309;B&P-047-UK-209-HBZD;22;0;-120;85;0;-15;33;0;-120;45;39;0;C0;6;23;64;59;64;59;50-60%;Polyrex;0.45Nm;0.67Nm;2023-12-27 00:00:00;A;-;;;;;;;;
310;B&P-047-ECL-212-39DG-HBZD2;27;0;-150;110;0;-15;61.8;0;-150;61.91;24;0;C0;8;28;64;59;64;59;50-60%;Polyrex;1.22 Nm;0.813 Nm;2023-12-27 00:00:00;A;;;;;;;;;
311;B&P-047-ACL205-14RG-HNHL;15;0;-120;52;0;-13;21.5;0;-120;22.225;18;0;C0;5;20;64;58;64;58;60-80%;Polyrex;0.13Nm;0.056Nm;2024-01-15 00:00:00;A;Rojo, Interno;;;;;;;;
312;B&P-047-ECL-311-32-R-HBZD;34;0;-150;120;0;-18;55.6;0;-150;50.8;24;0;C0;8;28;64;59;64;59;60-80%;Polyrex;-;-;2024-04-24 00:00:00;B;rojo;;;;;;;;
313;B&P-047-ECL211-35D-HBZD;25;0;-150;100;0;-15;55.5;0;-150;55.5625;-;-;C0;8;28;64;59;64;59;60-80%;Polyrex;1Nm;0.67Nm;2023-12-27 00:00:00;A;rojo;;;;;;;;
314;B&P-047-SAB-213-65DG-HBZD;28;0;-150;120;0;-15;65.1;0;-150;65;24;0;C0;8;28;64;58;64;58;60-80%;Polyrex;1.39Nm;0.93Nm;2024-01-24 00:00:00;A;Azul, Interno;;;;;;;;
315;B&P-047-SAB-216-80DG-HBZD;33;0;-150;140;0;-18;82.6;0;-150;80;24;0;C0;10;30;64;59;64;59;60-80%;Polyrex;2.064Nm;1.376Nm;2023-12-27 00:00:00;A;Azul, Interno;;;;;;;;
316;B&P-047-SAB-218-90DG-HBZD;37;0;-200;160;0;-25;96;0;-200;90;28;0;C0;12;36;64;59;64;59;60-80%;Polyrex;2.9724Nm;1.9816Nm;2024-01-16 00:00:00;B;Azul, Interno;;;;;;;;
317;B&P-047-ACL-205-25MM-HNHL;15;0;-120;52;0;-13;21.5;0;-120;25;18;0;C0;5;20;64;58;64;58;3.4-2.85gr;Polyrex;0.13Nm;0.056Nm;2021-01-15 00:00:00;A;Azul, Interno;;;;;;;;
318;B&P-047-ECL209-28DG-HBZD;22;0;-120;85;0;-15;42.8;0;-120;44.45;21;0;C0;6;23;64;58;64;58;9 - 10.7gr;Polyrex;0.676 Nm;0.451 Nm;2024-04-30 00:00:00;D;rojo;;;;;;;;
319;B&P-047-ACL207-23RG-HBZD;19;0;-120;72;0;-15;25.4;0;-120;36.512;21;0;C0;6;20;64;58;64;58;60-80%;Polyrex;0.091N.m;0.056 N.m;2025-03-07 00:00:00;A;Rojo, Interno;;;;;;;;
320;B&P-047-ECL-207-35DG-HBZD;19;0;-120;72;0;-13;37.6;0;-120;35;21;0;C0;6;20;64;59;64;59;60-80%;Polyrex;0.448;0.3;2024-10-18 00:00:00;0;Azul, Interno;;;;;;;;
321;B&P-048-UK-208-HBZD;21;0;-120;80;0;-13;29;0;-120;40;39;0;C0;6;20;64;59;64;59;11.7-15.6gr;Polyrex;0.567Nm;0.378Nm;2023-12-27 00:00:00;A;-;;;;;;;;
322;B&P-047-ACL204-20RG-HBZD;14;0;-120;47;0;-11;21.4;0;-120;20;18;0;C0;5;20;64;59;64;59;60-80%;Polyrex;0.091Nm;0.056Nm;2023-12-27 00:00:00;A;Azul, Interno;;;;;;;;
323;B&P-047-ECL206-18DG-HBZD;18;0;-120;62;0;-13;36.4;0;-120;28.575;18;0;C0;5;20;64;58;64;58;60-80%;Polyrex;0.33Nm;0.22Nm;2023-09-13 00:00:00;0;Rojo, Interno;;;;;;;;
324;B&P-047-ACL-208-40mm-HBZD;21;0;-120;80;0;-13;30.2;0;-120;40;21;0;C0;6;20;64;59;64;59;60-80%;Polyrex;0.176Nm;0.127Nm;2023-01-16 00:00:00;B;Azul, Interno;;;;;;;;
325;B&P-047-ECL-205-25DG - HBZD;15;0;-120;52;0;-13;34.8;0;-120;25;18;0;C0;5;20;64;58;64;58;60-80%;Polyrex;0.23;0.157;2024-08-20 00:00:00;A;Azul, Interno;;;;;;;;
326;B&P-047-ACL-209-28-HBZD;22;0;-120;85;0;-15;30.2;0;-120;44.45;21;0;C0;6;23;64;59;64;59;60-80%;Polyrex;0.176Nm;0.127Nm;2023-12-27 00:00:00;A;Rojo, Interno;;;;;;;;
327;B&P-047-ECL305-25DG-HBZD;21;0;-120;62;0;-13;34.9;0;-120;25;18;0;C0;5;20;64;59;64;59;60-80%;Polyrex;0.33Nm;0.22Nm;2023-12-27 00:00:00;A;Azul, Interno;;;;;;;;
328;B&P-047-ECL308-40DG-HBZD;27;0;-120;90;0;-15;41.3;0;-120;40;21;0;C0;6;20;64;58;64;58;60-80%;Polyrex;0.678;0.452Nm;2023-12-27 00:00:00;A;Azul, Interno;;;;;;;;
329;B&P-047-ECL205-16DG-HBZD;15;0;-120;52;0;-13;34.8;0;-120;25.4;18;0;C0;5;20;64;58;64;58;2.85 - 3.4 gr (60-80%);Polyrex;0.23;0.157;2024-08-19 00:00:00;0;Rojo;;;;;;;;
330;B&P-047-SAB-208-40DG-HBZD;21;0;-120;80;0;-13;49.2;0;-120;40;21;0;Radial C0;6;20;64;58;64;58;15,6 - 11,7;Polyrex;0,567 Nm;0,378 Nm;2024-10-18 00:00:00;0;Azul;;;;;;;;
331;B&P-047-ECL307-35DG-CMI;25;0;-120;80;0;-13;38.1;0;-120;35;21;0;C0;6;20;64;58;64;58;60-80%;Polyrex;0.44 Nm;0.3 Nm;2024-05-23 00:00:00;A;azul;;;;;;;;
332;BPB-047-SAB209-45DG - AIHUA;22;0;-120;85;0;-15;49.2;0;-120;45;21;0;C0;6;23;64;58;64;58;10,15 - 12,2;Polyrex;0,676Nm;0,451Nm;-;-;SIN PLANO;;;;;;;;
333;BPB-047-ECL-206-30MM - AIHUA;19;0;-120;62;NO;NO;36.5;NO;NO;30;20;0;C3;13;28;62;58;62;58;50-60%;Alvania;NO;NO;-;-;SIN PLANO;;;;;;;;
334;B&P-047-SAB207-P-CMI;19;0;-120;72;0;-13;42.9;0;-120;33.9;100;0;C3;15;33;64;58;64;58;60-80%;Polyrex;0,448Nm;0,3Nm;2024-10-07 00:00:00;B;Rojo;;;;;;;;
335;B&P-047-ECL-206-30DG-HBZD;18;0;-120;62;0;-13;36.4;0;-120;30;18;0;C3;13;28;64;58;64;58;60-80%;Polyrex;33cNm / 0,33Nm;22cNm / 0,22Nm;2024-02-19 00:00:00;B;Azul;;;;;;;;
336;B&P-047-SAB-209-45DG-HBZD;22;0;-120;85;0;-15;49.2;0;-120;45;21;0;C0;6;23;64;58;64;58;60-80%;Polyrex;0.676Nm;0.451Nm;2024-12-27 00:00:00;B;Azul;;;;;;;;
337;B&P-047-ECL-210-50DG-HBZD;22;0;-120;90;0;-15;49.2;0;-120;50;21;0;C0;6;23;64;58;64;58;60-80%;Polyrex;0,796Nm;0,531Nm;2024-11-15 00:00:00;A;Azul;;;;;;;;
338;B&P-047-SS-UC-205-25-ZJSC;17;NO;NO;52;0;-13;34.1;0;-120;25;25;0;C3;13;28;NO;NO;NO;NO;0.35;Standard;standard;standard;2007-08-28 00:00:00;0;NO;;;;;;;;
339;B&P-047-ACL205-16RG-HBZD;15;0;-120;52;0;-13;21.4;0;-120;25.4;18;0;C0;5;20;64;58;64;58;50-60%;Polyrex;0,091Nm;0,056Nm;2024-10-18 00:00:00;0;Rojo;;;;;;;;
340;BPB-047-ASL-203-17MM-RODATECNICA;13;NO;NO;40;NO;NO;22.5;NO;NO;17;NO;NO;NO;NO;NO;NO;NO;NO;NO;NO;NO;NO;NO;-;0;Rojo;Se controlo con catalogo Peer;;;;;;;
341;B&P-047-ACL-205-25MM-CMI;15;0;-120;52;0;-13;21.5;0;-120;25;18;0;C3;13;18;64;58;64;58;2.85 - 3.4gr;Polyrex;0,091Nm;0,056Nm;2024-12-05 00:00:00;B;Azul;;;;;;;;
342;B&P-047-ECL-211-55DG-CMI;25;0;-150;100;0;-15;55.4;0;-150;55;24;0;C0;6;28;64;58;64;58;60-80%;Polyrex;0,796Nm;0,531Nm;2024-12-05 00:00:00;B;Azul;;;;;;;;
343;B&P-047-ACL207-20RG-CMI;19;0;-120;72;0;-13;25.4;0;-120;31.75;18;0;C3;15;33;64;58;64;58;60-80%;Polyrex;0,091Nm;0,056Nm;2024-10-22 00:00:00;A;Rojo;;;;;;;;
344;B&P-047-SAB-207-35DG-HBZD;19;0;-120;72;0;-13;42.9;0;-120;35;21;0;C0;6;20;64;58;64;58;60-80%;Polyrex;0.488Nm;0.3Nm;2024-11-15 00:00:00;A;Azul;;;;;;;;
345;B&P-047-SAB209-28DG-HBZD;22;0;-120;85;0;-15;49.2;0;-120;44.45;21;0;C3;36;18;64;58;64;58;80-60%;Polyrex;0,676Nm;0,451Nm;2024-12-27 00:00:00;C;Rojo;;;;;;;;
346;B&P-047-SAB-206-30DG-HBZD;18;0;-120;62;0;-13;38.1;0;-120;30;18;0;C0;5;20;64;58;64;58;50-60%;Polyrex;0,33Nm;0,22Nm;2025-02-18 00:00:00;D;Azul;;;;;;;;
347;B&P-047-ASL205-14RG-HBZD;15;0;-120;52;0;-13;27;0;-120;22.225;18;0;C0;5;20;64;58;64;58;2.85gr - 3.4gr;Polyrex;0.091Nm;0.056Nm;2025-02-18 00:00:00;A;Rojo;;;;;;;;
348;B&P-047-SAB-205-25DG-HBZD;15;0;-120;52;0;-13;34;0;-120;25;18;0;C0;5;20;64;58;64;58;2.85gr - 3.4gr (60-80%);Polyrex;0.23Nm;0.157Nm;2024-12-27 00:00:00;A;Azul;;;;;;;;
349;B&P-047-ACL-208-40RG-HBZD;21;0;-120;80;0;-13;30.2;0;-120;40;21;0;C0;6;20;64;59;64;59;60-80%;Polyrex;0.176Nm;0.127Nm;2023-01-16 00:00:00;B;Azul;;;;;;;;
350;B&P-047-ECL212-39DG-HBZD;27;0;-150;110;0;-15;61.8;0;-150;61.913;24;0;C0;8;28;64;59;64;59;60-80%;Polyrex;1.22 Nm;0.813 Nm;2025-02-18 00:00:00;B;Rojo;;;;;;;;
351;B&P-047-SAB-214-70DG;29;0;-120;125;0;-18;74.6;0;-150;70;24;0;C0;8;28;64;58;64;58;60-80%;Polyrex;1.56 Nm;1 Nm;2025-02-18 00:00:00;A;Azul;;;;;;;;
352;B&P-047-ASL206-30RG-HBZD;18;0;-120;62;0;-13;30;0;-120;30;18;0;C0;6;20;64;58;64;58;60-80%;Polyrex;0,091 Nm;0,056 Nm;2025-03-07 00:00:00;B;Azul;;;;;;;;
353;BPB-047-ACL206-20-HBZD;18;0;-120;62;0;-13;23.8;0;-120;31.75;18;0;C0;6;20;64;58;64;58;60-80%;Polyrex;0,0918 Nm;0,056 Nm;2022-10-28 00:00:00;0;Rojo;;;;;;;;
354;B&P-047-SAB-210-50DG-HBZD;22;0;-120;90;0;-15;51.6;0;-120;50;21;0;C0;6;23;64;58;64;58;60-80%;Polyrex;0.796 Nm;0.531 Nm;2024-11-15 00:00:00;A;Azul;;;;;;;;
355;B&P-047-ACL206-18RG-HBZD;18;0;-120;62;0;-13;23.8;0;-120;28.575;18;0;C0;5;20;64;58;64;58;60-80%;Polyrex;0,0918 Nm;0,056 Nm;2024-01-03 00:00:00;0;Rojo,interno;;;;;;;;
356;B&P-047-ACLR208-24RR -HBZD;22;0;-120;80;0;-13;30.2;0;-120;38.1;21;0;C0;6;20;64;58;64;58;9.75 - 11.7 gr;Polyrex;0.176;0.127;2024-12-05 00:00:00;E;Azul, Interno;;;;;;;;
357;B&P-047-ECL208-24DG-CMI;22;0;-120;80;0;-13;42.8;0;-120;38.1;21;0;C0;6;20;64;58;64;58;60-80%;Polyrex;0.567 Nm;0.378 Nm;2025-02-24 00:00:00;C;Rojo;;;;;;;;
358;B&P-047-SAB-206-30DG-CMI;18;0;-120;62;0;-13;38.1;0;-120;30;18;0;C0;5;20;64;58;64;58;4,6 - 5,5 gr;Polyrex;0,33 Nm;0,22 Nm;2025-04-23 00:00:00;D;Azul;;;;;;;;
359;B&P-047-ECL211-35D-CMI;25;0;-120;100;0;-15;55.5;0;-120;55.56;-;-;C0;8;28;64;58;64;58;60-80%;Polyrex;1 Nm;0,67 Nm;2025-05-06 00:00:00;J;Rojo;;;;;;;;
360;B&P-047-ACL206-18RG-CMI;18;0;-120;62;0;-12;23.8;0;-120;28575;18;0;C0;5;20;64;58;64;58;60-80%;Polyrex;0,0918 Nm;0,056 Nm;2025-05-06 00:00:00;A;;;;;;;;;
361;BPB-047-ACL206-20-CMI;18;0;-120;62;0;-13;23.8;0;-120;31.75;18;0;C0;6;20;64;58;64;58;60-80%;Polyrex;0,0918 Nm;0,056 Nm;2025-05-06 00:00:00;A;;;;;;;;;
362;B&P-047-ACL206-30RG-CMI;18;0;-120;62;0;-13;23.82;0;-120;30;18;0;C0;6;20;64;58;64;58;60-80%;Polyrex;0,091 Nm;0,056 Nm;2025-05-07 00:00:00;F;;;;;;;;;
363;B&P-047-ACL206-30RR1-CMI;18;0;-120;62;0;-13;23.82;0;-120;30;18;0;C0;5;20;64;58;64;58;4,6 - 5.5 gr (50-60%) ;Polyrex;0,091 Nm;0,056 Nm;2025-09-08 00:00:00;I;;;;;;;;;
364;B&P-047-ASL-205-25MM-CMI;15;0;-120;52;0;-13;27;0;-12;25;18;0;C0;5;20;64;58;64;58;60-80%;Polyrex;0,091 Nm;0,056 Nm;2022-12-05 00:00:00;A;;;;;;;;;
365;;;;;;;;;;;;;;;;;;;;;;;;;;;;;;;;;;;
366;;;;;;;;;;;;;;;;;;;;;;;;;;;;;;;;;;;
367;;;;;;;;;;;;;;;;;;;;;;;;;;;;;;;;;;;
368;;;;;;;;;;;;;;;;;;;;;;;;;;;;;;;;;;;
369;;;;;;;;;;;;;;;;;;;;;;;;;;;;;;;;;;;
370;;;;;;;;;;;;;;;;;;;;;;;;;;;;;;;;;;;
371;;;;;;;;;;;;;;;;;;;;;;;;;;;;;;;;;;;
372;;;;;;;;;;;;;;;;;;;;;;;;;;;;;;;;;;;
373;;;;;;;;;;;;;;;;;;;;;;;;;;;;;;;;;;;
374;;;;;;;;;;;;;;;;;;;;;;;;;;;;;;;;;;;
375;;;;;;;;;;;;;;;;;;;;;;;;;;;;;;;;;;;
376;;;;;;;;;;;;;;;;;;;;;;;;;;;;;;;;;;;
377;;;;;;;;;;;;;;;;;;;;;;;;;;;;;;;;;;;
378;;;;;;;;;;;;;;;;;;;;;;;;;;;;;;;;;;;
379;;;;;;;;;;;;;;;;;;;;;;;;;;;;;;;;;;;
380;;;;;;;;;;;;;;;;;;;;;;;;;;;;;;;;;;;
381;;;;;;;;;;;;;;;;;;;;;;;;;;;;;;;;;;;
382;;;;;;;;;;;;;;;;;;;;;;;;;;;;;;;;;;;
383;;;;;;;;;;;;;;;;;;;;;;;;;;;;;;;;;;;
384;;;;;;;;;;;;;;;;;;;;;;;;;;;;;;;;;;;
385;;;;;;;;;;;;;;;;;;;;;;;;;;;;;;;;;;;
386;;;;;;;;;;;;;;;;;;;;;;;;;;;;;;;;;;;
387;;;;;;;;;;;;;;;;;;;;;;;;;;;;;;;;;;;
388;;;;;;;;;;;;;;;;;;;;;;;;;;;;;;;;;;;
389;;;;;;;;;;;;;;;;;;;;;;;;;;;;;;;;;;;
390;;;;;;;;;;;;;;;;;;;;;;;;;;;;;;;;;;;
391;;;;;;;;;;;;;;;;;;;;;;;;;;;;;;;;;;;
392;;;;;;;;;;;;;;;;;;;;;;;;;;;;;;;;;;;
393;;;;;;;;;;;;;;;;;;;;;;;;;;;;;;;;;;;
394;;;;;;;;;;;;;;;;;;;;;;;;;;;;;;;;;;;
395;;;;;;;;;;;;;;;;;;;;;;;;;;;;;;;;;;;
396;;;;;;;;;;;;;;;;;;;;;;;;;;;;;;;;;;;
397;;;;;;;;;;;;;;;;;;;;;;;;;;;;;;;;;;;
398;;;;;;;;;;;;;;;;;;;;;;;;;;;;;;;;;;;
399;;;;;;;;;;;;;;;;;;;;;;;;;;;;;;;;;;;
400;;;;;;;;;;;;;;;;;;;;;;;;;;;;;;;;;;;
;;;;;;;;;;;;;;;;;;;;;;;;;;;;;;;;;;;
;;;;;;;;;;;;;;;;;;;;;;;;;;;;;;;;;;;
;;;;;;;;;;;;;;;;;;;;;;;;;;;;;;;;;;;
;;;;;;;;;;;;;;;;;;;;;;;;;;;;;;;;;;;
;;;;;;;;;;;;;;;;;;;;;;;;;;;;;;;;;;;
;;;;;;;;;;;;;;;;;;;;;;;;;;;;;;;;;;;
;;;;;;;;;;;;;;;;;;;;;;;;;;;;;;;;;;;
;;;;;;;;;;;;;;;;;;;;;;;;;;;;;;;;;;;
;;;;;;;;;;;;;;;;;;;;;;;;;;;;;;;;;;;
;;;;;;;;;;;;;;;;;;;;;;;;;;;;;;;;;;;
;;;;;;;;;;;;;;;;;;;;;;;;;;;;;;;;;;;
;;;;;;;;;;;;;;;;;;;;;;;;;;;;;;;;;;;
;;;;;;;;;;;;;;;;;;;;;;;;;;;;;;;;;;;
;;;;;;;;;;;;;;;;;;;;;;;;;;;;;;;;;;;
;;;;;;;;;;;;;;;;;;;;;;;;;;;;;;;;;;;
;;;;;;;;;;;;;;;;;;;;;;;;;;;;;;;;;;;
;;;;;;;;;;;;;;;;;;;;;;;;;;;;;;;;;;;
;;;;;;;;;;;;;;;;;;;;;;;;;;;;;;;;;;;
;;;;;;;;;;;;;;;;;;;;;;;;;;;;;;;;;;;
;;;;;;;;;;;;;;;;;;;;;;;;;;;;;;;;;;;
;;;;;;;;;;;;;;;;;;;;;;;;;;;;;;;;;;;
;;;;;;;;;;;;;;;;;;;;;;;;;;;;;;;;;;;
;;;;;;;;;;;;;;;;;;;;;;;;;;;;;;;;;;;
;;;;;;;;;;;;;;;;;;;;;;;;;;;;;;;;;;;
;;;;;;;;;;;;;;;;;;;;;;;;;;;;;;;;;;;
;;;;;;;;;;;;;;;;;;;;;;;;;;;;;;;;;;;
;;;;;;;;;;;;;;;;;;;;;;;;;;;;;;;;;;;
;;;;;;;;;;;;;;;;;;;;;;;;;;;;;;;;;;;
;;;;;;;;;;;;;;;;;;;;;;;;;;;;;;;;;;;
;;;;;;;;;;;;;;;;;;;;;;;;;;;;;;;;;;;
;;;;;;;;;;;;;;;;;;;;;;;;;;;;;;;;;;;
;;;;;;;;;;;;;;;;;;;;;;;;;;;;;;;;;;;
;;;;;;;;;;;;;;;;;;;;;;;;;;;;;;;;;;;
;;;;;;;;;;;;;;;;;;;;;;;;;;;;;;;;;;;
;;;;;;;;;;;;;;;;;;;;;;;;;;;;;;;;;;;
;;;;;;;;;;;;;;;;;;;;;;;;;;;;;;;;;;;
;;;;;;;;;;;;;;;;;;;;;;;;;;;;;;;;;;;
;;;;;;;;;;;;;;;;;;;;;;;;;;;;;;;;;;;
;;;;;;;;;;;;;;;;;;;;;;;;;;;;;;;;;;;
;;;;;;;;;;;;;;;;;;;;;;;;;;;;;;;;;;;
;;;;;;;;;;;;;;;;;;;;;;;;;;;;;;;;;;;
;;;;;;;;;;;;;;;;;;;;;;;;;;;;;;;;;;;
;;;;;;;;;;;;;;;;;;;;;;;;;;;;;;;;;;;
;;;;;;;;;;;;;;;;;;;;;;;;;;;;;;;;;;;
;;;;;;;;;;;;;;;;;;;;;;;;;;;;;;;;;;;
;;;;;;;;;;;;;;;;;;;;;;;;;;;;;;;;;;;
;;;;;;;;;;;;;;;;;;;;;;;;;;;;;;;;;;;
;;;;;;;;;;;;;;;;;;;;;;;;;;;;;;;;;;;
;;;;;;;;;;;;;;;;;;;;;;;;;;;;;;;;;;;
;;;;;;;;;;;;;;;;;;;;;;;;;;;;;;;;;;;
;;;;;;;;;;;;;;;;;;;;;;;;;;;;;;;;;;;
;;;;;;;;;;;;;;;;;;;;;;;;;;;;;;;;;;;
;;;;;;;;;;;;;;;;;;;;;;;;;;;;;;;;;;;
;;;;;;;;;;;;;;;;;;;;;;;;;;;;;;;;;;;
;;;;;;;;;;;;;;;;;;;;;;;;;;;;;;;;;;;
;;;;;;;;;;;;;;;;;;;;;;;;;;;;;;;;;;;
;;;;;;;;;;;;;;;;;;;;;;;;;;;;;;;;;;;
;;;;;;;;;;;;;;;;;;;;;;;;;;;;;;;;;;;
;;;;;;;;;;;;;;;;;;;;;;;;;;;;;;;;;;;
;;;;;;;;;;;;;;;;;;;;;;;;;;;;;;;;;;;
;;;;;;;;;;;;;;;;;;;;;;;;;;;;;;;;;;;
;;;;;;;;;;;;;;;;;;;;;;;;;;;;;;;;;;;
;;;;;;;;;;;;;;;;;;;;;;;;;;;;;;;;;;;
;;;;;;;;;;;;;;;;;;;;;;;;;;;;;;;;;;;
;;;;;;;;;;;;;;;;;;;;;;;;;;;;;;;;;;;
;;;;;;;;;;;;;;;;;;;;;;;;;;;;;;;;;;;
;;;;;;;;;;;;;;;;;;;;;;;;;;;;;;;;;;;
;;;;;;;;;;;;;;;;;;;;;;;;;;;;;;;;;;;
;;;;;;;;;;;;;;;;;;;;;;;;;;;;;;;;;;;
;;;;;;;;;;;;;;;;;;;;;;;;;;;;;;;;;;;
;;;;;;;;;;;;;;;;;;;;;;;;;;;;;;;;;;;
;;;;;;;;;;;;;;;;;;;;;;;;;;;;;;;;;;;
;;;;;;;;;;;;;;;;;;;;;;;;;;;;;;;;;;;
;;;;;;;;;;;;;;;;;;;;;;;;;;;;;;;;;;;
;;;;;;;;;;;;;;;;;;;;;;;;;;;;;;;;;;;
;;;;;;;;;;;;;;;;;;;;;;;;;;;;;;;;;;;
;;;;;;;;;;;;;;;;;;;;;;;;;;;;;;;;;;;
;;;;;;;;;;;;;;;;;;;;;;;;;;;;;;;;;;;
;;;;;;;;;;;;;;;;;;;;;;;;;;;;;;;;;;;
;;;;;;;;;;;;;;;;;;;;;;;;;;;;;;;;;;;
;;;;;;;;;;;;;;;;;;;;;;;;;;;;;;;;;;;
;;;;;;;;;;;;;;;;;;;;;;;;;;;;;;;;;;;
;;;;;;;;;;;;;;;;;;;;;;;;;;;;;;;;;;;
;;;;;;;;;;;;;;;;;;;;;;;;;;;;;;;;;;;
;;;;;;;;;;;;;;;;;;;;;;;;;;;;;;;;;;;
;;;;;;;;;;;;;;;;;;;;;;;;;;;;;;;;;;;
;;;;;;;;;;;;;;;;;;;;;;;;;;;;;;;;;;;
;;;;;;;;;;;;;;;;;;;;;;;;;;;;;;;;;;;
;;;;;;;;;;;;;;;;;;;;;;;;;;;;;;;;;;;
;;;;;;;;;;;;;;;;;;;;;;;;;;;;;;;;;;;
;;;;;;;;;;;;;;;;;;;;;;;;;;;;;;;;;;;
;;;;;;;;;;;;;;;;;;;;;;;;;;;;;;;;;;;
;;;;;;;;;;;;;;;;;;;;;;;;;;;;;;;;;;;
;;;;;;;;;;;;;;;;;;;;;;;;;;;;;;;;;;;
;;;;;;;;;;;;;;;;;;;;;;;;;;;;;;;;;;;
;;;;;;;;;;;;;;;;;;;;;;;;;;;;;;;;;;;
;;;;;;;;;;;;;;;;;;;;;;;;;;;;;;;;;;;
;;;;;;;;;;;;;;;;;;;;;;;;;;;;;;;;;;;
;;;;;;;;;;;;;;;;;;;;;;;;;;;;;;;;;;;
;;;;;;;;;;;;;;;;;;;;;;;;;;;;;;;;;;;
;;;;;;;;;;;;;;;;;;;;;;;;;;;;;;;;;;;
;;;;;;;;;;;;;;;;;;;;;;;;;;;;;;;;;;;
;;;;;;;;;;;;;;;;;;;;;;;;;;;;;;;;;;;
;;;;;;;;;;;;;;;;;;;;;;;;;;;;;;;;;;;
;;;;;;;;;;;;;;;;;;;;;;;;;;;;;;;;;;;
;;;;;;;;;;;;;;;;;;;;;;;;;;;;;;;;;;;
;;;;;;;;;;;;;;;;;;;;;;;;;;;;;;;;;;;
;;;;;;;;;;;;;;;;;;;;;;;;;;;;;;;;;;;
;;;;;;;;;;;;;;;;;;;;;;;;;;;;;;;;;;;
;;;;;;;;;;;;;;;;;;;;;;;;;;;;;;;;;;;
;;;;;;;;;;;;;;;;;;;;;;;;;;;;;;;;;;;
;;;;;;;;;;;;;;;;;;;;;;;;;;;;;;;;;;;
;;;;;;;;;;;;;;;;;;;;;;;;;;;;;;;;;;;
;;;;;;;;;;;;;;;;;;;;;;;;;;;;;;;;;;;
;;;;;;;;;;;;;;;;;;;;;;;;;;;;;;;;;;;
;;;;;;;;;;;;;;;;;;;;;;;;;;;;;;;;;;;
;;;;;;;;;;;;;;;;;;;;;;;;;;;;;;;;;;;
;;;;;;;;;;;;;;;;;;;;;;;;;;;;;;;;;;;
;;;;;;;;;;;;;;;;;;;;;;;;;;;;;;;;;;;
;;;;;;;;;;;;;;;;;;;;;;;;;;;;;;;;;;;
;;;;;;;;;;;;;;;;;;;;;;;;;;;;;;;;;;;
;;;;;;;;;;;;;;;;;;;;;;;;;;;;;;;;;;;
;;;;;;;;;;;;;;;;;;;;;;;;;;;;;;;;;;;
;;;;;;;;;;;;;;;;;;;;;;;;;;;;;;;;;;;
;;;;;;;;;;;;;;;;;;;;;;;;;;;;;;;;;;;
;;;;;;;;;;;;;;;;;;;;;;;;;;;;;;;;;;;
;;;;;;;;;;;;;;;;;;;;;;;;;;;;;;;;;;;
;;;;;;;;;;;;;;;;;;;;;;;;;;;;;;;;;;;
;;;;;;;;;;;;;;;;;;;;;;;;;;;;;;;;;;;
;;;;;;;;;;;;;;;;;;;;;;;;;;;;;;;;;;;
;;;;;;;;;;;;;;;;;;;;;;;;;;;;;;;;;;;
;;;;;;;;;;;;;;;;;;;;;;;;;;;;;;;;;;;
;;;;;;;;;;;;;;;;;;;;;;;;;;;;;;;;;;;
;;;;;;;;;;;;;;;;;;;;;;;;;;;;;;;;;;;
;;;;;;;;;;;;;;;;;;;;;;;;;;;;;;;;;;;
;;;;;;;;;;;;;;;;;;;;;;;;;;;;;;;;;;;
;;;;;;;;;;;;;;;;;;;;;;;;;;;;;;;;;;;
;;;;;;;;;;;;;;;;;;;;;;;;;;;;;;;;;;;
;;;;;;;;;;;;;;;;;;;;;;;;;;;;;;;;;;;
;;;;;;;;;;;;;;;;;;;;;;;;;;;;;;;;;;;
;;;;;;;;;;;;;;;;;;;;;;;;;;;;;;;;;;;
;;;;;;;;;;;;;;;;;;;;;;;;;;;;;;;;;;;
;;;;;;;;;;;;;;;;;;;;;;;;;;;;;;;;;;;
;;;;;;;;;;;;;;;;;;;;;;;;;;;;;;;;;;;
;;;;;;;;;;;;;;;;;;;;;;;;;;;;;;;;;;;
;;;;;;;;;;;;;;;;;;;;;;;;;;;;;;;;;;;
;;;;;;;;;;;;;;;;;;;;;;;;;;;;;;;;;;;
;;;;;;;;;;;;;;;;;;;;;;;;;;;;;;;;;;;
;;;;;;;;;;;;;;;;;;;;;;;;;;;;;;;;;;;
;;;;;;;;;;;;;;;;;;;;;;;;;;;;;;;;;;;
;;;;;;;;;;;;;;;;;;;;;;;;;;;;;;;;;;;
;;;;;;;;;;;;;;;;;;;;;;;;;;;;;;;;;;;
;;;;;;;;;;;;;;;;;;;;;;;;;;;;;;;;;;;
;;;;;;;;;;;;;;;;;;;;;;;;;;;;;;;;;;;
;;;;;;;;;;;;;;;;;;;;;;;;;;;;;;;;;;;
;;;;;;;;;;;;;;;;;;;;;;;;;;;;;;;;;;;
;;;;;;;;;;;;;;;;;;;;;;;;;;;;;;;;;;;
;;;;;;;;;;;;;;;;;;;;;;;;;;;;;;;;;;;
;;;;;;;;;;;;;;;;;;;;;;;;;;;;;;;;;;;
;;;;;;;;;;;;;;;;;;;;;;;;;;;;;;;;;;;
;;;;;;;;;;;;;;;;;;;;;;;;;;;;;;;;;;;
;;;;;;;;;;;;;;;;;;;;;;;;;;;;;;;;;;;
;;;;;;;;;;;;;;;;;;;;;;;;;;;;;;;;;;;
;;;;;;;;;;;;;;;;;;;;;;;;;;;;;;;;;;;
;;;;;;;;;;;;;;;;;;;;;;;;;;;;;;;;;;;
;;;;;;;;;;;;;;;;;;;;;;;;;;;;;;;;;;;
;;;;;;;;;;;;;;;;;;;;;;;;;;;;;;;;;;;
;;;;;;;;;;;;;;;;;;;;;;;;;;;;;;;;;;;
;;;;;;;;;;;;;;;;;;;;;;;;;;;;;;;;;;;
;;;;;;;;;;;;;;;;;;;;;;;;;;;;;;;;;;;
;;;;;;;;;;;;;;;;;;;;;;;;;;;;;;;;;;;
;;;;;;;;;;;;;;;;;;;;;;;;;;;;;;;;;;;
;;;;;;;;;;;;;;;;;;;;;;;;;;;;;;;;;;;
;;;;;;;;;;;;;;;;;;;;;;;;;;;;;;;;;;;
;;;;;;;;;;;;;;;;;;;;;;;;;;;;;;;;;;;
;;;;;;;;;;;;;;;;;;;;;;;;;;;;;;;;;;;
;;;;;;;;;;;;;;;;;;;;;;;;;;;;;;;;;;;
;;;;;;;;;;;;;;;;;;;;;;;;;;;;;;;;;;;
;;;;;;;;;;;;;;;;;;;;;;;;;;;;;;;;;;;
;;;;;;;;;;;;;;;;;;;;;;;;;;;;;;;;;;;
;;;;;;;;;;;;;;;;;;;;;;;;;;;;;;;;;;;
;;;;;;;;;;;;;;;;;;;;;;;;;;;;;;;;;;;
;;;;;;;;;;;;;;;;;;;;;;;;;;;;;;;;;;;
;;;;;;;;;;;;;;;;;;;;;;;;;;;;;;;;;;;
;;;;;;;;;;;;;;;;;;;;;;;;;;;;;;;;;;;
;;;;;;;;;;;;;;;;;;;;;;;;;;;;;;;;;;;
;;;;;;;;;;;;;;;;;;;;;;;;;;;;;;;;;;;
;;;;;;;;;;;;;;;;;;;;;;;;;;;;;;;;;;;
;;;;;;;;;;;;;;;;;;;;;;;;;;;;;;;;;;;
;;;;;;;;;;;;;;;;;;;;;;;;;;;;;;;;;;;
;;;;;;;;;;;;;;;;;;;;;;;;;;;;;;;;;;;
;;;;;;;;;;;;;;;;;;;;;;;;;;;;;;;;;;;
;;;;;;;;;;;;;;;;;;;;;;;;;;;;;;;;;;;
;;;;;;;;;;;;;;;;;;;;;;;;;;;;;;;;;;;
;;;;;;;;;;;;;;;;;;;;;;;;;;;;;;;;;;;
;;;;;;;;;;;;;;;;;;;;;;;;;;;;;;;;;;;
;;;;;;;;;;;;;;;;;;;;;;;;;;;;;;;;;;;
;;;;;;;;;;;;;;;;;;;;;;;;;;;;;;;;;;;
;;;;;;;;;;;;;;;;;;;;;;;;;;;;;;;;;;;
;;;;;;;;;;;;;;;;;;;;;;;;;;;;;;;;;;;
;;;;;;;;;;;;;;;;;;;;;;;;;;;;;;;;;;;
;;;;;;;;;;;;;;;;;;;;;;;;;;;;;;;;;;;
;;;;;;;;;;;;;;;;;;;;;;;;;;;;;;;;;;;
;;;;;;;;;;;;;;;;;;;;;;;;;;;;;;;;;;;
;;;;;;;;;;;;;;;;;;;;;;;;;;;;;;;;;;;
;;;;;;;;;;;;;;;;;;;;;;;;;;;;;;;;;;;
;;;;;;;;;;;;;;;;;;;;;;;;;;;;;;;;;;;
;;;;;;;;;;;;;;;;;;;;;;;;;;;;;;;;;;;
;;;;;;;;;;;;;;;;;;;;;;;;;;;;;;;;;;;
;;;;;;;;;;;;;;;;;;;;;;;;;;;;;;;;;;;
;;;;;;;;;;;;;;;;;;;;;;;;;;;;;;;;;;;
;;;;;;;;;;;;;;;;;;;;;;;;;;;;;;;;;;;
;;;;;;;;;;;;;;;;;;;;;;;;;;;;;;;;;;;
;;;;;;;;;;;;;;;;;;;;;;;;;;;;;;;;;;;
;;;;;;;;;;;;;;;;;;;;;;;;;;;;;;;;;;;
;;;;;;;;;;;;;;;;;;;;;;;;;;;;;;;;;;;
;;;;;;;;;;;;;;;;;;;;;;;;;;;;;;;;;;;
;;;;;;;;;;;;;;;;;;;;;;;;;;;;;;;;;;;
;;;;;;;;;;;;;;;;;;;;;;;;;;;;;;;;;;;
;;;;;;;;;;;;;;;;;;;;;;;;;;;;;;;;;;;
;;;;;;;;;;;;;;;;;;;;;;;;;;;;;;;;;;;
;;;;;;;;;;;;;;;;;;;;;;;;;;;;;;;;;;;
;;;;;;;;;;;;;;;;;;;;;;;;;;;;;;;;;;;
;;;;;;;;;;;;;;;;;;;;;;;;;;;;;;;;;;;
;;;;;;;;;;;;;;;;;;;;;;;;;;;;;;;;;;;
;;;;;;;;;;;;;;;;;;;;;;;;;;;;;;;;;;;
;;;;;;;;;;;;;;;;;;;;;;;;;;;;;;;;;;;
;;;;;;;;;;;;;;;;;;;;;;;;;;;;;;;;;;;
;;;;;;;;;;;;;;;;;;;;;;;;;;;;;;;;;;;
;;;;;;;;;;;;;;;;;;;;;;;;;;;;;;;;;;;
;;;;;;;;;;;;;;;;;;;;;;;;;;;;;;;;;;;
;;;;;;;;;;;;;;;;;;;;;;;;;;;;;;;;;;;
;;;;;;;;;;;;;;;;;;;;;;;;;;;;;;;;;;;
;;;;;;;;;;;;;;;;;;;;;;;;;;;;;;;;;;;
;;;;;;;;;;;;;;;;;;;;;;;;;;;;;;;;;;;
;;;;;;;;;;;;;;;;;;;;;;;;;;;;;;;;;;;
;;;;;;;;;;;;;;;;;;;;;;;;;;;;;;;;;;;
;;;;;;;;;;;;;;;;;;;;;;;;;;;;;;;;;;;
;;;;;;;;;;;;;;;;;;;;;;;;;;;;;;;;;;;
;;;;;;;;;;;;;;;;;;;;;;;;;;;;;;;;;;;
;;;;;;;;;;;;;;;;;;;;;;;;;;;;;;;;;;;
;;;;;;;;;;;;;;;;;;;;;;;;;;;;;;;;;;;
;;;;;;;;;;;;;;;;;;;;;;;;;;;;;;;;;;;
;;;;;;;;;;;;;;;;;;;;;;;;;;;;;;;;;;;
;;;;;;;;;;;;;;;;;;;;;;;;;;;;;;;;;;;
;;;;;;;;;;;;;;;;;;;;;;;;;;;;;;;;;;;
;;;;;;;;;;;;;;;;;;;;;;;;;;;;;;;;;;;
;;;;;;;;;;;;;;;;;;;;;;;;;;;;;;;;;;;
;;;;;;;;;;;;;;;;;;;;;;;;;;;;;;;;;;;
;;;;;;;;;;;;;;;;;;;;;;;;;;;;;;;;;;;
;;;;;;;;;;;;;;;;;;;;;;;;;;;;;;;;;;;
;;;;;;;;;;;;;;;;;;;;;;;;;;;;;;;;;;;
;;;;;;;;;;;;;;;;;;;;;;;;;;;;;;;;;;;
;;;;;;;;;;;;;;;;;;;;;;;;;;;;;;;;;;;
;;;;;;;;;;;;;;;;;;;;;;;;;;;;;;;;;;;
;;;;;;;;;;;;;;;;;;;;;;;;;;;;;;;;;;;
;;;;;;;;;;;;;;;;;;;;;;;;;;;;;;;;;;;
;;;;;;;;;;;;;;;;;;;;;;;;;;;;;;;;;;;
;;;;;;;;;;;;;;;;;;;;;;;;;;;;;;;;;;;
;;;;;;;;;;;;;;;;;;;;;;;;;;;;;;;;;;;
;;;;;;;;;;;;;;;;;;;;;;;;;;;;;;;;;;;
;;;;;;;;;;;;;;;;;;;;;;;;;;;;;;;;;;;
;;;;;;;;;;;;;;;;;;;;;;;;;;;;;;;;;;;
;;;;;;;;;;;;;;;;;;;;;;;;;;;;;;;;;;;
;;;;;;;;;;;;;;;;;;;;;;;;;;;;;;;;;;;
;;;;;;;;;;;;;;;;;;;;;;;;;;;;;;;;;;;
;;;;;;;;;;;;;;;;;;;;;;;;;;;;;;;;;;;
;;;;;;;;;;;;;;;;;;;;;;;;;;;;;;;;;;;
;;;;;;;;;;;;;;;;;;;;;;;;;;;;;;;;;;;
;;;;;;;;;;;;;;;;;;;;;;;;;;;;;;;;;;;
;;;;;;;;;;;;;;;;;;;;;;;;;;;;;;;;;;;
;;;;;;;;;;;;;;;;;;;;;;;;;;;;;;;;;;;
;;;;;;;;;;;;;;;;;;;;;;;;;;;;;;;;;;;
;;;;;;;;;;;;;;;;;;;;;;;;;;;;;;;;;;;
;;;;;;;;;;;;;;;;;;;;;;;;;;;;;;;;;;;
;;;;;;;;;;;;;;;;;;;;;;;;;;;;;;;;;;;
;;;;;;;;;;;;;;;;;;;;;;;;;;;;;;;;;;;
;;;;;;;;;;;;;;;;;;;;;;;;;;;;;;;;;;;
;;;;;;;;;;;;;;;;;;;;;;;;;;;;;;;;;;;
;;;;;;;;;;;;;;;;;;;;;;;;;;;;;;;;;;;
;;;;;;;;;;;;;;;;;;;;;;;;;;;;;;;;;;;
;;;;;;;;;;;;;;;;;;;;;;;;;;;;;;;;;;;
;;;;;;;;;;;;;;;;;;;;;;;;;;;;;;;;;;;
;;;;;;;;;;;;;;;;;;;;;;;;;;;;;;;;;;;
;;;;;;;;;;;;;;;;;;;;;;;;;;;;;;;;;;;
;;;;;;;;;;;;;;;;;;;;;;;;;;;;;;;;;;;
;;;;;;;;;;;;;;;;;;;;;;;;;;;;;;;;;;;
;;;;;;;;;;;;;;;;;;;;;;;;;;;;;;;;;;;
;;;;;;;;;;;;;;;;;;;;;;;;;;;;;;;;;;;
;;;;;;;;;;;;;;;;;;;;;;;;;;;;;;;;;;;
;;;;;;;;;;;;;;;;;;;;;;;;;;;;;;;;;;;
;;;;;;;;;;;;;;;;;;;;;;;;;;;;;;;;;;;
;;;;;;;;;;;;;;;;;;;;;;;;;;;;;;;;;;;
;;;;;;;;;;;;;;;;;;;;;;;;;;;;;;;;;;;
;;;;;;;;;;;;;;;;;;;;;;;;;;;;;;;;;;;
;;;;;;;;;;;;;;;;;;;;;;;;;;;;;;;;;;;
;;;;;;;;;;;;;;;;;;;;;;;;;;;;;;;;;;;
;;;;;;;;;;;;;;;;;;;;;;;;;;;;;;;;;;;
;;;;;;;;;;;;;;;;;;;;;;;;;;;;;;;;;;;
;;;;;;;;;;;;;;;;;;;;;;;;;;;;;;;;;;;
;;;;;;;;;;;;;;;;;;;;;;;;;;;;;;;;;;;
;;;;;;;;;;;;;;;;;;;;;;;;;;;;;;;;;;;
;;;;;;;;;;;;;;;;;;;;;;;;;;;;;;;;;;;
;;;;;;;;;;;;;;;;;;;;;;;;;;;;;;;;;;;
;;;;;;;;;;;;;;;;;;;;;;;;;;;;;;;;;;;
;;;;;;;;;;;;;;;;;;;;;;;;;;;;;;;;;;;
;;;;;;;;;;;;;;;;;;;;;;;;;;;;;;;;;;;
;;;;;;;;;;;;;;;;;;;;;;;;;;;;;;;;;;;
;;;;;;;;;;;;;;;;;;;;;;;;;;;;;;;;;;;
;;;;;;;;;;;;;;;;;;;;;;;;;;;;;;;;;;;
;;;;;;;;;;;;;;;;;;;;;;;;;;;;;;;;;;;
;;;;;;;;;;;;;;;;;;;;;;;;;;;;;;;;;;;
;;;;;;;;;;;;;;;;;;;;;;;;;;;;;;;;;;;
;;;;;;;;;;;;;;;;;;;;;;;;;;;;;;;;;;;
;;;;;;;;;;;;;;;;;;;;;;;;;;;;;;;;;;;
;;;;;;;;;;;;;;;;;;;;;;;;;;;;;;;;;;;
;;;;;;;;;;;;;;;;;;;;;;;;;;;;;;;;;;;
;;;;;;;;;;;;;;;;;;;;;;;;;;;;;;;;;;;
;;;;;;;;;;;;;;;;;;;;;;;;;;;;;;;;;;;
;;;;;;;;;;;;;;;;;;;;;;;;;;;;;;;;;;;
;;;;;;;;;;;;;;;;;;;;;;;;;;;;;;;;;;;
;;;;;;;;;;;;;;;;;;;;;;;;;;;;;;;;;;;
;;;;;;;;;;;;;;;;;;;;;;;;;;;;;;;;;;;
;;;;;;;;;;;;;;;;;;;;;;;;;;;;;;;;;;;
;;;;;;;;;;;;;;;;;;;;;;;;;;;;;;;;;;;
;;;;;;;;;;;;;;;;;;;;;;;;;;;;;;;;;;;
;;;;;;;;;;;;;;;;;;;;;;;;;;;;;;;;;;;
;;;;;;;;;;;;;;;;;;;;;;;;;;;;;;;;;;;
;;;;;;;;;;;;;;;;;;;;;;;;;;;;;;;;;;;
;;;;;;;;;;;;;;;;;;;;;;;;;;;;;;;;;;;
;;;;;;;;;;;;;;;;;;;;;;;;;;;;;;;;;;;
;;;;;;;;;;;;;;;;;;;;;;;;;;;;;;;;;;;
;;;;;;;;;;;;;;;;;;;;;;;;;;;;;;;;;;;
;;;;;;;;;;;;;;;;;;;;;;;;;;;;;;;;;;;
;;;;;;;;;;;;;;;;;;;;;;;;;;;;;;;;;;;
;;;;;;;;;;;;;;;;;;;;;;;;;;;;;;;;;;;
;;;;;;;;;;;;;;;;;;;;;;;;;;;;;;;;;;;
;;;;;;;;;;;;;;;;;;;;;;;;;;;;;;;;;;;
;;;;;;;;;;;;;;;;;;;;;;;;;;;;;;;;;;;
;;;;;;;;;;;;;;;;;;;;;;;;;;;;;;;;;;;
;;;;;;;;;;;;;;;;;;;;;;;;;;;;;;;;;;;
;;;;;;;;;;;;;;;;;;;;;;;;;;;;;;;;;;;
;;;;;;;;;;;;;;;;;;;;;;;;;;;;;;;;;;;
;;;;;;;;;;;;;;;;;;;;;;;;;;;;;;;;;;;
;;;;;;;;;;;;;;;;;;;;;;;;;;;;;;;;;;;
;;;;;;;;;;;;;;;;;;;;;;;;;;;;;;;;;;;
;;;;;;;;;;;;;;;;;;;;;;;;;;;;;;;;;;;
;;;;;;;;;;;;;;;;;;;;;;;;;;;;;;;;;;;
;;;;;;;;;;;;;;;;;;;;;;;;;;;;;;;;;;;
;;;;;;;;;;;;;;;;;;;;;;;;;;;;;;;;;;;
;;;;;;;;;;;;;;;;;;;;;;;;;;;;;;;;;;;
;;;;;;;;;;;;;;;;;;;;;;;;;;;;;;;;;;;
;;;;;;;;;;;;;;;;;;;;;;;;;;;;;;;;;;;
;;;;;;;;;;;;;;;;;;;;;;;;;;;;;;;;;;;
;;;;;;;;;;;;;;;;;;;;;;;;;;;;;;;;;;;
;;;;;;;;;;;;;;;;;;;;;;;;;;;;;;;;;;;
;;;;;;;;;;;;;;;;;;;;;;;;;;;;;;;;;;;
;;;;;;;;;;;;;;;;;;;;;;;;;;;;;;;;;;;
;;;;;;;;;;;;;;;;;;;;;;;;;;;;;;;;;;;
;;;;;;;;;;;;;;;;;;;;;;;;;;;;;;;;;;;
;;;;;;;;;;;;;;;;;;;;;;;;;;;;;;;;;;;
;;;;;;;;;;;;;;;;;;;;;;;;;;;;;;;;;;;
;;;;;;;;;;;;;;;;;;;;;;;;;;;;;;;;;;;
;;;;;;;;;;;;;;;;;;;;;;;;;;;;;;;;;;;
;;;;;;;;;;;;;;;;;;;;;;;;;;;;;;;;;;;
;;;;;;;;;;;;;;;;;;;;;;;;;;;;;;;;;;;
;;;;;;;;;;;;;;;;;;;;;;;;;;;;;;;;;;;
;;;;;;;;;;;;;;;;;;;;;;;;;;;;;;;;;;;
;;;;;;;;;;;;;;;;;;;;;;;;;;;;;;;;;;;
;;;;;;;;;;;;;;;;;;;;;;;;;;;;;;;;;;;
;;;;;;;;;;;;;;;;;;;;;;;;;;;;;;;;;;;
;;;;;;;;;;;;;;;;;;;;;;;;;;;;;;;;;;;
;;;;;;;;;;;;;;;;;;;;;;;;;;;;;;;;;;;
;;;;;;;;;;;;;;;;;;;;;;;;;;;;;;;;;;;
;;;;;;;;;;;;;;;;;;;;;;;;;;;;;;;;;;;
;;;;;;;;;;;;;;;;;;;;;;;;;;;;;;;;;;;
;;;;;;;;;;;;;;;;;;;;;;;;;;;;;;;;;;;
;;;;;;;;;;;;;;;;;;;;;;;;;;;;;;;;;;;
;;;;;;;;;;;;;;;;;;;;;;;;;;;;;;;;;;;
;;;;;;;;;;;;;;;;;;;;;;;;;;;;;;;;;;;
;;;;;;;;;;;;;;;;;;;;;;;;;;;;;;;;;;;
;;;;;;;;;;;;;;;;;;;;;;;;;;;;;;;;;;;
;;;;;;;;;;;;;;;;;;;;;;;;;;;;;;;;;;;
;;;;;;;;;;;;;;;;;;;;;;;;;;;;;;;;;;;
;;;;;;;;;;;;;;;;;;;;;;;;;;;;;;;;;;;
;;;;;;;;;;;;;;;;;;;;;;;;;;;;;;;;;;;
;;;;;;;;;;;;;;;;;;;;;;;;;;;;;;;;;;;
;;;;;;;;;;;;;;;;;;;;;;;;;;;;;;;;;;;
;;;;;;;;;;;;;;;;;;;;;;;;;;;;;;;;;;;
;;;;;;;;;;;;;;;;;;;;;;;;;;;;;;;;;;;
;;;;;;;;;;;;;;;;;;;;;;;;;;;;;;;;;;;
;;;;;;;;;;;;;;;;;;;;;;;;;;;;;;;;;;;
;;;;;;;;;;;;;;;;;;;;;;;;;;;;;;;;;;;
;;;;;;;;;;;;;;;;;;;;;;;;;;;;;;;;;;;
;;;;;;;;;;;;;;;;;;;;;;;;;;;;;;;;;;;
;;;;;;;;;;;;;;;;;;;;;;;;;;;;;;;;;;;
;;;;;;;;;;;;;;;;;;;;;;;;;;;;;;;;;;;
;;;;;;;;;;;;;;;;;;;;;;;;;;;;;;;;;;;
;;;;;;;;;;;;;;;;;;;;;;;;;;;;;;;;;;;
;;;;;;;;;;;;;;;;;;;;;;;;;;;;;;;;;;;
;;;;;;;;;;;;;;;;;;;;;;;;;;;;;;;;;;;
;;;;;;;;;;;;;;;;;;;;;;;;;;;;;;;;;;;
;;;;;;;;;;;;;;;;;;;;;;;;;;;;;;;;;;;
;;;;;;;;;;;;;;;;;;;;;;;;;;;;;;;;;;;
;;;;;;;;;;;;;;;;;;;;;;;;;;;;;;;;;;;
;;;;;;;;;;;;;;;;;;;;;;;;;;;;;;;;;;;
;;;;;;;;;;;;;;;;;;;;;;;;;;;;;;;;;;;
;;;;;;;;;;;;;;;;;;;;;;;;;;;;;;;;;;;
;;;;;;;;;;;;;;;;;;;;;;;;;;;;;;;;;;;
;;;;;;;;;;;;;;;;;;;;;;;;;;;;;;;;;;;
;;;;;;;;;;;;;;;;;;;;;;;;;;;;;;;;;;;
;;;;;;;;;;;;;;;;;;;;;;;;;;;;;;;;;;;
;;;;;;;;;;;;;;;;;;;;;;;;;;;;;;;;;;;
;;;;;;;;;;;;;;;;;;;;;;;;;;;;;;;;;;;
;;;;;;;;;;;;;;;;;;;;;;;;;;;;;;;;;;;
;;;;;;;;;;;;;;;;;;;;;;;;;;;;;;;;;;;
;;;;;;;;;;;;;;;;;;;;;;;;;;;;;;;;;;;
;;;;;;;;;;;;;;;;;;;;;;;;;;;;;;;;;;;
;;;;;;;;;;;;;;;;;;;;;;;;;;;;;;;;;;;
;;;;;;;;;;;;;;;;;;;;;;;;;;;;;;;;;;;
;;;;;;;;;;;;;;;;;;;;;;;;;;;;;;;;;;;
;;;;;;;;;;;;;;;;;;;;;;;;;;;;;;;;;;;
;;;;;;;;;;;;;;;;;;;;;;;;;;;;;;;;;;;
;;;;;;;;;;;;;;;;;;;;;;;;;;;;;;;;;;;
;;;;;;;;;;;;;;;;;;;;;;;;;;;;;;;;;;;
;;;;;;;;;;;;;;;;;;;;;;;;;;;;;;;;;;;
;;;;;;;;;;;;;;;;;;;;;;;;;;;;;;;;;;;
;;;;;;;;;;;;;;;;;;;;;;;;;;;;;;;;;;;
;;;;;;;;;;;;;;;;;;;;;;;;;;;;;;;;;;;
;;;;;;;;;;;;;;;;;;;;;;;;;;;;;;;;;;;
;;;;;;;;;;;;;;;;;;;;;;;;;;;;;;;;;;;
;;;;;;;;;;;;;;;;;;;;;;;;;;;;;;;;;;;
;;;;;;;;;;;;;;;;;;;;;;;;;;;;;;;;;;;
;;;;;;;;;;;;;;;;;;;;;;;;;;;;;;;;;;;
;;;;;;;;;;;;;;;;;;;;;;;;;;;;;;;;;;;
;;;;;;;;;;;;;;;;;;;;;;;;;;;;;;;;;;;
;;;;;;;;;;;;;;;;;;;;;;;;;;;;;;;;;;;
;;;;;;;;;;;;;;;;;;;;;;;;;;;;;;;;;;;
;;;;;;;;;;;;;;;;;;;;;;;;;;;;;;;;;;;
;;;;;;;;;;;;;;;;;;;;;;;;;;;;;;;;;;;
;;;;;;;;;;;;;;;;;;;;;;;;;;;;;;;;;;;
;;;;;;;;;;;;;;;;;;;;;;;;;;;;;;;;;;;
;;;;;;;;;;;;;;;;;;;;;;;;;;;;;;;;;;;
;;;;;;;;;;;;;;;;;;;;;;;;;;;;;;;;;;;
;;;;;;;;;;;;;;;;;;;;;;;;;;;;;;;;;;;
;;;;;;;;;;;;;;;;;;;;;;;;;;;;;;;;;;;
;;;;;;;;;;;;;;;;;;;;;;;;;;;;;;;;;;;
;;;;;;;;;;;;;;;;;;;;;;;;;;;;;;;;;;;
;;;;;;;;;;;;;;;;;;;;;;;;;;;;;;;;;;;
;;;;;;;;;;;;;;;;;;;;;;;;;;;;;;;;;;;
;;;;;;;;;;;;;;;;;;;;;;;;;;;;;;;;;;;
;;;;;;;;;;;;;;;;;;;;;;;;;;;;;;;;;;;
;;;;;;;;;;;;;;;;;;;;;;;;;;;;;;;;;;;
;;;;;;;;;;;;;;;;;;;;;;;;;;;;;;;;;;;
;;;;;;;;;;;;;;;;;;;;;;;;;;;;;;;;;;;
;;;;;;;;;;;;;;;;;;;;;;;;;;;;;;;;;;;
;;;;;;;;;;;;;;;;;;;;;;;;;;;;;;;;;;;
;;;;;;;;;;;;;;;;;;;;;;;;;;;;;;;;;;;
;;;;;;;;;;;;;;;;;;;;;;;;;;;;;;;;;;;
;;;;;;;;;;;;;;;;;;;;;;;;;;;;;;;;;;;
;;;;;;;;;;;;;;;;;;;;;;;;;;;;;;;;;;;
;;;;;;;;;;;;;;;;;;;;;;;;;;;;;;;;;;;
;;;;;;;;;;;;;;;;;;;;;;;;;;;;;;;;;;;
;;;;;;;;;;;;;;;;;;;;;;;;;;;;;;;;;;;
;;;;;;;;;;;;;;;;;;;;;;;;;;;;;;;;;;;
;;;;;;;;;;;;;;;;;;;;;;;;;;;;;;;;;;;
;;;;;;;;;;;;;;;;;;;;;;;;;;;;;;;;;;;
;;;;;;;;;;;;;;;;;;;;;;;;;;;;;;;;;;;
;;;;;;;;;;;;;;;;;;;;;;;;;;;;;;;;;;;
;;;;;;;;;;;;;;;;;;;;;;;;;;;;;;;;;;;
;;;;;;;;;;;;;;;;;;;;;;;;;;;;;;;;;;;
;;;;;;;;;;;;;;;;;;;;;;;;;;;;;;;;;;;
;;;;;;;;;;;;;;;;;;;;;;;;;;;;;;;;;;;
;;;;;;;;;;;;;;;;;;;;;;;;;;;;;;;;;;;
;;;;;;;;;;;;;;;;;;;;;;;;;;;;;;;;;;;
;;;;;;;;;;;;;;;;;;;;;;;;;;;;;;;;;;;
;;;;;;;;;;;;;;;;;;;;;;;;;;;;;;;;;;;
;;;;;;;;;;;;;;;;;;;;;;;;;;;;;;;;;;;
;;;;;;;;;;;;;;;;;;;;;;;;;;;;;;;;;;;
;;;;;;;;;;;;;;;;;;;;;;;;;;;;;;;;;;;
;;;;;;;;;;;;;;;;;;;;;;;;;;;;;;;;;;;
;;;;;;;;;;;;;;;;;;;;;;;;;;;;;;;;;;;
;;;;;;;;;;;;;;;;;;;;;;;;;;;;;;;;;;;
;;;;;;;;;;;;;;;;;;;;;;;;;;;;;;;;;;;
;;;;;;;;;;;;;;;;;;;;;;;;;;;;;;;;;;;
;;;;;;;;;;;;;;;;;;;;;;;;;;;;;;;;;;;
;;;;;;;;;;;;;;;;;;;;;;;;;;;;;;;;;;;
;;;;;;;;;;;;;;;;;;;;;;;;;;;;;;;;;;;
;;;;;;;;;;;;;;;;;;;;;;;;;;;;;;;;;;;
;;;;;;;;;;;;;;;;;;;;;;;;;;;;;;;;;;;
;;;;;;;;;;;;;;;;;;;;;;;;;;;;;;;;;;;
;;;;;;;;;;;;;;;;;;;;;;;;;;;;;;;;;;;
;;;;;;;;;;;;;;;;;;;;;;;;;;;;;;;;;;;
;;;;;;;;;;;;;;;;;;;;;;;;;;;;;;;;;;;
;;;;;;;;;;;;;;;;;;;;;;;;;;;;;;;;;;;
;;;;;;;;;;;;;;;;;;;;;;;;;;;;;;;;;;;
;;;;;;;;;;;;;;;;;;;;;;;;;;;;;;;;;;;
;;;;;;;;;;;;;;;;;;;;;;;;;;;;;;;;;;;
;;;;;;;;;;;;;;;;;;;;;;;;;;;;;;;;;;;
;;;;;;;;;;;;;;;;;;;;;;;;;;;;;;;;;;;
;;;;;;;;;;;;;;;;;;;;;;;;;;;;;;;;;;;
;;;;;;;;;;;;;;;;;;;;;;;;;;;;;;;;;;;
;;;;;;;;;;;;;;;;;;;;;;;;;;;;;;;;;;;
;;;;;;;;;;;;;;;;;;;;;;;;;;;;;;;;;;;
;;;;;;;;;;;;;;;;;;;;;;;;;;;;;;;;;;;
;;;;;;;;;;;;;;;;;;;;;;;;;;;;;;;;;;;
;;;;;;;;;;;;;;;;;;;;;;;;;;;;;;;;;;;
;;;;;;;;;;;;;;;;;;;;;;;;;;;;;;;;;;;
;;;;;;;;;;;;;;;;;;;;;;;;;;;;;;;;;;;
;;;;;;;;;;;;;;;;;;;;;;;;;;;;;;;;;;;
;;;;;;;;;;;;;;;;;;;;;;;;;;;;;;;;;;;
;;;;;;;;;;;;;;;;;;;;;;;;;;;;;;;;;;;
;;;;;;;;;;;;;;;;;;;;;;;;;;;;;;;;;;;
;;;;;;;;;;;;;;;;;;;;;;;;;;;;;;;;;;;
;;;;;;;;;;;;;;;;;;;;;;;;;;;;;;;;;;;
;;;;;;;;;;;;;;;;;;;;;;;;;;;;;;;;;;;
;;;;;;;;;;;;;;;;;;;;;;;;;;;;;;;;;;;
;;;;;;;;;;;;;;;;;;;;;;;;;;;;;;;;;;;
;;;;;;;;;;;;;;;;;;;;;;;;;;;;;;;;;;;
;;;;;;;;;;;;;;;;;;;;;;;;;;;;;;;;;;;
;;;;;;;;;;;;;;;;;;;;;;;;;;;;;;;;;;;
;;;;;;;;;;;;;;;;;;;;;;;;;;;;;;;;;;;
;;;;;;;;;;;;;;;;;;;;;;;;;;;;;;;;;;;
;;;;;;;;;;;;;;;;;;;;;;;;;;;;;;;;;;;
;;;;;;;;;;;;;;;;;;;;;;;;;;;;;;;;;;;
;;;;;;;;;;;;;;;;;;;;;;;;;;;;;;;;;;;
;;;;;;;;;;;;;;;;;;;;;;;;;;;;;;;;;;;
;;;;;;;;;;;;;;;;;;;;;;;;;;;;;;;;;;;
;;;;;;;;;;;;;;;;;;;;;;;;;;;;;;;;;;;
