Elegido;447;3;4;5;6;7;8;9;10;11;12;13;14;15;16;17;18;19;20;21;22;23;24;25;26;27;28;29;30;31;32
Numero;Codigo;d;d+;d-;B;B+;B-;T;T+;T-;D;D+;D-;C;C+;C-;HRC CUB+;HRC CUB-;HRC CONO+;HRC CONO-;PERFIL CUB;PERFIL CONO;PERFIL ROD.;RUG.PISTA CONO;RUG. RESPALDO CONO;RUG. PISTA CUBETA;Fecha Rev. Plano;Rev.;GA ;GA+;GA-
1;572;NO;NO;NO;NO;NO;NO;NO;NO;NO;139.992;25;0;28.575;0;-150;;;;;;;;;;;………………..;……..;;;
2;580;82.55;0;-20;36.098;0;-200;NO;NO;NO;NO;NO;NO;NO;NO;NO;;;;;;;;;;;………………..;……..;;;
3;15123;31.75;;;19.05;;;NO;NO;NO;NO;NO;NO;NO;NO;NO;;;;;;;;;;;………………..;……..;;;
4;15245;NO;NO;NO;NO;NO;NO;NO;NO;NO;62;0;-16;14.288;0;-120;;;;;;;;;;;………………..;……..;;;
5;25521;NO;NO;NO;NO;NO;NO;NO;NO;NO;83.05;0;-18;19.05;0;-200;;;;;;;;;;;………………..;……..;;;
6;29620;NO;NO;NO;NO;NO;NO;NO;NO;NO;112.712;0;-18;19.05;0;-150;;;;;;;;;;;………………..;……..;;;
7;29685;73.025;0;-15;25.4;0;-150;NO;NO;NO;NO;NO;NO;NO;NO;NO;;;;;;;;;;;………………..;……..;;;
8;29685;73.025;13;0;25.4;0;-150;NO;NO;NO;110;0;-18;24;0;-150;;;;;;;;;;;………………..;……..;;;
9;30206;30;0;-12;16;0;-120;17.25;200;0;62;0;-16;14;0;-120;;;;;;;;;;;………………..;……..;;;
10;30209;45;0;-12;19;0;-120;20.75;200;0;85;0;-18;16;0;-120;64;58;64;58;CONVEX;CONVEX;CONVEX;NO;NO;NO;2010-06-03 00:00:00;0;;;
11;30211;55;0;-15;21;0;-150;22.75;200;0;100;0;-18;18;0;-150;62;58;62;58;CONVEX;CONVEX;CONVEX;NO;NO;NO;2010-09-08 00:00:00;0;;;
12;30213;65;0;-15;23;0;-150;24.75;200;0;120;0;-18;20;0;-150;;;;;;;;;;;………………..;……..;;;
13;30214;70;0;-15;24;0;-150;26.25;200;0;125;0;-20;21;0;-150;;;;;;;;;;;………………..;……..;;;
14;31308;40;0;-12;23;0;-150;25.25;200;0;90;0;-16;17;0;-120;64;58;64;58;CONVEX;CONVEX;CONVEX;NO;NO;NO;2018-05-02 00:00:00;catalogo;;;
15;31520;NO;NO;NO;NO;NO;NO;NO;NO;NO;76.2;0;-16;23.812;0;-120;;;;;;;;;;;………………..;……..;;;
16;31594;34.925;0;-12;28.575;0;-120;NO;NO;NO;NO;NO;NO;NO;NO;NO;;;;;;;;;;;………………..;……..;;;
17;32011;55;0;-15;23;0;-150;23;200;0;90;0;-18;17.5;0;-150;;;;;;;;;;;………………..;……..;;;
18;32210;50;0;-12;23;0;-120;24.75;200;0;90;0;-14;19;0;-120;;;;;;;;;;;………………..;……..;;;
19;32212;60;0;-15;28;0;-150;29.75;200;0;110;0;-18;24;0;-150;;;;;;;;;;;………………..;……..;;;
20;32214;70;0;-15;31;0;-150;33.25;200;0;125;0;-20;27;0;-150;;;;;;;;;;;………………..;……..;;;
21;33010;50;0;-12;24;0;-120;24;200;0;80;0;-16;19;0;-120;NO;NO;NO;NO;NO;NO;NO;NO;NO;NO;………………..;……..;;;
22;B&P-053-X-33110-DEFA;50;0;-17;26;0;-120;NO;NO;NO;NO;NO;NO;NO;NO;NO;NO;NO;64;58;NO;CONVEX;NO;NO;NO;NO;2018-09-19 00:00:00;0;;;
23;33112;60;0;-15;30;0;-150;30;200;0;100;0;-18;23;0;-150;;;;;;;;;;;………………..;……..;;;
24;B&P-053-X-33117 - ZANG;85;0;-20;41;0;-200;NO;NO;NO;NO;NO;NO;NO;NO;NO;NO;NO;64;58;NO;CONVEX;CONVEX;NO;NO;NO;2017-08-28 00:00:00;0;;;
25;010-DTR2047;NO;NO;NO;NO;NO;NO;NO;NO;NO;47;0;-14;35;0;-120;NO;NO;NO;NO;NO;NO;NO;NO;NO;NO;2017-10-24 00:00:00;0;;;
26;B&P-053-TCX-1845 - ZANG;88.9;25;0;39.688;76;-254;NO;NO;NO;NO;NO;NO;NO;NO;NO;NO;NO;64;58;NO;CONVEX;NO;NO;NO;NO;2016-11-18 00:00:00;B;;;
27;053-TCX207;35;0;-12;17;0;-100;NO;NO;NO;NO;NO;NO;NO;NO;NO;NO;NO;64;58;NO;CONVEX;CONVEX;NO;NO;NO;2016-08-23 00:00:00;A;;;
28;053-TCX207;35;0;-12;17;0;-100;NO;NO;NO;NO;NO;NO;NO;NO;NO;NO;NO;64;58;NO;CONVEX;CONVEX;NO;NO;NO;2016-08-23 00:00:00;A;;;
29;053-TCX210;50;0;-12;20;0;-120;NO;NO;NO;NO;NO;NO;NO;NO;NO;NO;NO;64;58;NO;CONVEX;CONVEX;NO;NO;NO;2016-11-07 00:00:00;C;;;
30;053-TCX210;50;0;-12;20;0;-120;NO;NO;NO;NO;NO;NO;NO;NO;NO;NO;NO;64;58;NO;CONVEX;CONVEX;NO;NO;NO;2015-03-05 00:00:00;0;;;
31;053-TCX210;50;0;-12;20;0;-120;NO;NO;NO;NO;NO;NO;NO;NO;NO;NO;NO;64;58;NO;CONVEX;CONVEX;NO;NO;NO;2015-03-05 00:00:00;0;;;
32;B&P-054-TDY211 - DEFA;NO;NO;NO;NO;NO;NO;NO;NO;NO;100;0;-150;21;0;-120;64;58;NO;NO;CONVEX;NO;NO;NO;NO;NO;2018-09-19 00:00:00;0;;;
33;053-TCX213;65;0;-15;23;0;-150;NO;NO;NO;NO;NO;NO;NO;NO;NO;NO;NO;64;58;NO;CONVEX;CONVEX;NO;NO;NO;2016-12-14 00:00:00;A;;;
34;053-TDX010;50;0;-12;20;0;-100;NO;NO;NO;NO;NO;NO;NO;NO;NO;NO;NO;64;58;NO;CONVEX;NO;NO;NO;NO;2012-09-04 00:00:00;0;;;
35;053-TDX213;65;0;-15;31;0;-150;NO;NO;NO;NO;NO;NO;NO;NO;NO;NO;NO;64;58;NO;CONVEX;NO;NO;NO;NO;2016-12-13 00:00:00;A;;;
36;053-TDX217;85;0;-20;36;0;-200;NO;NO;NO;NO;NO;NO;NO;NO;NO;NO;NO;64;58;NO;CONVEX;CONVEX;NO;NO;NO;2016-08-08 00:00:00;0;;;
37;053-TDX218;90;0;-20;40;0;-150;NO;NO;NO;NO;NO;NO;NO;NO;NO;NO;NO;64;58;CONVEX;CONVEX;CONVEX;NO;NO;NO;2013-10-21 00:00:00;0;;;
38;053-TTX110;50;0;-12;26;0;-240;NO;NO;NO;NO;NO;NO;NO;NO;NO;64;58;64;58;CONVEX;CONVEX;CONVEX;NO;NO;NO;2016-12-13 00:00:00;A;;;
39;053-X-30207;35;0;-12;17;0;-120;NO;NO;NO;NO;NO;NO;NO;NO;NO;NO;NO;64;58;NO;CONVEX;CONVEX;NO;NO;NO;2011-07-20 00:00:00;0;;;
40;053-X-30208;40;0;-12;18;0;-120;NO;NO;NO;NO;NO;NO;NO;NO;NO;NO;NO;64;58;NO;CONVEX;CONVEX;NO;NO;NO;2010-10-20 00:00:00;0;;;
41;053-X-30210;50;0;-12;20;0;-120;NO;NO;NO;NO;NO;NO;NO;NO;NO;NO;NO;64;58;NO;CONVEX;CONVEX;NO;NO;NO;2008-08-28 00:00:00;0;;;
42;053-X-30212-SCB;60;0;-15;22;0;-150;NO;NO;NO;NO;NO;NO;NO;NO;NO;NO;NO;64;58;NO;CONVEX;CONVEX;NO;NO;NO;2018-05-23 00:00:00;0;;;
43;053-X32008;40;0;-12;19;0;-100;NO;NO;NO;NO;NO;NO;NO;NO;NO;NO;NO;64;58;NO;CONVEX;CONVEX;NO;NO;NO;2017-08-09 00:00:00;A;;;
44;B&P-053-X-32013 - ZANG;65;0;-15;23;0;-100;NO;NO;NO;NO;NO;NO;NO;NO;NO;NO;NO;64;58;NO;CONVEX;CONVEX;NO;NO;NO;2011-01-26 00:00:00;0;;;
45;B&P-053-X-32211 - DEFA;55;0;-15;25;0;-120;NO;NO;NO;NO;NO;NO;NO;NO;NO;NO;NO;64;58;NO;CONVEX;CONVEX;NO;NO;NO;2018-09-19 00:00:00;0;;;
46;053-X-32213;65;0;-15;31;0;-150;NO;NO;NO;NO;NO;NO;NO;NO;NO;NO;NO;64;58;NO;CONVEX;CONVEX;NO;NO;NO;2016-12-13 00:00:00;A;;;
47;053-X-32217;85;0;-20;36;0;-200;NO;NO;NO;NO;NO;NO;NO;NO;NO;NO;NO;64;58;NO;CONVEX;CONVEX;NO;NO;NO;………………..;……..;;;
48;053-X-32310;50;0;-12;40;0;-120;NO;NO;NO;NO;NO;NO;NO;NO;NO;NO;NO;64;58;NO;NO;NO;NO;NO;NO;2016-03-28 00:00:00;A;;;
49;054-TCY207;NO;NO;NO;NO;NO;NO;NO;NO;NO;72;0;-16;15;0;-150;64;58;NO;NO;CONVEX;NO;NO;NO;NO;NO;2012-01-11 00:00:00;0;;;
50;054-TCY210;NO;NO;NO;NO;NO;NO;NO;NO;NO;90;0;-18;17;0;-120;64;58;NO;NO;CONVEX;NO;NO;NO;NO;NO;2016-11-07 00:00:00;C;;;
51;054-TCY211;NO;NO;NO;NO;NO;NO;NO;NO;NO;100;0;-18;18;0;-150;64;58;NO;NO;CONVEX;NO;NO;NO;NO;NO;2012-09-04 00:00:00;0;;;
52;054-TCY212-SCB;NO;NO;NO;NO;NO;NO;NO;NO;NO;110;0;-18;19;0;-150;64;58;NO;NO;CONVEX;NO;NO;NO;NO;NO;2018-05-23 00:00:00;0;;;
53;054-TCY213;NO;NO;NO;NO;NO;NO;NO;NO;NO;120;0;-18;20;0;-200;64;58;NO;NO;CONVEX;NO;NO;NO;NO;NO;2012-09-04 00:00:00;0;;;
54;054-TDY010;NO;NO;NO;NO;NO;NO;NO;NO;NO;80;0;-16;15.5;0;-150;64;58;NO;NO;CONVEX;NO;NO;NO;NO;NO;2016-07-22 00:00:00;0;;;
55;B&P-054-TDY013 - ZANG;NO;NO;NO;NO;NO;NO;NO;NO;NO;100;0;-18;17.5;0;-200;64;58;NO;NO;CONVEX;NO;NO;NO;NO;NO;2011-01-26 00:00:00;0;;;
56;054-TDY207;NO;NO;NO;NO;NO;NO;NO;NO;NO;72;0;-16;19;0;-120;64;58;NO;NO;CONVEX;NO;NO;NO;NO;NO;2012-09-04 00:00:00;0;;;
57;054-TDY213;NO;NO;NO;NO;NO;NO;NO;NO;NO;120;0;-18;27;0;-200;64;58;;;CONVEX;NO;NO;NO;NO;NO;2012-01-11 00:00:00;0;;;
58;054-TDY217;NO;NO;NO;NO;NO;NO;NO;NO;NO;150;0;-20;30;0;-200;64;58;NO;NO;CONVEX;NO;NO;NO;NO;NO;2016-08-08 00:00:00;0;;;
59;054-TDY218;NO;NO;NO;NO;NO;NO;NO;NO;NO;160;0;-25;34;0;-200;64;58;NO;NO;CONVEX;NO;NO;NO;NO;NO;2013-10-21 00:00:00;0;;;
60;B&P-054-TTY110-DEFA;NO;NO;NO;NO;NO;NO;NO;NO;NO;85;0;-18;20;0;-150;64;58;NO;NO;CONVEX;NO;NO;NO;NO;NO;2018-09-19 00:00:00;0;;;
61;B&P-054-TCY-8410 - ZANG;NO;NO;NO;NO;NO;NO;NO;NO;NO;152.4;25;0;30.162;51;-254;64;58;NO;NO;CONVEX;NO;NO;NO;NO;NO;2016-02-18 00:00:00;A;;;
62;054-Y-30207;NO;NO;NO;NO;NO;NO;NO;NO;NO;72;0;-16;15;0;-120;64;58;NO;NO;CONVEX;NO;NO;NO;NO;NO;2011-07-20 00:00:00;0;;;
63;054-Y-30207;NO;NO;NO;NO;NO;NO;NO;NO;NO;72;0;-16;15;0;-120;64;58;NO;NO;CONVEX;NO;NO;NO;NO;NO;2011-07-20 00:00:00;0;;;
64;054-Y-30208;NO;NO;NO;NO;NO;NO;NO;NO;NO;80;0;-16;16;0;-120;64;58;NO;NO;CONVEX;NO;NO;NO;NO;NO;2010-10-20 00:00:00;0;;;
65;054-Y-30210;NO;NO;NO;NO;NO;NO;NO;NO;NO;90;0;-18;17;0;-120;64;58;NO;NO;CONVEX;NO;NO;NO;NO;NO;2008-08-28 00:00:00;0;;;
66;054-Y-32310;NO;NO;NO;NO;NO;NO;NO;NO;NO;110;0;-18;33;0;-120;64;58;NO;NO;CONVEX;NO;NO;NO;NO;NO;2016-03-28 00:00:00;A;;;
67;058-30204-MX;20;0;-12;14;0;-120;15.25;200;0;47;0;-14;12;0;-120;64;58;64;58;CONVEX;CONVEX;CONVEX;NO;NO;NO;………………..;……..;;;
68;058-30205-MX;25;0;-12;15;0;-120;16.25;200;0;52;0;-12;13;0;-120;62;58;62;58;CONVEX;CONVEX;CONVEX;NO;NO;NO;2010-06-03 00:00:00;0;;;
69;058-30206-MX;30;0;-12;16;0;-120;17.25;200;0;62;0;-16;14;0;-120;64;58;64;58;CONVEX;CONVEX;CONVEX;NO;NO;NO;………………..;……..;;;
70;058-30207-MX;35;0;-12;17;0;-120;18.25;200;0;72;0;-16;15;0;-120;64;58;64;58;CONVEX;CONVEX;CONVEX;NO;NO;NO;2011-07-20 00:00:00;0;;;
71;058-30207-MX;35;0;-12;17;0;-120;18.25;200;0;72;0;-16;15;0;-120;64;58;64;58;CONVEX;CONVEX;CONVEX;NO;NO;NO;2011-07-20 00:00:00;0;;;
72;058-30208-MX;40;0;-12;18;0;-120;19.75;200;0;80;0;-16;16;0;-120;64;58;64;58;CONVEX;CONVEX;CONVEX;NO;NO;NO;………………..;……..;;;
73;058-30208-MX;40;0;-12;18;0;-120;19.75;200;0;80;0;-16;16;0;-120;64;58;64;58;CONVEX;CONVEX;CONVEX;NO;NO;NO;2010-10-20 00:00:00;0;;;
74;058-30210-MX;50;0;-12;20;0;-120;21.75;200;0;90;0;-18;17;0;-120;64;58;64;58;CONVEX;CONVEX;CONVEX;NO;NO;NO;2008-08-28 00:00:00;0;;;
75;058-32008-MX;40;0;-12;19;0;-100;19;200;0;68;0;-16;14.5;0;-120;64;58;64;58;CONVEX;CONVEX;NO;NO;NO;NO;2017-06-23 00:00:00;0;;;
76;058-320-32X;32;0;-12;17;0;-12;17;200;0;58;0;-16;13;0;-150;64;58;64;58;CONVEX;CONVEX;CONVEX;NO;NO;NO;………………..;……..;;;
77;058-32206-MX;30;0;-12;20;0;-100;21.25;200;0;62;0;-16;17;0;-150;64;58;64;58;CONVEX;CONVEX;CONVEX;NO;NO;NO;2017-11-22 00:00:00;0;;;
78;058-32208-MX;40;0;-12;23;0;-100;24.75;200;0;80;0;-16;19;0;-150;64;58;64;58;CONVEX;CONVEX;CONVEX;NO;NO;NO;2017-04-03 00:00:00;0;;;
79;058-32209-MX;45;0;-12;23;0;-100;24.75;200;0;85;0;-18;19;0;-200;64;58;64;58;CONVEX;CONVEX;CONVEX;NO;NO;NO;2017-11-22 00:00:00;0;;;
80;058-32211-MX;55;0;-15;25;0;-150;26.75;200;0;100;0;-16;21;0;-120;64;58;64;58;CONVEX;CONVEX;CONVEX;NO;NO;NO;………………..;……..;;;
81;058-32213-MX;65;0;-15;31;0;-150;32.75;200;0;120;0;-18;27;0;-150;64;58;64;58;CONVEX;CONVEX;CONVEX;NO;NO;NO;2017-03-14 00:00:00;0;;;
82;058-32218-MX;90;0;-20;40;0;-150;42.5;200;-200;160;0;-25;34;0;-200;64;58;64;58;CONVEX;CONVEX;CONVEX;NO;NO;NO;………………..;……..;;;
83;058-HM518445-10;88.9;25;0;39.688;76;-254;39.688;203;0;152.4;25;0;30.162;50;-254;64;58;64;58;CONVEX;CONVEX;CONVEX;NO;NO;NO;2018-01-29 00:00:00;0;;;
84;30205 CONO;25;0;-12;15;0;-120;;;;;;;;;;;;;;;;;;;;………………..;……..;;;
85;30205 CUBETA;;;;;;;;;;52;0;-12;13;0;-120;;;;;;;;;;;………………..;……..;;;
86;30208 (CUBETA);;;;;;;;;;80;0;-16;16;0;-120;;;;;;;;;;;………………..;……..;;;
87;30208(cono);40;0;-12;18;0;-120;NO;NO;NO;NO;NO;NO;NO;NO;NO;;;;;;;;;;;………………..;……..;;;
88;30208-MX;40;0;-12;18;0;-120;19.75;200;0;80;0;-16;16;0;-120;;;;;;;;;;;………………..;……..;;;
89;32211(cono);55;0;-15;25;0;-150;NO;NO;NO;NO;NO;NO;NO;NO;NO;;;;;;;;;;;………………..;……..;;;
90;32213 (CUBETA);65;0;-15;31;0;-150;32.75;200;0;120;0;-18;27;0;-150;;;;;;;;;;;………………..;……..;;;
91;32216 (CUBETA);80;0;-15;33;0;-150;35.25;200;0;140;0;-20;28;0;-150;;;;;;;;;;;………………..;……..;;;
92;32-X;32;0;-12;17;0;-100;17;200;0;NO;NO;NO;NO;NO;NO;NO;NO;64;58;NO;CONVEX;CONVEX;NO;NO;NO;………………..;……..;;;
93;378A;57.15;0;-15;21.946;0;-150;NO;NO;NO;NO;NO;NO;NO;NO;NO;;;;;;;;;;;………………..;……..;;;
94;382-A;NO;NO;NO;NO;NO;NO;NO;NO;NO;96.83;0;-18;15.87;0;-200;;;;;;;;;;;………………..;……..;;;
95;3T12010;39.688;13;0;22.098;1;1;NO;NO;NO;73.025;25;0;15.265;51;254;64;58;64;58;CONVEX;CONVEX;CONVEX;NO;NO;NO;………………..;……..;;;
96;3T-12012-MX;19.05;13;0;16.637;76;-254;15.494;203;0;45.237;25;0;12.065;51;-254;64;58;64;58;CONVEX;CONVEX;CONVEX;NO;NO;NO;………………..;……..;;;
97;3T-12080;45;0;-12;26;0;-120;23.75;200;0;80;0;-16;18;0;-40;64;58;64;58;CONVEX;CONVEX;CONVEX;NO;NO;NO;………………..;……..;;;
98;3T-14149;34.988;13;0;16.764;76;-254;15.875;203;0;59.131;25;0;11.938;51;-254;64;58;64;64;CONVEX;CONVEX;CONVEX;NO;NO;NO;2013-06-02 00:00:00;0;;;
99;3TX-12001;17.462;13;0;14.605;76;-254;13.843;203;0;NO;NO;NO;NO;NO;NO;NO;NO;65;60;NO;CONVEX;CONVEX;;;;………………..;……..;;;
100;3TX-12006;31.75;13;0;16.764;76;-254;NO;NO;NO;NO;NO;NO;NO;NO;NO;NO;NO;64;58;NO;CONVEX;NO;NO;NO;NO;2013-06-02 00:00:00;0;;;
101;3TX-12012;19.05;13;0;16.637;76;-254;15.494;203;0;NO;NO;NO;NO;NO;NO;NO;NO;65;60;NO;CONVEX;CONVEX;NO;NO;NO;………………..;……..;;;
102;3TX-12047;45.242;13;0;19.812;76;-254;NO;NO;NO;NO;NO;NO;NO;NO;NO;NO;NO;64;58;NO;CONVEX;NO;NO;NO;NO;2016-10-11 00:00:00;A;;;
103;3TX-12413;66.675;12;0;38.354;0;-120;38.1;200;0;NO;NO;NO;NO;NO;NO;NO;NO;65;60;NO;CONVEX;CONVEX;NO;NO;NO;………………..;……..;;;
104;3TY-12001;NO;NO;NO;NO;NO;NO;NO;NO;NO;39.878;25;0;10.668;51;-254;65;60;NO;NO;CONVEX;NO;NO;NO;NO;NO;………………..;……..;;;
105;3TY-12006;NO;NO;NO;NO;NO;NO;NO;NO;NO;59.131;25;0;11.811;51;-254;64;58;NO;NO;CONVEX;NO;NO;NO;NO;NO;2013-06-02 00:00:00;0;;;
106;3TY-12012;NO;NO;NO;NO;NO;NO;NO;NO;NO;45.237;25;0;12.065;51;-254;65;60;NO;NO;CONVEX;NO;NO;NO;NO;NO;………………..;……..;;;
107;3TY-12047;NO;NO;NO;NO;NO;NO;NO;NO;NO;73.431;25;0;15.748;51;-254;64;58;NO;NO;CONVEX;NO;NO;NO;NO;NO;2016-10-11 00:00:00;A;;;
108;3TY-12080;NO;NO;NO;NO;NO;NO;NO;NO;NO;80;0;-16;18;0;-40;64;58;NO;NO;CONVEX;NO;NO;NO;NO;NO;………………..;……..;;;
109;3TY-12413;NO;NO;NO;NO;NO;NO;NO;NO;NO;122.238;25;0;29.718;0;-120;65;60;NO;NO;CONVEX;NO;NO;NO;NO;NO;………………..;……..;;;
110;740 (CONO);80.96;0;-20;46.67;0;-200;;;;;;;;;;;;;;;;;;;;………………..;……..;;;
111;742 (CUBETA);;;;;;;;;;150.08;0;-25;36.51;0;-200;;;;;;;;;;;………………..;……..;;;
112;752 (CUBETA);;;;;;;;;;161.92;0;-25;38.1;0;-200;;;;;;;;;;;………………..;……..;;;
113;759 (CONO);88.9;0;-20;48.26;0;-200;;;;;;;;;;;;;;;;;;;;………………..;……..;;;
114;B&P-053-TCX203 - ZANG;17;0;-12;12;0;-120;NO;NO;NO;NO;NO;NO;NO;NO;NO;NO;NO;64;58;NO;CONVEX;NO;NO;NO;NO;2017-07-31 00:00:00;A;;;
115;B&P-053-TCX204 - ZANG;20;0;-12;14;0;-100;NO;NO;NO;NO;NO;NO;NO;NO;NO;NO;NO;64;58;NO;CONVEX;NO;NO;NO;NO;2016-12-14 00:00:00;A;;;
116;B&P-053-TCX205 - ZANG;25;0;-12;15;0;-100;NO;NO;NO;NO;NO;NO;NO;NO;NO;NO;NO;58;64;NO;CONVEX;NO;NO;NO;NO;2016-12-14 00:00:00;A;;;
117;B&P-053-TCX206 - ZANG;30;0;-12;16;0;-100;NO;NO;NO;NO;NO;NO;NO;NO;NO;NO;NO;64;58;NO;CONVEX;NO;NO;NO;NO;2016-08-23 00:00:00;A;;;
118;B&P-053-TCX207 - ZANG;35;0;-12;17;0;-100;NO;NO;NO;NO;NO;NO;NO;NO;NO;NO;NO;64;58;NO;CONVEX;CONVEX;NO;NO;NO;2016-08-23 00:00:00;A;;;
119;B&P-053-TCX208 - ZANG;40;0;-12;18;0;-120;NO;NO;NO;NO;NO;NO;NO;NO;NO;NO;NO;64;58;NO;CONVEX;NO;NO;NO;NO;2016-12-14 00:00:00;A;;;
120;B&P-053-TCX209 - ZANG;45;0;-12;19;0;-100;NO;NO;NO;NO;NO;NO;NO;NO;NO;NO;NO;64;58;NO;CONVEX;NO;NO;NO;NO;2016-12-14 00:00:00;A;;;
121;B&P-053-TCX210 - ZANG;50;0;-12;20;0;-120;NO;NO;NO;NO;NO;NO;NO;NO;NO;NO;NO;64;58;NO;CONVEX;NO;NO;NO;NO;2016-08-23 00:00:00;A;;;
122;B&P-053-TCX211 - ZANG;55;0;-15;21;0;-150;NO;NO;NO;NO;NO;NO;NO;NO;NO;NO;NO;64;58;NO;CONVEX;NO;NO;NO;NO;2016-12-14 00:00:00;A;;;
123;B&P-053-TCX212 - ZANG;60;0;-15;22;0;-150;NO;NO;NO;NO;NO;NO;NO;NO;NO;NO;NO;64;58;NO;CONVEX;NO;NO;NO;NO;2012-09-04 00:00:00;0;;;
124;B&P-053-TCX310 - ZANG;50;0;-12;27;0;-120;NO;NO;NO;NO;NO;NO;NO;NO;NO;NO;NO;64;58;NO;CONVEX;NO;NO;NO;NO;2017-08-09 00:00:00;A;;;
125;B&P-053-TDX008 - ZANG;40;0;-12;19;0;-100;NO;NO;NO;NO;NO;NO;NO;NO;NO;NO;NO;64;58;NO;CONVEX;NO;NO;NO;NO;2017-08-09 00:00:00;A;;;
126;B&P-053-TDX010 - ZANG;50;0;-12;20;0;-100;NO;NO;NO;NO;NO;NO;NO;NO;NO;NO;NO;64;58;NO;CONVEX;NO;NO;NO;NO;2016-12-13 00:00:00;A;;;
127;B&P-053-TDX206 - ZANG;30;0;-12;20;0;-100;NO;NO;NO;NO;NO;NO;NO;NO;NO;NO;NO;64;58;NO;CONVEX;NO;NO;NO;NO;2017-08-09 00:00:00;A;;;
128;B&P-053-TDX208 - ZANG;40;0;-12;23;0;-100;NO;NO;NO;NO;NO;NO;NO;NO;NO;NO;NO;64;58;NO;CONVEX;CONVEX;NO;NO;NO;2016-12-13 00:00:00;A;;;
129;B&P-053-TDX209 - ZANG;45;0;-12;23;0;-100;NO;NO;NO;NO;NO;NO;NO;NO;NO;NO;NO;64;58;NO;CONVEX;NO;NO;NO;NO;2016-12-13 00:00:00;A;;;
130;B&P-053-TDX210 - ZANG;50;0;-12;23;0;-100;NO;NO;NO;NO;NO;NO;NO;NO;NO;NO;NO;64;58;NO;CONVEX;NO;NO;NO;NO;2017-08-15 00:00:00;A;;;
131;B&P-053-TDX211 - ZANG;55;0;-15;25;0;-120;NO;NO;NO;NO;NO;NO;NO;NO;NO;NO;NO;64;58;NO;CONVEX;NO;NO;NO;NO;2016-12-13 00:00:00;A;;;
132;B&P-054-TCY203 - ZANG;NO;NO;NO;NO;NO;NO;NO;NO;NO;40;0;-14;11;0;-120;64;58;NO;NO;CONVEX;NO;NO;NO;NO;NO;2012-09-04 00:00:00;0;;;
133;B&P-054-TCY204 - ZANG;NO;NO;NO;NO;NO;NO;NO;NO;NO;47;0;-14;12;0;-120;64;58;NO;NO;CONVEX;NO;NO;NO;NO;NO;2012-05-03 00:00:00;0;;;
134;B&P-054-TCY205 - ZANG;NO;NO;NO;NO;NO;NO;NO;NO;NO;52;0;-16;13;0;-150;64;58;NO;NO;CONVEX;NO;NO;NO;NO;NO;2011-11-02 00:00:00;0;;;
135;B&P-054-TCY206 - ZANG;NO;NO;NO;NO;NO;NO;NO;NO;NO;62;0;-16;14;0;-150;64;58;NO;NO;CONVEX;NO;NO;NO;NO;NO;2012-03-12 00:00:00;0;;;
136;B&P-054-TCY207 - ZANG;NO;NO;NO;NO;NO;NO;NO;NO;NO;72;0;-16;15;0;-150;64;58;NO;NO;CONVEX;NO;NO;NO;NO;NO;2012-01-11 00:00:00;0;;;
137;B&P-054-TCY208 - ZANG;NO;NO;NO;NO;NO;NO;NO;NO;NO;80;0;-16;16;0;-120;64;58;NO;NO;CONVEX;NO;NO;NO;NO;NO;2012-09-04 00:00:00;0;;;
138;B&P-054-TCY209 - ZANG;NO;NO;NO;NO;NO;NO;NO;NO;NO;85;0;-18;16;0;-200;64;58;NO;NO;CONVEX;NO;NO;NO;NO;NO;2011-11-02 00:00:00;0;;;
139;B&P-054-TCY210 - ZANG;NO;NO;NO;NO;NO;NO;NO;NO;NO;90;0;-18;17;0;-120;64;58;NO;NO;CONVEX;NO;NO;NO;NO;NO;2015-03-05 00:00:00;0;;;
140;B&P-054-TCY211 - ZANG;NO;NO;NO;NO;NO;NO;NO;NO;NO;100;0;-18;18;0;-150;64;58;NO;NO;CONVEX;NO;NO;NO;NO;NO;2012-09-04 00:00:00;0;;;
141;B&P-054-TCY212 - ZANG;NO;NO;NO;NO;NO;NO;NO;NO;NO;110;0;-18;19;0;-150;64;58;NO;NO;CONVEX;NO;NO;NO;NO;NO;2012-09-04 00:00:00;0;;;
142;B&P-054-TCY310 - ZANG;NO;NO;NO;NO;NO;NO;NO;NO;NO;110;0;-18;23;0;-200;64;58;NO;NO;CONVEX;NO;NO;NO;NO;NO;2013-04-29 00:00:00;0;;;
143;B&P-054-TDY008 - ZANG;NO;NO;NO;NO;NO;NO;NO;NO;NO;68;0;-16;14.5;0;-150;64;58;NO;NO;CONVEX;NO;NO;NO;NO;NO;2013-04-29 00:00:00;0;;;
144;B&P-054-TDY010 - ZANG;NO;NO;NO;NO;NO;NO;NO;NO;NO;80;0;-16;15.5;0;-150;64;58;NO;NO;CONVEX;NO;NO;NO;NO;NO;2012-09-04 00:00:00;0;;;
145;B&P-054-TDY206 - ZANG;NO;NO;NO;NO;NO;NO;NO;NO;NO;62;0;-16;17;0;-150;64;58;NO;NO;CONVEX;NO;NO;NO;NO;NO;2012-09-04 00:00:00;0;;;
146;B&P-054-TDY208 - ZANG;NO;NO;NO;NO;NO;NO;NO;NO;NO;80;0;-16;19;0;-200;64;58;NO;NO;CONVEX;NO;NO;NO;NO;NO;2012-09-04 00:00:00;0;;;
147;B&P-054-TDY209 - ZANG;NO;NO;NO;NO;NO;NO;NO;NO;NO;85;0;-18;19;0;-200;64;58;NO;NO;CONVEX;NO;NO;NO;NO;NO;2013-04-18 00:00:00;0;;;
148;B&P-054-TDY210 - ZANG;NO;NO;NO;NO;NO;NO;NO;NO;NO;90;0;-18;19;0;-200;64;58;NO;NO;CONVEX;NO;NO;NO;NO;NO;2012-09-04 00:00:00;0;;;
149;B&P-054-TDY211 - ZANG;NO;NO;NO;NO;NO;NO;NO;NO;NO;100;0;-16;21;0;-120;64;58;NO;NO;CONVEX;NO;NO;NO;NO;NO;2012-09-04 00:00:00;0;;;
150;B&P-058-30213-MX - ZANG;65;0;-15;23;0;-150;24.75;200;0;120;0;-18;20;0;-200;64;58;64;58;CONVEX;CONVEX;CONVEX;NO;NO;NO;2017-08-10 00:00:00;0;;;
151;B&P-058-30306-MX - ZANG;30;0;-12;19;0;-100;20.75;200;0;72;0;-16;16;0;-150;64;58;64;58;CONVEX;CONVEX;CONVEX;NO;NO;NO;2017-08-10 00:00:00;0;;;
152;B&P-058-30307-MX - ZANG;35;0;-12;21;0;-100;22.75;203;0;80;0;-16;18;0;-150;64;58;64;58;CONVEX;CONVEX;CONVEX;NO;NO;NO;2017-08-10 00:00:00;0;;;
153;B&P-058-32005-MX - ZANG;25;0;-12;15;0;-120;15;200;0;47;0;-14;11.5;0;-120;64;58;64;58;CONVEX;CONVEX;CONVEX;NO;NO;NO;2017-08-17 00:00:00;0;;;
154;B&P-058-32013-MX - ZANG;65;0;-15;23;0;-100;23;200;0;100;0;-18;17.5;0;-200;64;58;64;58;CONVEX;CONVEX;CONVEX;NO;NO;NO;2011-01-26 00:00:00;0;;;
155;B&P-058-32014-MX - ZANG;70;0;-15;25;0;-120;25;200;0;110;0;-18;19;0;-120;64;58;64;58;CONVEX;CONVEX;CONVEX;NO;NO;NO;2016-05-04 00:00:00;0;;;
156;B&P-058-32207-MX - ZANG;35;0;-12;23;0;-100;24.25;200;0;72;0;-16;19;0;-150;64;58;64;58;CONVEX;CONVEX;CONVEX;NO;NO;NO;2017-08-01 00:00:00;A;;;
157;B&P-058-32214-MX - ZANG;70;0;-15;31;0;-150;33.25;200;0;125;0;-20;27;0;-120;64;58;64;58;CONVEX;CONVEX;CONVEX;NO;NO;NO;2017-08-01 00:00:00;0;;;
158;B&P-058-32314-MX - ZANG;70;0;-15;51;0;-150;54;200;0;150;0;-20;42;0;-150;64;58;64;58;CONVEX;CONVEX;CONVEX;NO;NO;NO;2017-08-15 00:00:00;0;;;
159;B&P-058-32316-MX - ZANG;80;0;-15;58;0;-150;61.5;200;0;170;0;-25;48;0;-150;64;58;64;58;CONVEX;CONVEX;CONVEX;NO;NO;NO;2017-08-15 00:00:00;0;;;
160;BBT-329013;29;0;-12;14.732;0;-120;14.224;200;0;50.292;0;-16;10.668;0;200;;;;;;;;;;;………………..;……..;;;
161;DTR1742;17;0;-12;44;0;-120;NO;NO;NO;42;0;-14;40;0;-120;64;58;64;58;CONVEX;CONVEX;CONVEX;NO;NO;NO;………………..;……..;;;
162;DTR2047-FM;20;0;-12;40;0;-120;NO;NO;NO;47;0;-14;35;0;-120;;;;;;;;;;;………………..;……..;;;
163;DTR-2549-FM;25;0;-12;45;0;-120;NO;NO;NO;49;0;-14;40;0;-120;;;;;;;;;;;………………..;……..;;;
164;DTR2549FM=JRME2549;25;0;-12;45;0;-120;45;0;-120;49;0;-14;40;0;-120;;;;;;;;;;;………………..;……..;;;
165;B&P-053-020-DTR2549-DEFA;25;0;-12;22.5;100;0;NO;NO;NO;NO;NO;NO;NO;NO;NO;NO;NO;64;58;NO;NO;NO;NO;NO;NO;2023-05-18 00:00:00;0;;;
166;B&P-054-010-DTR2549-DEFA;NO;NO;NO;NO;NO;NO;NO;NO;NO;49;0;-14;40;0;-120;64;58;NO;NO;NO;NO;NO;NO;NO;NO;2023-12-26 00:00:00;C;;;
167;DTR2552-FM;25;0;-12;45;0;-120;NO;NO;NO;52;0;-14;40;0;-120;64;58;64;58;NO;NO;NO;NO;NO;NO;………………..;……..;;;
168;DTR2552-JD;25;0;-12;37;0;-120;NO;NO;NO;52;0;-14;37;0;-120;64;58;64;58;NO;NO;NO;NO;NO;NO;………………..;……..;;;
169;B&P-048-DTR-3060-FM-XZD;30;0;-12;37;0;-120;NO;NO;NO;60;0;-16;37;0;-120;NO;NO;NO;NO;NO;NO;NO;NO;NO;NO;2023-10-17 00:00:00;G;;;
170;DTR-3062-FM;30;0;-12;50;0;-120;NO;NO;NO;62;0;-15;40;0;-120;;;;;;;;;;;………………..;……..;;;
171;B&P-048-DTR3565-FM-XZD;35;0;-12;35;0;-240;NO;NO;NO;65;0;-16;35;0;-120;64;58;64;58;NO;NO;NO;NO;NO;NO;2024-07-02 00:00:00;0;AXIAL;170;220
172;DTR3572FM;35;0;-12;35;0;-6;70;0;-120;72;0;-180;60;0;-20;;;;;;;;;;;………………..;……..;;;
173;DTR4080FM;40;0;-12;32.5;0;-75;65;0;-150;80;0;-16;55;0;-150;;;;;;;;;;;………………..;……..;;;
174;HM-212011 (CUBETA);NO;NO;NO;NO;NO;NO;NO;NO;NO;122.238;0;-20;29.718;0;-150;;;;;;;;;;;………………..;……..;;;
175;HM-212049 (CONO);66.675;0;-15;38.354;0;-150;NO;NO;NO;NO;NO;NO;NO;NO;NO;;;;;;;;;;;………………..;……..;;;
176;B&P-054-TCY-8410 - DEFA;NO;NO;NO;NO;NO;NO;NO;NO;NO;152.4;25;0;30.162;51;-254;64;58;NO;NO;CONVEX;NO;NO;NO;NO;NO;2012-05-17 00:00:00;0;;;
177;B&P-053-TX1845 - DEFA;88.9;25;0;39.688;76;-254;NO;NO;NO;NO;NO;NO;NO;NO;NO;NO;NO;64;58;CONVEX;CONVEX;NO;NO;NO;NO;2012-05-17 00:00:00;0;;;
178;HM803110;NO;NO;NO;NO;NO;NO;NO;NO;NO;88.9;25;0;23.02;0;-120;64;58;NO;NO;CONVEX;NO;NO;NO;NO;NO;………………..;……..;;;
179;HM803146-10;41.275;13;0;29.37;0;-120;30.162;200;0;88.9;25;0;23.02;0;-120;64;58;64;58;CONVEX;CONVEX;CONVEX;NO;NO;NO;………………..;……..;;;
180;HM-88610 (CUBETA);NO;NO;NO;NO;NO;NO;NO;NO;NO;72.233;0;-16;19.842;0;-120;;;;;;;;;;;………………..;……..;;;
181;HM-88649;34.925;0;-12;25.4;0;-120;NO;NO;NO;NO;NO;NO;NO;NO;NO;;;;;;;;;;;………………..;……..;;;
182;JL819310;NO;NO;NO;NO;NO;NO;NO;NO;NO;135;0;-20;20;0;-100;;;;;;;;;;;………………..;……..;;;
183;JM205110;50;0;-12;28;0;-120;NO;NO;NO;NO;NO;NO;NO;NO;NO;;;;;;;;;;;………………..;……..;;;
184;JM205149;50;0;-12;28;0;-120;NO;NO;NO;NO;NO;NO;NO;NO;NO;;;;;;;;;;;………………..;……..;;;
185;JRME2047;20;0;-12;20;0;-60;40;0;-120;47;0;-14;35;0;-120;;;;;;;;;;;………………..;……..;;;
186;JRME2549-16 (CUB);;;;;;;;;;50.292;25;0;40;0;-120;;;;;;;;;;;………………..;……..;;;
187;JRME-3062-01;NO;NO;NO;NO;NO;NO;NO;NO;NO;62;0;-13;40;0;-120;NO;NO;NO;NO;NO;NO;NO;NO;NO;NO;………………..;……..;;;
188;L44610;NO;NO;NO;NO;NO;NO;NO;NO;NO;50.292;0;-16;10.668;0;-120;;;;;;;;;;;………………..;……..;;;
189;L44643;25.4;0;-12;14.732;0;-120;NO;NO;NO;NO;NO;NO;NO;NO;NO;;;;;;;;;;;………………..;……..;;;
190;L-45410 (CUBETA);NO;NO;NO;NO;NO;NO;NO;NO;NO;50.292;0;-16;10.668;0;-120;;;;;;;;;;;………………..;……..;;;
191;L-45449 (CONO);29;0;-12;14.732;0;-120;NO;NO;NO;NO;NO;NO;NO;NO;NO;;;;;;;;;;;………………..;……..;;;
192;LM102910;NO;NO;NO;NO;NO;NO;NO;NO;NO;73.431;25;0;15.748;0;-120;;;;;;;;;;;………………..;……..;;;
193;LM102949 (CONO);45.242;13;0;19.812;0;-120;NO;NO;NO;NO;NO;NO;NO;NO;NO;;;;;;;;;;;………………..;……..;;;
194;LM104911;NO;NO;NO;NO;NO;NO;NO;NO;NO;82.55;0;-18;16.51;0;-120;;;;;;;;;;;………………..;……..;;;
195;LM-104949 (CONO);50.8;0;-15;22.225;0;-150;NO;NO;NO;NO;NO;NO;NO;NO;NO;;;;;;;;;;;………………..;……..;;;
196;LM11710;NO;NO;NO;NO;NO;NO;NO;NO;NO;39.87;25;0;10.66;0;-120;;;;;;;;;;;………………..;……..;;;
197;LM-11749 (CONO);17.462;0;-12;14.605;0;-120;NO;NO;NO;NO;NO;NO;NO;NO;NO;;;;;;;;;;;………………..;……..;;;
198;LM12710;NO;NO;NO;NO;NO;NO;NO;NO;NO;45.237;25;0;12.065;0;-120;;;;;;;;;;;………………..;……..;;;
199;LM-12749 (CONO);21.986;0;-12;16.637;0;-120;NO;NO;NO;NO;NO;NO;NO;NO;NO;;;;;;;;;;;………………..;……..;;;
200;LM-29710 (CUBETA);NO;NO;NO;NO;NO;NO;NO;NO;NO;65.088;0;-16;13.97;0;-120;;;;;;;;;;;………………..;……..;;;
201;LM-29749 (CONO);38.1;0;-12;18.288;0;-120;NO;NO;NO;NO;NO;NO;NO;NO;NO;;;;;;;;;;;………………..;……..;;;
202;LM44610;NO;NO;NO;NO;NO;NO;NO;NO;NO;50.292;0;-16;10.668;0;-120;;;;;;;;;;;………………..;……..;;;
203;LM44649;26.988;0;-12;14.732;0;-120;NO;NO;NO;NO;NO;NO;NO;NO;NO;;;;;;;;;;;………………..;……..;;;
204;LM-48510 (CUBETA);NO;NO;NO;NO;NO;NO;NO;NO;NO;65.088;0;-16;13.97;0;-120;;;;;;;;;;;………………..;……..;;;
205;LM-48548 (CONO);34.925;0;-12;18.288;0;-120;NO;NO;NO;NO;NO;NO;NO;NO;NO;;;;;;;;;;;………………..;……..;;;
206;LM-67010;NO;NO;NO;NO;NO;NO;NO;NO;NO;59.131;25;0;11.811;0;-120;;;;;;;;;;;………………..;……..;;;
207;LM-67048 (CONO);31.75;0;-12;16.764;0;-120;NO;NO;NO;NO;NO;NO;NO;NO;NO;;;;;;;;;;;………………..;……..;;;
208;S33SR;32;0;-12;65.1;0;-200;57;0;-120;58;0;-16;57;0;-120;;;;;;;;;;;………………..;……..;;;
209;SET 10;39.689;13;0;22.076;76;-254;18.778;200;0;73.04;25;0;15.3;51;-254;;;;;;;;;;;………………..;……..;;;
210;SET 20;39.09;13;0;22.076;76;-254;19.4;200;0;80;0;-13;15.3;51;-254;;;;;;;;;;;………………..;……..;;;
211;SET 80;45;0;-12;26;0;-120;23.75;200;0;80;0;-16;;;;;;;;;;;;;;………………..;……..;;;
212;SET 9;35;0;-12;20.6;0;-120;18;200;0;65;0;-16;14;0;-120;;;;;;;;;;;………………..;……..;;;
213;TBX2146W39;80;0;-15;39.2;0;-150;NO;NO;NO;NO;NO;NO;NO;NO;NO;NO;NO;64;58;NO;CONVEX;NO;NO;NO;NO;2015-01-08 00:00:00;0;;;
214;TBY2146W39;NO;NO;NO;NO;NO;NO;NO;NO;NO;140;0;-20;32;0;-150;64;58;NO;NO;CONVEX;NO;NO;NO;NO;NO;2015-01-13 00:00:00;0;;;
215;058-30212-MX - NACIONAL;60;0;-15;22;0;-150;23.75;200;0;110;0;-18;19;0;-150;64;58;64;58;CONVEX;CONVEX;CONVEX;NO;NO;NO;2018-03-29 00:00:00;A;;;
216;TCX204;20;0;-12;14;0;-100;15.25;200;0;47;0;-14;12;0;-120;64;58;64;58;CONVEX;CONVEX;NO;NO;NO;NO;2016-12-14 00:00:00;A;;;
217;TCX208;40;0;-12;18;0;-120;19.75;200;0;NO;NO;NO;NO;NO;NO;NO;NO;64;58;NO;CONVEX;CONVEX;NO;NO;NO;………………..;……..;;;
218;B&P-053-X-30213 - ZANG;65;0;-15;23;0;-150;NO;NO;NO;NO;NO;NO;NO;NO;NO;NO;NO;64;58;NO;CONVEX;CONVEX;NO;NO;NO;2017-08-10 00:00:00;0;;;
219;TCX214;70;0;-15;24;0;-150;26.25;200;0;NO;NO;NO;NO;NO;NO;NO;NO;64;58;NO;CONVEX;NO;NO;NO;NO;………………..;……..;;;
220;TCX216;80;0;-15;26;0;-150;NO;NO;NO;NO;NO;NO;NO;NO;NO;NO;NO;64;58;NO;CONVEX;CONVEX;NO;NO;NO;2016-03-11 00:00:00;0;;;
221;TCX217;85;0;20;28;0;-150;NO;NO;NO;NO;NO;NO;NO;NO;NO;NO;NO;N64;58;NO;CONVEX;NO;NO;NO;NO;2016-06-07 00:00:00;0;;;
222;TCX218;90;0;-20;30;0;-150;NO;NO;NO;NO;NO;NO;NO;NO;NO;NO;NO;64;58;NO;CONVEX;NO;NO;NO;NO;2016-06-07 00:00:00;0;;;
223;TCX219;95;0;-20;32;0;-150;NO;NO;NO;NO;NO;NO;NO;NO;NO;NO;NO;64;58;NO;CONVEX;NO;NO;NO;NO;2016-06-21 00:00:00;0;;;
224;TCX220;100;0;-20;34;0;-150;NO;NO;NO;NO;NO;NO;NO;NO;NO;NO;NO;64;58;NO;CONVEX;NO;NO;NO;NO;2016-06-21 00:00:00;0;;;
225;TCX305;25;0;-12;17;0;-100;18.25;200;0;NO;NO;NO;NO;NO;NO;NO;NO;64;58;NO;CONVEX;NO;NO;NO;NO;………………..;……..;;;
226;B&P-053-X-30306 - ZANG;30;0;-12;19;0;-100;NO;NO;NO;NO;NO;NO;NO;NO;NO;NO;NO;64;58;NO;CONVEX;NO;NO;NO;NO;2017-08-10 00:00:00;0;;;
227;B&P-053-X-30307 - ZANG;35;0;-12;21;0;-100;NO;NO;NO;NO;NO;NO;NO;NO;NO;NO;NO;64;58;NO;CONVEX;CONVEX;NO;NO;NO;2017-08-10 00:00:00;0;;;
228;TCX308;40;0;-12;23;0;-120;25.25;200;0;NO;NO;NO;NO;NO;NO;;;;;;;;;;;………………..;……..;;;
229;TCX309;45;0;-12;25;0;-100;NO;NO;NO;NO;NO;NO;NO;NO;NO;NO;NO;64;58;NO;CONVEX;CONVEX;NO;NO;NO;2013-04-29 00:00:00;0;;;
230;TCX311;55;0;-15;29;0;-150;NO;NO;NO;NO;NO;NO;NO;NO;NO;NO;NO;64;58;NO;CONVEX;CONVEX;NO;NO;NO;………………..;……..;;;
231;TCY208;NO;NO;NO;NO;NO;NO;NO;NO;NO;80;0;-16;16;0;-120;64;58;NO;NO;CONVEX;NO;NO;NO;NO;NO;………………..;……..;;;
232;B&P-054-TCY213 - ZANG;NO;NO;NO;NO;NO;NO;NO;NO;NO;120;0;-18;20;0;-200;64;58;NO;NO;CONVEX;NO;NO;NO;NO;NO;2017-08-10 00:00:00;0;;;
233;TCY214;NO;NO;NO;NO;NO;NO;NO;NO;NO;125;0;-20;21;0;-150;64;58;NO;NO;CONVEX;NO;NO;NO;NO;NO;………………..;……..;;;
234;TCY216;NO;NO;NO;NO;NO;NO;NO;NO;NO;140;0;-20;22;0;-150;64;58;NO;NO;NO;NO;NO;NO;NO;NO;2016-03-11 00:00:00;0;;;
235;TCY217;NO;NO;NO;NO;NO;NO;NO;NO;NO;120;0;-20;24;0;-200;64;58;64;58;CONVEX;NO;NO;NO;NO;NO;2016-06-07 00:00:00;0;;;
236;TCY218;NO;NO;NO;NO;NO;NO;NO;NO;NO;160;0;-20;26;0;-200;64;58;NO;NO;CONVEX;NO;NO;NO;NO;NO;2016-06-07 00:00:00;0;;;
237;TCY219;NO;NO;NO;NO;NO;NO;NO;NO;NO;170;0;-20;27;0;-200;64;58;NO;NO;CONVEX;NO;NO;NO;NO;NO;2016-06-21 00:00:00;0;;;
238;TCY220;NO;NO;NO;NO;NO;NO;NO;NO;NO;180;0;-20;29;0;-200;64;58;NO;NO;CONVEX;NO;NO;NO;NO;NO;2016-06-21 00:00:00;0;;;
239;TCY305;NO;NO;NO;NO;NO;NO;NO;NO;NO;62;0;-16;15;0;-150;64;58;NO;NO;CONVEX;NO;NO;NO;NO;NO;………………..;……..;;;
240;B&P-054-TCY306 - ZANG;NO;NO;NO;NO;NO;NO;NO;NO;NO;72;0;-16;16;0;-150;64;58;NO;NO;CONVEX;NO;NO;NO;NO;NO;2017-08-10 00:00:00;0;;;
241;B&P-054-TCY307 - ZANG;NO;NO;NO;NO;NO;NO;NO;NO;NO;80;0;-16;18;0;150;64;58;NO;NO;CONVEX;NO;NO;NO;NO;NO;2017-08-10 00:00:00;0;;;
242;TCY308;NO;NO;NO;NO;NO;NO;NO;NO;NO;90;0;-18;20;0;-120;64;58;NO;NO;CONVEX;NO;NO;NO;NO;NO;………………..;……..;;;
243;000-054-TCY309-DEFA;NO;NO;NO;NO;NO;NO;NO;NO;NO;100;0;-18;22;0;-200;64;58;NO;NO;RECTO;NO;NO;NO;NO;NO;2011-12-07 00:00:00;0;NO;NO;NO
244;TCY311;NO;NO;NO;NO;NO;NO;NO;NO;NO;120;0;-18;25;0;-120;64;58;NO;NO;CONVEX;NO;NO;NO;NO;NO;………………..;……..;;;
245;TD013;65;0;-15;23;0;-100;23;200;0;100;0;-18;17.5;0;-200;64;58;64;58;CONVEX;CONVEX;CONVEX;NO;NO;NO;2011-01-26 00:00:00;0;;;
246;TD207;35;0;-12;23;0;-100;24.25;200;0;72;0;-16;19;0;-150;64;58;64;58;CONVEX;CONVEX;CONVEX;NO;NO;NO;2017-08-01 00:00:00;A;;;
247;TD208;40;0;-12;23;0;-100;24.75;200;0;80;0;-16;19;0;-150;64;58;64;58;CONVEX;CONVEX;CONVEX;NO;NO;NO;………………..;……..;;;
248;B&P-053-X-32005 - ZANG;25;0;-12;15;0;-120;NO;NO;NO;NO;NO;NO;NO;NO;NO;NO;NO;64;58;NO;CONVEX;CONVEX;NO;NO;NO;2017-08-17 00:00:00;0;;;
249;TDX006;30;0;-12;17;0;-100;17;200;0;NO;NO;NO;NO;NO;NO;NO;NO;64;58;NO;CONVEX;CONVEX;NO;NO;NO;………………..;……..;;;
250;TDX007;35;0;-12;18;0;-120;NO;NO;NO;NO;NO;NO;NO;NO;NO;NO;NO;NO;NO;CONVEX;CONVEX;CONVEX;NO;NO;NO;………………..;……..;;;
251;053-X-32009 - ZANG;45;0;-12;20;0;-100;NO;NO;NO;NO;NO;NO;NO;NO;NO;NO;NO;64;58;NO;CONVEX;CONVEX;NO;NO;NO;2016-12-13 00:00:00;A;;;
252;TDX205;25;0;-12;18;0;-120;19.25;200;0;NO;NO;NO;NO;NO;NO;NO;NO;64;58;NO;CONVEX;NO;NO;NO;NO;………………..;……..;;;
253;TDX207;35;0;12;23;0;-120;NO;NO;NO;NO;NO;NO;NO;NO;NO;NO;NO;64;58;NO;CONVEX;CONVEX;NO;NO;NO;2012-09-04 00:00:00;0;;;
254;TDX212;60;0;-15;28;0;-150;29.75;200;0;NO;NO;NO;NO;NO;NO;NO;NO;64;58;N;CONVEX;CONVEX;NO;NO;NO;………………..;……..;;;
255;TDX213;65;0;-15;31;0;-150;32.75;200;0;NO;NO;NO;NO;NO;NO;NO;NO;64;58;CONVEX;CONVEX;CONVEX;NO;NO;NO;………………..;……..;;;
256;TDX215;75;0;15;31;0;-150;NO;NO;NO;NO;NO;NO;NO;NO;NO;NO;NO;NO;NO;NO;NO;NO;NO;NO;NO;………………..;……..;;;
257;TDX216;80;0;-15;33;0;-150;35.25;200;0;NO;NO;NO;NO;NO;NO;NO;NO;64;58;CONVEX;CONVEX;CONVEX;NO;NO;NO;………………..;……..;;;
258;TDX306;30;0;-12;27;0;-120;NO;NO;NO;NO;NO;NO;NO;NO;NO;NO;NO;64;58;NO;CONVEX;NO;NO;NO;NO;2016-06-07 00:00:00;0;;;
259;TDX310;50;0;-12;40;0;-120;NO;NO;NO;NO;NO;NO;NO;NO;NO;NO;NO;NO;NO;NO;NO;NO;NO;NO;NO;………………..;……..;;;
260;B&P-054-TDY005 - ZANG;NO;NO;NO;NO;NO;NO;NO;NO;NO;47;0;-14;11.5;0;-120;64;58;NO;NO;CONVEX;NO;NO;NO;NO;NO;2017-08-17 00:00:00;0;;;
261;TDY006;NO;NO;NO;NO;NO;NO;NO;NO;NO;55;0;-16;13;0;-120;;;;;;;;;;;………………..;……..;;;
262;000-054-TDY007-DEFA;NO;NO;NO;NO;NO;NO;NO;NO;NO;62;0;-16;14;0;-120;58;64;NO;NO;RECTO;NO;NO;NO;NO;NO;2021-05-17 00:00:00;0;NO;NO;NO
263;TDY009;NO;NO;NO;NO;NO;NO;NO;NO;NO;75;0;-16;15.5;0;-100;64;58;NO;NO;CONVEX;NO;NO;NO;NO;NO;2013-04-29 00:00:00;0;;;
264;B&P-053-X-32010 - ZANG;50;0;-12;20;0;-100;NO;NO;NO;NO;NO;NO;NO;NO;NO;NO;NO;64;58;NO;CONVEX;CONVEX;NO;NO;NO;2016-12-13 00:00:00;A (ref 053-TDX010);;;
265;TDY016;NO;NO;NO;NO;NO;NO;NO;NO;NO;125;0;-20;22;0;-200;64;58;NO;NO;CONVEX;NO;NO;NO;NO;NO;2016-06-07 00:00:00;0;;;
266;TDY205;NO;NO;NO;NO;NO;NO;NO;NO;NO;52;0;-16;16;0;-120;64;58;64;58;CONVEX;NO;NO;NO;NO;NO;………………..;……..;;;
267;TDY212;NO;NO;NO;NO;NO;NO;NO;NO;NO;110;0;-18;24;0;-150;64;58;64;58;CONVEX;NO;NO;NO;NO;NO;………………..;……..;;;
268;B&P-054-TDY214 - ZANG;NO;NO;NO;NO;NO;NO;NO;NO;NO;125;0;-20;27;0;-120;64;58;NO;NO;CONVEX;NO;NO;NO;NO;NO;01*08/2017;0;;;
269;TDY215;NO;NO;NO;NO;NO;NO;NO;NO;NO;130;0;-20;27;0;-150;NO;NO;NO;NO;NO;NO;NO;NO;NO;NO;………………..;……..;;;
270;TDY216;NO;NO;NO;NO;NO;NO;NO;NO;NO;140;0;-20;28;0;-200;64;58;NO;NO;CONVEX;NO;NO;NO;NO;NO;………………..;……..;;;
271;TDY306;NO;NO;NO;NO;NO;NO;NO;NO;NO;72;0;-16;23;0;-120;64;58;NO;NO;CONVEX;NO;NO;NO;NO;NO;2016-06-07 00:00:00;0;;;
272;000-054-TDY307-DEFA;NO;NO;NO;NO;NO;NO;NO;NO;NO;80;0;-16;25;0;-120;64;58;NO;NO;STRAIGHT;NO;NO;NO;NO;NO;2023-05-30 00:00:00;0;;;
273;B&P-054-TDY309-DEFA;NO;NO;NO;NO;NO;NO;NO;NO;NO;100;0;-18;30;0;-120;64;58;NO;NO;CONVEX;NO;NO;NO;NO;NO;2023-11-01 00:00:00;A;1;2;3
274;TDY310;NO;NO;NO;NO;NO;NO;NO;NO;NO;110;0;-18;33;0;-120;NO;NO;NO;NO;NO;NO;NO;NO;NO;NO;………………..;……..;;;
275;000-054-TDY311-DEFA;NO;NO;NO;NO;NO;NO;NO;NO;NO;120;0;-18;35;0;-150;64;58;NO;NO;STRAIGHT;NO;NO;NO;NO;NO;2023-05-30 00:00:00;0;;;
276;TDY312;NO;NO;NO;NO;NO;NO;NO;NO;NO;130;0;-20;37;0;-150;64;58;NO;NO;CONVEX;NO;NO;NO;NO;NO;2016-06-07 00:00:00;0;;;
277;TDY315;NO;NO;NO;NO;NO;NO;NO;NO;NO;160;0;-25;45;0;-150;64;58;NO;NO;CONVEX;NO;NO;NO;NO;NO;2016-06-07 00:00:00;0;;;
278;TT207;35;0;-12;28;0;-120;28;200;0;72;0;-16;22;0;-120;64;58;64;58;CONVEX;CONVEX;CONVEX;NO;NO;NO;2016-06-07 00:00:00;0;;;
279;TT209;45;0;-12;32;0;-120;32;200;0;85;0;-18;25;0;-120;64;58;64;58;CONVEX;CONVEX;CONVEX;NO;NO;NO;2017-08-14 00:00:00;0;;;
280;TT210;50;0;-12;32;0;-120;32;200;0;90;0;-18;25.4;0;-120;64;58;64;58;CONVEX;CONVEX;CONVEX;NO;NO;NO;2017-08-14 00:00:00;0;;;
281;TT211;55;0;-15;35;0;-150;35;200;0;100;0;-18;27;0;-150;64;58;64;58;CONVEX;CONVEX;CONVEX;NO;NO;NO;2017-08-14 00:00:00;0;;;
282;TT215;75;0;-15;41;0;-150;41;200;0;130;0;-20;31;0;-150;64;58;64;58;CONVEX;CONVEX;CONVEX;NO;NO;NO;2017-08-14 00:00:00;0;;;
283;TTX117;85;0;-20;41;0;-200;41;200;-200;NO;0;0;NO;0;0;NO;NO;64;58;NO;CONVEX;CONVEX;NO;NO;NO;………………..;……..;;;
284;TTY019;NO;NO;NO;NO;NO;NO;NO;NO;NO;145;0;-20;32.5;0;-200;64;58;NO;NO;CONVEX;NO;NO;NO;NO;NO;2016-06-21 00:00:00;0;;;
285;B&P-054-TTY117 - ZANG;NO;NO;NO;NO;NO;NO;NO;NO;NO;140;0;-20;32;0;-200;64;58;NO;NO;CONVEX;NO;NO;NO;NO;NO;2017-08-28 00:00:00;0;;;
286;TTY207;NO;NO;NO;NO;NO;NO;NO;NO;NO;72;0;-16;22;0;-120;64;58;NO;NO;CONVEX;NO;NO;NO;NO;NO;2016-06-07 00:00:00;0;;;
287;TTY208;NO;NO;NO;NO;NO;NO;NO;NO;NO;80;0;-16;25;0;-150;64;58;NO;NO;CONVEX;NO;NO;NO;NO;NO;2016-06-07 00:00:00;0;;;
288;TTY213;NO;NO;NO;NO;NO;NO;NO;NO;NO;120;0;-18;32;0;-150;64;58;NO;NO;CONVEX;NO;NO;NO;NO;NO;2016-11-29 00:00:00;A;;;
289;X-30206;30;0;-12;16;0;-120;NO;NO;NO;NO;NO;NO;NO;NO;NO;;;;;;;;;;;………………..;……..;;;
290;X-30209;45;0;-12;19;0;-120;NO;NO;NO;NO;NO;NO;NO;NO;NO;;;;;;;;;;;………………..;……..;;;
291;X30210;50;0;-12;20;0;-120;NO;NO;NO;NO;NO;NO;NO;NO;NO;;;;;;;;;;;………………..;……..;;;
292;X-30211;55;0;-15;21;0;-150;NO;NO;NO;;;;;;;;;;;;;;;;;………………..;……..;;;
293;X-30217;85;0;20;28;0;-150;NO;NO;NO;NO;NO;NO;NO;NO;NO;NO;NO;N64;58;NO;CONVEX;NO;NO;NO;NO;2016-06-07 00:00:00;0;;;
294;X-30218;90;0;-20;30;0;-150;NO;NO;NO;NO;NO;NO;NO;NO;NO;NO;NO;64;58;NO;CONVEX;NO;NO;NO;NO;2016-06-07 00:00:00;0;;;
295;X-30219;95;0;-20;32;0;-150;NO;NO;NO;NO;NO;NO;NO;NO;NO;NO;NO;64;58;NO;CONVEX;NO;NO;NO;NO;2016-06-21 00:00:00;0;;;
296;X-30220;100;0;-20;34;0;-150;NO;NO;NO;NO;NO;NO;NO;NO;NO;NO;NO;64;58;NO;CONVEX;NO;NO;NO;NO;2016-06-21 00:00:00;0;;;
297;000-053-X-30310-DEFA;50;0;-12;27;0;-120;NO;NO;NO;NO;NO;NO;NO;NO;NO;NO;NO;64;58;NO;RECTO;RECTO;NO;NO;NO;2024-05-14 00:00:00;0;;;
298;X-32005-MX;25;0;-12;15;0;-120;NO;NO;NO;NO;NO;NO;NO;NO;NO;;;;;;;;;;;………………..;……..;;;
299;000-053-X-32007-DEFA;35;0;-12;18;0;-120;NO;NO;NO;NO;NO;NO;NO;NO;NO;NO;NO;58;64;NO;RECTO;RECTO;NO;NO;NO;2021-05-17 00:00:00;0;NO;NO;NO
300;B&P-053-X-32011-DEFA;55;0;-15;23;0;-120;NO;NO;NO;NO;NO;NO;NO;NO;NO;NO;NO;64;58;NO;CONVEX;CONVEX;NO;NO;NO;2023-05-30 00:00:00;0;;;
301;X-32016;80;0;-15;29;0;-120;NO;NO;NO;NO;NO;NO;NO;NO;NO;NO;NO;64;58;NO;NO;NO;NO;NO;NO;2016-06-07 00:00:00;0;;;
302;X320-32X;32;0;-12;17;0;-12;NO;NO;NO;NO;NO;NO;NO;NO;NO;;;;;;;;;;;………………..;……..;;;
303;X-32212-MX;60;0;-15;28;0;-150;NO;NO;NO;NO;NO;NO;NO;NO;NO;;;;;;;;;;;………………..;……..;;;
304;B&P-053-X-32214 - ZANG;70;0;-15;31;0;-150;NO;NO;NO;NO;NO;NO;NO;NO;NO;NO;NO;64;58;CONVEX;CONVEX;NO;NO;NO;NO;2017-08-01 00:00:00;0;;;
305;X-32214;70;0;-15;31;0;-150;NO;NO;NO;NO;NO;NO;NO;NO;NO;NO;NO;64;58;NO;NO;NO;NO;NO;NO;2016-06-23 00:00:00;0;;;
306;X-32216;80;0;-15;33;0;-150;NO;NO;NO;NO;NO;NO;NO;NO;NO;;;;;;;;;;;………………..;……..;;;
307;X-32218;90;0;-20;40;0;-150;NO;NO;NO;NO;NO;NO;NO;NO;NO;NO;NO;64;58;NO;CONVEX;NO;NO;NO;NO;………………..;……..;;;
308;X-32306;30;0;-12;27;0;-120;NO;NO;NO;NO;NO;NO;NO;NO;NO;NO;NO;64;58;NO;CONVEX;NO;NO;NO;NO;2016-06-07 00:00:00;0;;;
309;000-053-X-32307-DEFA;35;0;-12;31;0;-120;NO;NO;NO;NO;NO;NO;NO;NO;NO;NO;NO;64;58;NO;STRAIGHT;NO;NO;NO;NO;2023-05-30 00:00:00;0;;;
310;X-32309;45;0;-12;36;0;-120;NO;NO;NO;NO;NO;NO;NO;NO;NO;NO;NO;64;58;NO;NO;NO;NO;NO;NO;2016-06-07 00:00:00;0;;;
311;000-053-X-32311-DEFA;55;0;-15;43;0;-150;NO;NO;NO;NO;NO;NO;NO;NO;NO;NO;NO;68;58;NO;STRAIGHT;NO;NO;NO;NO;2023-05-30 00:00:00;0;;;
312;X-32312;60;0;-15;46;0;-150;NO;NO;NO;NO;NO;NO;NO;NO;NO;NO;NO;64;58;NO;NO;NO;NO;NO;NO;2016-06-07 00:00:00;0;;;
313;X-32315;75;0;-15;55;0;-150;NO;NO;NO;NO;NO;NO;NO;NO;NO;NO;NO;64;58;NO;NO;NO;NO;NO;NO;2016-06-07 00:00:00;0;;;
314;X-33019;95;0;-20;39;0;-200;NO;NO;NO;NO;NO;NO;NO;NO;NO;NO;NO;68;54;NO;NO;NO;NO;NO;NO;2016-06-21 00:00:00;0;;;
315;X-33207;35;0;-12;28;0;-120;NO;NO;NO;NO;NO;NO;NO;NO;NO;NO;NO;64;58;NO;NO;NO;NO;NO;NO;2016-06-07 00:00:00;0;;;
316;X-33208;40;0;-12;32;0;-120;NO;NO;NO;NO;NO;NO;NO;NO;NO;NO;NO;64;58;NO;CONVEX;NO;NO;NO;NO;2016-06-07 00:00:00;0;;;
317;X-33213;65;0;-15;41;0;-150;NO;NO;NO;NO;NO;NO;NO;NO;NO;NO;NO;64;58;NO;CONVEX;NO;NO;NO;NO;2016-11-29 00:00:00;A;;;
318;Y-30206;NO;NO;NO;NO;NO;NO;NO;NO;NO;62;0;-16;14;0;-120;;;;;;;;;;;………………..;……..;;;
319;Y30209;NO;NO;NO;NO;NO;NO;NO;NO;NO;85;0;-18;16;0;-120;;;;;;;;;;;………………..;……..;;;
320;Y30211;NO;NO;NO;NO;NO;NO;NO;NO;NO;100;0;-18;18;0;-150;;;;;;;;;;;………………..;……..;;;
321;Y-30217;NO;NO;NO;NO;NO;NO;NO;NO;NO;120;0;-20;24;0;-200;64;58;64;58;CONVEX;NO;NO;NO;NO;NO;2016-06-07 00:00:00;0;;;
322;Y-30218;NO;NO;NO;NO;NO;NO;NO;NO;NO;160;0;-20;26;0;-200;64;58;NO;NO;CONVEX;NO;NO;NO;NO;NO;2016-06-07 00:00:00;0;;;
323;Y-30219;NO;NO;NO;NO;NO;NO;NO;NO;NO;170;0;-20;27;0;-200;64;58;NO;NO;CONVEX;NO;NO;NO;NO;NO;2016-06-21 00:00:00;0;;;
324;Y-30220;NO;NO;NO;NO;NO;NO;NO;NO;NO;180;0;-20;29;0;-200;64;58;NO;NO;CONVEX;NO;NO;NO;NO;NO;2016-06-21 00:00:00;0;;;
325;Y-30310;NO;NO;NO;NO;NO;NO;NO;NO;NO;110;0;-18;23;0;-120;;;;;;;;;;;………………..;……..;;;
326;Y-32005-MX;NO;NO;NO;NO;NO;NO;NO;NO;NO;47;0;-14;11.5;0;-120;;;;;;;;;;;………………..;……..;;;
327;Y-32007-MX;NO;NO;NO;NO;NO;NO;NO;NO;NO;62;0;-16;14;0;-120;;;;;;;;;;;………………..;……..;;;
328;Y-320-32Y;NO;NO;NO;NO;NO;NO;NO;NO;NO;58;0;-16;13;0;-150;64;58;NO;NO;CONVEX;NO;NO;NO;NO;NO;………………..;……..;;;
329;Y-32212;NO;NO;NO;NO;NO;NO;NO;NO;NO;110;0;-18;24;0;-150;;;;;;;;;;;………………..;……..;;;
330;Y-32214;NO;NO;NO;NO;NO;NO;NO;NO;NO;125;0;-20;27;0;-150;;;;;;;;;;;………………..;……..;;;
331;Y-32306;NO;NO;NO;NO;NO;NO;NO;NO;NO;72;0;-16;23;0;-120;64;58;NO;NO;CONVEX;NO;NO;NO;NO;NO;2016-06-07 00:00:00;0;;;
332;B&P-053-TX1845  - DEFA;88.9;25;0;39.688;76;-254;NO;NO;NO;NO;NO;NO;NO;NO;NO;NO;NO;64;58;NO;CONVEX;NO;NO;NO;NO;2012-05-17 00:00:00;0;;;
333;B&P-053-X-30207 - DEFA;35;0;-12;17;0;-100;NO;NO;NO;NO;NO;NO;NO;NO;NO;NO;NO;64;58;NO;CONVEX;CONVEX;NO;NO;NO;2022-05-02 00:00:00;B;;;
334;B&P-054-TCY207 - DEFA;NO;NO;NO;NO;NO;NO;NO;NO;NO;72;0;-16;15;0;-150;64;58;NO;NO;CONVEX;NO;NO;NO;NO;NO;2022-05-02 00:00:00;B;;;
335;B&P-053-X-32014 - ZANG;70;0;-15;25;0;-150;NO;NO;NO;NO;NO;NO;NO;NO;NO;NO;NO;64;58;NO;CONVEX;CONVEX;NO;NO;NO;2019-05-04 00:00:00;0;;;
336;B&P-054-TDY014 - ZANG;NO;NO;NO;NO;NO;NO;NO;NO;NO;110;0;-18;19;0;-200;64;58;NO;NO;NO;NO;NO;NO;NO;NO;2016-05-04 00:00:00;0;;;
337;B&P-054-TDY012 - BOT;NO;NO;NO;NO;NO;NO;NO;NO;NO;95;0;-18;17.5;0;-150;62;58;NO;NO;CONVEX;NO;NO;NO;NO;NO;2018-11-16 00:00:00;0;;;
338;B&P-053-X-32012 - BOT;60;0;-15;23;0;-150;NO;NO;NO;NO;NO;NO;NO;NO;NO;NO;NO;62;58;NO;CONVEX;NO;NO;NO;NO;2018-11-16 00:00:00;0;;;
339;B&P-053-X-32207-DEFA;35;0;-12;23;0;-120;NO;NO;NO;NO;NO;NO;NO;NO;NO;NO;NO;64;58;NO;CONVEX;CONVEX;NO;NO;NO;2022-07-14 00:00:00;B;;;
340;B&P-054-TDY207-DEFA;NO;NO;NO;NO;NO;NO;NO;NO;NO;72;0;-18;19;0;-120;64;58;NO;NO;CONVEX;NO;NO;NO;NO;NO;2022-07-14 00:00:00;B;;;
341;B&P-048-DTR-1742-FM-XZD;17;0;-12;44;0;-120;NO;NO;NO;42;0;-14;40;0;-120;64;58;64;58;CONVEX;CONVEX;CONVEX;NO;NO;NO;2023-06-02 00:00:00;B;Axial;40;15
342;B&P-053-X-33207-DEFA;35;0;-12;28;0;-120;NO;NO;NO;NO;NO;NO;NO;NO;NO;NO;NO;64;58;NO;CONVEX;CONVEX;NO;NO;NO;2022-07-20 00:00:00;B;;;
343;B&P-054-TDY010-DEFA;NO;NO;NO;NO;NO;NO;NO;NO;NO;80;0;-16;15.5;0;-150;64;58;NO;NO;CONVEX;NO;NO;NO;NO;NO;2018-09-19 00:00:00;0;;;
344;B&P-053-X-32010-DEFA;50;0;-12;20;0;-100;NO;NO;NO;NO;NO;NO;NO;NO;NO;NO;NO;64;58;NO;CONVEX;NO;NO;NO;NO;2018-09-19 00:00:00;0;;;
345;000-054-TCY209 - SCB;NO;NO;NO;NO;NO;NO;NO;NO;NO;85;0;-18;16;0;-200;64;58;NO;NO;CONVEX;NO;NO;NO;NO;NO;2018-05-15 00:00:00;0;;;
346;000-053-X-30209 - SCB;45;0;-12;19;0;-100;NO;NO;NO;NO;NO;NO;NO;NO;NO;NO;NO;64;58;NO;CONVEX;CONVEX;NO;NO;NO;2018-05-15 00:00:00;0;;;
347;BPB-054-TCY208 - CMI;NO;NO;NO;NO;NO;NO;NO;NO;NO;80;0;-16;16;0;-120;64;58;NO;NO;CONVEX;NO;NO;NO;NO;NO;2018-03-23 00:00:00;A;;;
348;BPB-053-X-30208-CMI;40;0;-12;18;0;-120;NO;NO;NO;NO;NO;NO;NO;NO;NO;NO;NO;64;58;NO;CONVEX;CONVEX;NO;NO;NO;2018-03-23 00:00:00;A;;;
349;BPB-053-X-30209-MX-CMI;45;0;-12;19;0;-120;NO;NO;NO;NO;NO;NO;NO;NO;NO;NO;NO;64;58;NO;CONVEX;CONVEX;NO;NO;NO;2018-03-29 00:00:00;A;;;
350;BPB-054-TCY209 - CMI;NO;NO;NO;NO;NO;NO;NO;NO;NO;85;0;-18;16;0;-120;64;58;NO;NO;CONVEX;NO;NO;NO;NO;NO;2018-03-29 00:00:00;A;;;
351;BPB-053-X-30210-MX-CMI;50;0;-12;20;0;-120;NO;NO;NO;NO;NO;NO;NO;NO;NO;NO;NO;64;58;NO;CONVEX;CONVEX;NO;NO;NO;2018-03-29 00:00:00;D;;;
352;BPB-054-TCY210 - CMI;NO;NO;NO;NO;NO;NO;NO;NO;NO;90;0;-18;17;0;-120;64;58;NO;NO;CONVEX;NO;NO;NO;NO;NO;2018-03-29 00:00:00;D;;;
353;000-054-TDY216-SCB;NO;NO;NO;NO;NO;NO;NO;NO;NO;140;0;-20;28;0;-150;64;58;NO;NO;RECTO;NO;NO;NO;NO;NO;2018-10-02 00:00:00;A;;;
354;000-053-X-32216-SCB;80;0;-15;33;0;-150;NO;NO;NO;NO;NO;NO;NO;NO;NO;NO;NO;64;58;NO;RECTO;RECTO;NO;NO;NO;2018-10-02 00:00:00;A;;;
355;B&P-054-TCY210-ZANG;NO;NO;NO;NO;NO;NO;NO;NO;NO;90;0;-18;17;0;-120;64;58;NO;NO;CONVEX;NO;NO;NO;NO;NO;2017-11-08 00:00:00;0;;;
356;B&P-054-TCY209-ZANG;NO;NO;NO;NO;NO;NO;NO;NO;NO;85;0;-18;16;0;-200;64;58;NO;NO;CONVEX;NO;NO;NO;NO;NO;2017-08-14 00:00:00;0;;;
357;B&P-054-TCY205-ZANG;NO;NO;NO;NO;NO;NO;NO;NO;NO;52;0;-16;13;0;-150;64;58;NO;NO;CONVEX;NO;NO;NO;NO;NO;2017-08-14 00:00:00;0;;;
358;B&P-054-TCY204-ZANG;NO;NO;NO;NO;NO;NO;NO;NO;NO;47;0;-14;12;0;-120;64;58;NO;NO;CONVEX;NO;NO;NO;NO;NO;2017-08-14 00:00:00;0;;;
359;B&P-054-TCY203-ZANG;NO;NO;NO;NO;NO;NO;NO;NO;NO;40;0;-14;11;0;-120;64;58;NO;NO;CONVEX;NO;NO;NO;NO;NO;2017-08-14 00:00:00;0;;;
360;B&P-053-TCX210-ZANG;50;0;-12;20;0;-120;NO;NO;NO;NO;NO;NO;NO;NO;NO;NO;NO;64;58;NO;CONVEX;NO;NO;NO;NO;2016-08-23 00:00:00;A;;;
361;B&P-053-TCX209-ZANG;45;0;-12;19;0;-100;NO;NO;NO;NO;NO;NO;NO;NO;NO;NO;NO;64;58;NO;CONVEX;NO;NO;NO;NO;2016-12-14 00:00:00;A;;;
362;B&P-053-TCX205-ZANG;25;0;-12;15;0;-100;NO;NO;NO;NO;NO;NO;NO;NO;NO;NO;NO;64;58;NO;CONVEX;NO;NO;NO;NO;2016-12-14 00:00:00;A;;;
363;B&P-053-TCX204-ZANG;20;0;-12;14;0;-100;NO;NO;NO;NO;NO;NO;NO;NO;NO;NO;NO;64;58;NO;CONVEX;NO;NO;NO;NO;2016-12-14 00:00:00;A;;;
364;B&P-053-TCX203-ZANG;17;0;-12;12;0;-120;NO;NO;NO;NO;NO;NO;NO;NO;NO;NO;NO;64;58;NO;CONVEX;NO;NO;NO;NO;2017-07-31 00:00:00;A;;;
365;000-054-TCY205-SCB;NO;NO;NO;NO;NO;NO;NO;NO;NO;52;0;-16;13;0;-150;64;58;NO;NO;CONVEX;NO;NO;NO;NO;NO;2018-05-15 00:00:00;0;;;
366;000-053-X-30205-SCB;25;0;-12;15;0;-100;NO;NO;NO;NO;NO;NO;NO;NO;NO;NO;NO;64;58;NO;CONVEX;CONVEX;NO;NO;NO;2018-05-15 00:00:00;0;;;
367;000-054-TCY206-SCB;NO;NO;NO;NO;NO;NO;NO;NO;NO;62;0;-16;14;0;-150;64;58;NO;NO;CONVEX;NO;NO;NO;NO;NO;2018-05-15 00:00:00;0;;;
368;000-053-X-30206-SCB;30;0;-12;16;0;-100;NO;NO;NO;NO;NO;NO;NO;NO;NO;NO;NO;64;58;NO;CONVEX;CONVEX;NO;NO;NO;2018-05-15 00:00:00;0;;;
369;000-054-TCY207-SCB;NO;NO;NO;NO;NO;NO;NO;NO;NO;72;0;-16;15;0;-150;64;58;NO;NO;CONVEX;NO;NO;NO;NO;NO;2018-05-15 00:00:00;0;;;
370;000-053-X-30207-SCB;35;0;-12;17;0;-100;NO;NO;NO;NO;NO;NO;NO;NO;NO;NO;NO;64;58;NO;CONVEX;CONVEX;NO;NO;NO;2018-05-15 00:00:00;0;;;
371;000-054-TCY204-SCB;NO;NO;NO;NO;NO;NO;NO;NO;NO;47;0;-14;12;0;-120;64;58;NO;NO;CONVEX;NO;NO;NO;NO;NO;2018-05-15 00:00:00;0;;;
372;000-053-X-30204-SCB;20;0;-12;14;0;-100;NO;NO;NO;NO;NO;NO;NO;NO;NO;NO;NO;64;58;NO;CONVEX;CONVEX;NO;NO;NO;2018-05-15 00:00:00;0;;;
373;000-053-104949-SCB;50.8;13;0;22.225;76;-254;NO;NO;NO;NO;NO;NO;NO;NO;NO;NO;NO;64;58;NO;CONVEX;CONVEX;NO;NO;NO;2018-10-02 00:00:00;A;;;
374;000-054-104911-SCB;NO;NO;NO;NO;NO;NO;NO;NO;NO;82.55;25;0;16.51;51;-254;64;58;NO;NO;CONVEX;NO;NO;NO;NO;NO;2018-10-02 00:00:00;A;;;
375;000-054-Y-68110-SCB;NO;NO;NO;NO;NO;NO;NO;NO;NO;59.131;25;0;11.938;51;254;64;58;NO;NO;CONVEX;NO;NO;NO;NO;NO;2018-10-02 00:00:00;A;;;
376;000-053-X-68149-SCB;34.988;13;0;16.764;76;-254;NO;NO;NO;NO;NO;NO;NO;NO;NO;NO;NO;64;58;NO;CONVEX;CONVEX;NO;NO;NO;2018-10-02 00:00:00;A;;;
377;000-053-X-32218-SCB;90;0;-20;40;0;-150;NO;NO;NO;NO;NO;NO;NO;NO;NO;NO;NO;64;58;NO;CONVEX;CONVEX;NO;NO;NO;2018-10-02 00:00:00;A;;;
378;000-054-TDY218-SCB;NO;NO;NO;NO;NO;NO;NO;NO;NO;160;0;-25;34;0;-200;64;58;NO;NO;CONVEX;NO;NO;NO;NO;NO;2018-10-02 00:00:00;A;;;
379;000-054-TDY214-SCB;NO;NO;NO;NO;NO;NO;NO;NO;NO;125;0;-20;27;0;-120;64;58;NO;NO;CONVEX;NO;NO;NO;NO;NO;2018-10-02 00:00:00;A;;;
380;000-053-X-32214-SCB;70;0;-15;31;0;-150;NO;NO;NO;NO;NO;NO;NO;NO;NO;NO;NO;64;58;NO;CONVEX;CONVEX;NO;NO;NO;2018-10-02 00:00:00;A;;;
381;000-053-X-32211-SCB;55;0;-15;25;0;-120;NO;NO;NO;NO;NO;NO;NO;NO;NO;NO;NO;64;58;NO;CONVEX;CONVEX;NO;NO;NO;2018-10-02 00:00:00;A;;;
382;000-054-TDY211-SCB;NO;NO;NO;NO;NO;NO;NO;NO;NO;100;0;-15;21;0;-120;64;58;NO;NO;CONVEX;NO;NO;NO;NO;NO;2018-10-02 00:00:00;A;;;
383;000-054-TDY210-SCB;NO;NO;NO;NO;NO;NO;NO;NO;NO;90;0;-18;19;0;-120;62;58;NO;NO;CONVEX;NO;NO;NO;NO;NO;2018-10-02 00:00:00;A;;;
384;000-053-X-32210-SCB;50;0;-12;23;0;-120;NO;NO;NO;NO;NO;NO;NO;NO;NO;NO;NO;62;58;NO;CONVEX;CONVEX;NO;NO;NO;2018-10-02 00:00:00;A;;;
385;000-053-X-32212-SCB;60;0;-15;28;0;-150;NO;NO;NO;NO;NO;NO;NO;NO;NO;NO;NO;64;58;NO;CONVEX;CONVEX;NO;NO;NO;2018-10-02 00:00:00;A;;;
386;000-054-TDY212-SCB;NO;NO;NO;NO;NO;NO;NO;NO;NO;110;0;-18;24;0;-150;64;58;NO;NO;CONVEX;NO;NO;NO;NO;NO;2018-10-02 00:00:00;A;;;
387;BPB-048-DTR3062-FM-DEFA;30;0;-12;50;NO;NO;NO;NO;NO;62;0;-16;40;0;-120;64;58;64;58;CONVEX;CONVEX;CONVEX;NO;NO;NO;2017-08-30 00:00:00;C;;;
388;B&P-054-TDY011-DEFA;NO;NO;NO;NO;NO;NO;NO;NO;NO;90;0;-18;17.5;0;-120;64;58;NO;NO;CONVEX;NO;NO;NO;NO;NO;2023-05-30 00:00:00;0;;;
389;000-054-3920-DEFA;NO;NO;NO;NO;NO;NO;NO;NO;NO;112.712;25;0;23.812;0;-120;64;58;NO;NO;RECTO;NO;NO;NO;NO;NO;2023-11-01 00:00:00;A;;;
390;000-053-3984-DEFA;66.675;13;0;30.048;0;-120;NO;NO;NO;NO;NO;NO;NO;NO;NO;NO;NO;64;58;NO;RECTO;RECTO;NO;NO;NO;2023-11-01 00:00:00;A;;;
391;000-054-TCY211-DEFA;NO;NO;NO;NO;NO;NO;NO;NO;NO;100;0;-18;18;0;-150;64;58;NO;NO;RECTO;NO;NO;NO;NO;NO;2022-07-14 00:00:00;C;;;
392;000-053-X-30211-DEFA;55;0;-15;21;0;-150;NO;NO;NO;NO;NO;NO;NO;NO;NO;NO;NO;64;58;NO;RECTO;RECTO;NO;NO;NO;2022-07-14 00:00:00;C;;;
393;000-054-TCY212-DEFA;NO;NO;NO;NO;NO;NO;NO;NO;NO;110;0;-18;19;0;-150;64;58;NO;NO;RECTO;NO;NO;NO;NO;NO;2022-07-14 00:00:00;B;;;
394;000-053-X-30212-DEFA;60;0;-15;22;0;-150;NO;NO;NO;NO;NO;NO;NO;NO;NO;NO;NO;64;58;NO;RECTO;RECTO;NO;NO;NO;2022-07-14 00:00:00;B;;;
395;000-054-TDY213-DEFA;NO;NO;NO;NO;NO;NO;NO;NO;NO;120;0;-18;27;0;-150;64;58;NO;NO;RECTO;NO;NO;NO;NO;NO;2022-07-13 00:00:00;B;;;
396;000-053-X-32213-DEFA;65;0;-15;31;0;-150;NO;NO;NO;NO;NO;NO;NO;NO;NO;NO;NO;64;58;NO;RECTO;RECTO;NO;NO;NO;2022-07-13 00:00:00;B;;;
397;000-054-TDY006-DEFA;NO;NO;NO;NO;NO;NO;NO;NO;NO;55;0;-16;13;0;-120;64;58;NO;NO;RECTO;NO;NO;NO;NO;NO;2021-09-10 00:00:00;B;NO;NO;NO
398;000-053-X-32006-DEFA;30;0;-12;17;0;-120;NO;NO;NO;NO;NO;NO;NO;NO;NO;NO;NO;64;58;NO;RECTO;RECTO;NO;NO;NO;2021-09-10 00:00:00;B;NO;NO;NO
399;000-054-TTY209-DEFA;NO;NO;NO;NO;NO;NO;NO;NO;NO;85;0;-18;25;0;-120;64;58;NO;NO;RECTO;NO;NO;NO;NO;NO;2024-10-10 00:00:00;A;;;
400;000-053-X-33209-DEFA;45;0;-12;32;0;-120;NO;NO;NO;NO;NO;NO;NO;NO;NO;NO;NO;64;58;NO;RECTO;RECTO;NO;NO;NO;2024-10-10 00:00:00;A;;;
401;BPB-048-DTR-1742-FM-XZD;17;0;-12;44;0;-120;NO;NO;NO;42;0;-14;40;0;-120;64;58;64;58;CONVEX;CONVEX;CONVEX;NO;NO;NO;2014-05-11 00:00:00;0;;;
402;BPB-999-30206-MX;30;0;-12;16;0;-120;17.25;200;0;62;0;-16;14;0;-120;64;58;64;58;CONVEX;CONVEX;CONVEX;NO;NO;NO;2018-03-29 00:00:00;A;;;
403;000-054-TCY203-SCB;NO;NO;NO;NO;NO;NO;NO;NO;NO;40;0;-14;11;0;-120;64;58;NO;NO;CONVEX;NO;NO;NO;NO;NO;2010-04-26 00:00:00;0;;;
404;000-053-X-30203-SCB;17;0;-12;12;0;-120;NO;NO;NO;NO;NO;NO;NO;NO;NO;NO;NO;64;58;NO;CONVEX;CONVEX;NO;NO;NO;2010-04-26 00:00:00;0;;;
405;000-054-TCY208-SCB;NO;NO;NO;NO;NO;NO;NO;NO;NO;80;0;-16;16;0;-120;64;58;NO;NO;CONVEX;NO;NO;NO;NO;NO;2008-08-28 00:00:00;0;;;
406;000-053-X-30208-SCB;40;0;-12;18;0;-120;NO;NO;NO;NO;NO;NO;NO;NO;NO;NO;NO;64;58;NO;CONVEX;CONVEX;NO;NO;NO;2008-08-28 00:00:00;0;;;
407;000-054-TCY210-SCB;NO;NO;NO;NO;NO;NO;NO;NO;NO;90;0;-18;17;0;-120;64;58;NO;NO;CONVEX;NO;NO;NO;NO;NO;2008-08-28 00:00:00;0;;;
408;000-053-X-30210-SCB;50;0;-12;20;0;-120;NO;NO;NN;NO;NO;NO;NO;NO;NO;NO;NO;64;58;NO;CONVEX;CONVEX;NO;NO;NO;2008-08-28 00:00:00;0;;;
409;MID-054-JRME3062-CUP-DEFA;NO;NO;NO;NO;NO;NO;NO;NO;NO;62;0;-16;40;0;-120;64;58;NO;NO;CONVEX;NO;NO;NO;NO;NO;2022-08-29 00:00:00;A;;;
410;MID-053-JRME3062-CON-DEFA;30;0;-12;25;0;-60;NO;NO;NO;NO;NO;NO;NO;NO;NO;NO;NO;64;58;NO;CONVEX;CONVEX;NO;NO;NO;2022-08-22 00:00:00;A;;;
411;000-058-30206-MX;30;0;-12;16;0;-120;17.25;200;0;62;0;-16;14;0;-120;62;58;62;58;CONVEX;CONVEX;CONVEX;NO;NO;NO;2018-03-29 00:00:00;A;;;
412;BPB-054-LM-104911-DEFA;NO;NO;NO;NO;NO;NO;NO;NO;N;82.55;25;0;16.51;51;-254;64;58;NO;NO;CONVEX;NO;NO;NO;NO;NO;2020-07-20 00:00:00;0;;;
413;BPB-053-LM-104949-DEFA;50.8;13;0;22.225;76;-254;NO;NO;N;NO;NO;NO;NO;NO;NO;NO;NO;64;58;NO;CONVEX;NO;NO;NO;NO;2020-07-20 00:00:00;0;;;
414;BPB-054-68110-DEFA;NO;NO;NO;NO;NO;NO;NO;NO;NO;59.131;25;0;11.938;51;-254;64;58;NO;NO;CONVEX;NO;NO;NO;NO;NO;2020-07-20 00:00:00;0;;;
415;BPB-053-68149-DEFA;34.988;13;0;16.764;76;-254;NO;NO;N;NO;NO;NO;NO;NO;NO;NO;NO;64;58;NO;CONVEX;NO;NO;NO;NO;2020-07-20 00:00:00;0;;;
416;000-054-TDY214-HLBR;NO;NO;NO;NO;NO;NO;NO;NO;NO;125;0;-20;27;0;-120;64;58;NO;NO;CONVEX;NO;NO;NO;NO;NO;2016-06-23 00:00:00;0;;;
417;000-054-TCY206-DEFA;NO;NO;NO;NO;NO;NO;NO;NO;NO;62;0;-16;14;0;-120;62;58;NO;NO;RECTO;NO;NO;NO;NO;NO;2022-07-14 00:00:00;C;;;
418;000-053-X-30206-DEFA;30;0;-12;16;0;-120;NO;NO;NO;NO;NO;NO;NO;NO;NO;NO;NO;62;58;NO;RECTO;RECTO;NO;NO;NO;2022-07-14 00:00:00;C;;;
419;000-054-TDY216-DEFA;NO;NO;NO;NO;NO;NO;NO;NO;NO;140;0;-20;28;0;-150;64;58;NO;NO;RECTO;NO;NO;NO;NO;NO;2022-07-19 00:00:00;C;;;
420;000-053-X-32216-DEFA;80;0;-15;33;0;-150;NO;NO;NO;NO;NO;NO;NO;NO;NO;NO;NO;64;58;NO;RECTO;RECTO;NO;NO;NO;2022-07-19 00:00:00;C;;;
421;000-054-TCY220-DEFA;NO;NO;NO;NO;NO;NO;NO;NO;NO;180;0;-20;29;0;-200;64;58;NO;NO;CONVEX;NO;NO;NO;NO;NO;2016-06-21 00:00:00;0;;;
422;000-053-X-30220-DEFA;100;0;-20;34;0;-150;NO;NO;NO;NO;NO;NO;NO;NO;NO;NO;NO;64;58;NO;CONVEX;NO;NO;NO;NO;2016-06-21 00:00:00;0;;;
423;000-054-TCY308-DEFA;NO;NO;NO;NO;NO;NO;NO;NO;NO;90;0;-18;20;0;-120;64;58;NO;NO;RECTO;NO;RECTO;NO;NO;NO;2022-07-14 00:00:00;A;;;
424;000-053-X-30308-DEFA;40;0;-12;23;0;-120;NO;NO;NO;NO;NO;NO;NO;NO;NO;NO;NO;64;58;NO;RECTO;NO;NO;NO;NO;2022-07-14 00:00:00;A;;;
425;000-054-TTY117-DEFA;NO;NO;NO;NO;NO;NO;NO;NO;NO;140;0;-20;32;0;-200;64;58;NO;NO;RECTO;NO;NO;NO;NO;NO;2022-07-14 00:00:00;A;;;
426;000-053-X-33117-DEFA;85;0;-20;41;0;-200;NO;NO;NO;NO;NO;NO;NO;NO;NO;NO;NO;64;58;NO;RECTO;NO;NO;NO;NO;14/7/202;A;;;
427;B&P-054-TCY207 ;NO;NO;NO;NO;NO;NO;NO;NO;NO;72;0;-16;15;0;-150;64;58;NO;NO;CONVEX;NO;NO;NO;NO;NO;2020-10-29 00:00:00;0;;;
428;B&P-053-X-30207     ;35;0;-12;18.25;200;0;NO;NO;NO;NO;NO;NO;NO;NO;NO;NO;NO;64;58;NO;CONVEX;NO;NO;NO;NO;2020-10-29 00:00:00;0;;;
429;000-053-TCX-1845-DEFA    ;88.9;25;0;39.668;76;-254;NO;NO;NO;NO;NO;NO;NO;NO;NO;NO;NO;64;58;NO;RECTO;RECTO;NO;NO;NO;2022-07-13 00:00:00;A;;;
430;000-054-TCY-8410-DEFA    ;NO;NO;NO;NO;NO;NO;NO;NO;NO;152.4;25;0;30.162;50;-254;64;58;NO;NO;RECTO;NO;NO;NO;NO;NO;2022-07-13 00:00:00;A;;;
431;B&P-054-TDY008 - DEFA;NO;NO;NO;NO;NO;NO;NO;NO;NO;68;0;-16;14.5;0;-120;64;58;NO;NO;CONVEX;NO;NO;NO;NO;NO;2022-07-14 00:00:00;C;;;
432;B&P-053-X-32008 - DEFA;40;0;-12;19;0;-120;NO;NO;NO;NO;NO;NO;NO;NO;NO;NO;NO;64;58;NO;CONVEX;CONVEX;NO;NO;NO;2022-07-14 00:00:00;C;;;
433;000-054-TCY208-DEFA;NO;NO;NO;NO;NO;NO;NO;NO;NO;80;0;-16;16;0;-120;64;58;NO;NO;RECTO;NO;NO;NO;NO;NO;2022-07-13 00:00:00;B;;;
434;000-053-X-30208-DEFA;40;0;-12;18;0;-120;NO;NO;NO;NO;NO;NO;NO;NO;NO;NO;NO;64;58;NO;RECTO;RECTO;NO;NO;NO;2022-07-13 00:00:00;B;;;
435;000-054-TDY211-DEFA;NO;NO;NO;NO;NO;NO;NO;NO;NO;100;0;-18;21;0;-150;64;58;NO;NO;RECTO;NO;NO;NO;NO;NO;2022-07-13 00:00:00;C;NO;NO;NO
436;000-053-X-32211-DEFA;55;0;-15;25;0;-150;NO;NO;NO;NO;NO;NO;NO;NO;NO;NO;NO;64;58;NO;RECTO;RECTO;NO;NO;NO;2022-07-13 00:00:00;C;NO;NO;NO
437;000-054-TDY214-DEFA;NO;NO;NO;NO;NO;NO;NO;NO;NO;125;0;-20;27;0;-150;64;58;NO;NO;RECTO;NO;NO;NO;NO;NO;2022-07-13 00:00:00;A;;;
438;000-053-X-32214-DEFA;70;0;-15;31;0;-150;NO;NO;NO;NO;NO;NO;NO;NO;NO;NO;NO;64;58;NO;RECTO;RECTO;NO;NO;NO;2022-07-13 00:00:00;A;;;
439;000-054-TTY010-DEFA;NO;NO;NO;NO;NO;NO;NO;NO;NO;80;0;-16;19;0;-120;64;58;NO;NO;RECTO;NO;NO;NO;NO;NO;2023-10-31 00:00:00;B;;;
440;000-053-X-33010-DEFA;50;0;-12;24;0;-120;NO;NO;NO;NO;NO;NO;NO;NO;NO;NO;NO;64;58;NO;RECTO;RECTO;NO;NO;NO;2023-10-31 00:00:00;B;;;
441;000-054-TDY010-DEFA;NO;NO;NO;NO;NO;NO;NO;NO;NO;80;0;-16;15.5;0;-120;64;58;NO;NO;RECTO;NO;NO;NO;NO;NO;2022-07-14 00:00:00;B;;;
442;000-053-X-32010-DEFA;50;0;-12;20;0;-120;NO;NO;NO;NO;NO;NO;NO;NO;NO;NO;NO;64;58;NO;RECTO;RECTO;NO;NO;NO;2022-07-14 00:00:00;B;;;
443;000-054-TDY220-DEFA;NO;NO;NO;NO;NO;NO;NO;NO;NO;180;0;-25;39;0;-200;64;58;NO;NO;CONVEX;NO;NO;NO;NO;NO;2022-01-18 00:00:00;A;;;
444;000-053-X-32220-DEFA;100;0;-20;46;0;-200;NO;NO;NO;NO;NO;NO;NO;NO;NO;NO;NO;64;58;NO;CONVEX;CONVEX;NO;NO;NO;2022-01-18 00:00:00;A;;;
445;000-054-TCY213-DEFA;NO;NO;NO;NO;NO;NO;NO;NO;NO;120;0;-18;20;0;-150;64;58;NO;NO;RECTO;NO;NO;NO;NO;NO;2022-07-14 00:00:00;A;;;
446;000-054-TDY009-DEFA;NO;NO;NO;NO;NO;NO;NO;NO;NO;75;0;-16;15.5;0;-120;65;58;NO;NO;RECTO;NO;NO;NO;NO;NO;2025-04-01 00:00:00;B;;;
447;000-053-X-32009-DEFA;45;0;-12;20;0;-120;NO;NO;NO;NO;NO;NO;NO;NO;NO;NO;NO;65;58;NO;RECTO;RECTO;NO;NO;NO;2025-04-01 00:00:00;B;;;
448;000-053-X-32219-DEFA;95;0;-20;43;0;-200;NO;NO;NO;NO;NO;NO;NO;NO;NO;NO;NO;64;58;NO;RECTO;RECTO;NO;NO;NO;2022-07-13 00:00:00;B;;;
449;000-054-TD219-DEFA;NO;NO;NO;NO;NO;NO;NO;NO;NO;170;0;-25;37;0;-200;64;58;NO;NO;RECTO;NO;NO;NO;NO;NO;2021-05-26 00:00:00;A;;;
450;000-054-TCY207-DEFA;NO;NO;NO;NO;NO;NO;NO;NO;NO;72;0;-16;15;0;-150;64;58;NO;NO;CONVEX;NO;NO;NO;NO;NO;2022-05-02 00:00:00;B;;;
451;000-053-X-30207-DEFA;35;0;-12;17;0;-120;NO;NO;NO;NO;NO;NO;NO;NO;NO;NO;NO;64;58;NO;RECTO;RECTO;NO;NO;NO;2022-05-02 00:00:00;B;;;
452;000-054-TDY014-DEFA;NO;NO;NO;NO;NO;NO;NO;NO;NO;110;0;-18;19;0;-200;64;58;NO;NO;RECTO;NO;NO;NO;NO;NO;2023-05-30 00:00:00;A;;;
453;000-053-X-32014-DEFA;70;0;-15;25;0;-150;NO;NO;NO;NO;NO;NO;NO;NO;NO;NO;NO;64;58;NO;RECTO;RECTO;NO;NO;NO;2023-05-30 00:00:00;A;;;
454;000-054-TDY208-DEFA;NO;NO;NO;NO;NO;NO;NO;NO;NO;80;0;-16;19;0;-120;64;58;NO;NO;RECTO;NO;NO;NO;NO;NO;2022-07-14 00:00:00;B;;;
455;000-053-X-32208-DEFA;40;0;-12;23;0;-120;NO;NO;NO;NO;NO;NO;NO;NO;NO;NO;NO;64;58;NO;RECTO;RECTO;NO;NO;NO;2022-07-14 00:00:00;B;;;
456;000-054-TDY209-DEFA;NO;NO;NO;NO;NO;NO;NO;NO;NO;85;0;-18;19;0;-120;64;58;NO;NO;RECTO;NO;NO;NO;NO;NO;2022-07-14 00:00:00;B;;;
457;000-053-X-32209-DEFA;45;0;-12;23;0;-120;NO;NO;NO;NO;NO;NO;NO;NO;NO;NO;NO;64;58;NO;RECTO;RECTO;NO;NO;NO;2022-07-14 00:00:00;B;;;
458;000-054-TDY217-DEFA;NO;NO;NO;NO;NO;NO;NO;NO;NO;150;0;-20;30;0;-200;65;58;NO;NO;RECTO;NO;NO;NO;NO;NO;2022-07-13 00:00:00;A;;;
459;000-053-X-32217-DEFA;85;0;-20;36;0;-200;NO;NO;NO;NO;NO;NO;NO;NO;NO;NO;NO;65;58;NO;RECTO;RECTO;NO;NO;NO;2022-07-13 00:00:00;A;;;
460;000-054-TDY218-DEFA;NO;NO;NO;NO;NO;NO;NO;NO;NO;160;0;-25;34;0;-200;64;58;NO;NO;RECTO;NO;NO;NO;NO;NO;2022-07-18 00:00:00;C;;;
461;000-053-X-32218-DEFA;90;0;-20;40;0;-150;NO;NO;NO;NO;NO;NO;NO;NO;NO;NO;NO;64;58;NO;RECTO;RECTO;NO;NO;NO;2022-07-18 00:00:00;C;;;
462;000-054-TTY210-DEFA;NO;NO;NO;NO;NO;NO;NO;NO;NO;90;0;-18;24.5;0;-120;64;58;NO;NO;RECTO;NO;NO;NO;NO;NO;2024-10-10 00:00:00;A;;;
463;000-053-X-33210-DEFA;50;0;-12;32;0;-120;NO;NO;NO;NO;NO;NO;NO;NO;NO;NO;NO;65;58;NO;RECTO;RECTO;NO;NO;NO;2024-10-10 00:00:00;A;;;
464;000-053-X-30213-DEFA;65;0;-15;23;0;-150;NO;NO;NO;NO;NO;NO;NO;NO;NO;NO;NO;64;58;NO;RECTO;RECTO;NO;NO;NO;2022-07-14 00:00:00;A;;;
465;000-054-TCY209-DEFA;NO;NO;NO;NO;NO;NO;NO;NO;NO;85;0;-18;16;0;-120;64;58;NO;NO;RECTO;NO;NO;NO;NO;NO;2022-07-18 00:00:00;C;;;
466;000-054-TCY205-DEFA;NO;NO;NO;NO;NO;NO;NO;NO;NO;52;0;-12;13;0;-120;64;58;NO;NO;RECTO;NO;NO;NO;NO;NO;2022-07-18 00:00:00;C;;;
467;000-053-X-30205-DEFA;25;0;-12;15;0;-120;NO;NO;NO;NO;NO;NO;NO;NO;NO;NO;NO;64;58;NO;RECTO;RECTO;NO;NO;NO;2022-07-18 00:00:00;C;;;
468;000-053-X-30209-DEFA;45;0;-12;19;0;-120;NO;NO;NO;NO;NO;NO;NO;NO;NO;NO;NO;64;58;NO;RECTO;RECTO;NO;NO;NO;2022-07-18 00:00:00;C;;;
469;000-053-X-32212-DEFA;60;0;-15;28;0;-150;NO;NO;NO;NO;NO;NO;NO;NO;NO;NO;NO;64;58;NO;RECTO;RECTO;NO;NO;NO;2022-07-14 00:00:00;C;;;
470;000-054-TDY212-DEFA;NO;NO;NO;NO;NO;NO;NO;NO;NO;110;0;-18;24;0;-150;64;58;NO;NO;RECTO;NO;NO;NO;NO;NO;2022-07-14 00:00:00;C;;;
471;B&P-053-X-320-32X-DEFA;32;0;-12;17;0;-120;NO;NO;NO;NO;NO;NO;NO;NO;NO;NO;NO;64;58;NO;CONVEX;CONVEX;NO;NO;NO;2022-07-19 00:00:00;C;;;
472;B&P-054-Y-320-32X-DEFA;NO;NO;NO;NO;NO;NO;NO;NO;NO;58;0;-16;13;0;-120;64;58;NO;NO;CONVEX;NO;NO;NO;NO;NO;2022-07-19 00:00:00;C;;;
473;000-053-X-30204-DEFA;20;0;-12;14;0;-100;NO;NO;NO;NO;NO;NO;NO;NO;NO;NO;NO;64;58;NO;RECTO;RECTO;NO;NO;NO;2022-07-18 00:00:00;D;;;
474;000-053-X-30203-DEFA;17;0;-12;12;0;-120;NO;NO;NO;NO;NO;NO;NO;NO;NO;NO;NO;64;58;NO;RECTO;RECTO;NO;NO;NO;2022-01-17 00:00:00;D;;;
475;000-054-TCY204-DEFA;NO;NO;NO;NO;NO;NO;NO;NO;NO;47;0;-14;12;0;-120;64;58;NO;NO;RECTO;NO;NO;NO;NO;NO;2022-07-18 00:00:00;D;;;
476;000-054-TCY203-DEFA;NO;NO;NO;NO;NO;NO;NO;NO;NO;40;0;-14;11;0;-120;64;58;NO;NO;RECTO;NO;NO;NO;NO;NO;2022-01-17 00:00:00;D;;;
477;B&P-053-X-30205-DEFA;25;0;-12;15;0;-120;NO;NO;NO;NO;NO;NO;NO;NO;NO;NO;NO;64;58;NO;CONVEX;CONVEX;NO;NO;NO;2022-01-18 00:00:00;B;;;
478;B&P-054-TCY205-DEFA;NO;NO;NO;NO;NO;NO;NO;NO;NO;52;0;-12;13;0;-120;64;58;NO;NO;CONVEX;NO;NO;NO;NO;NO;2022-01-18 00:00:00;B;;;
479;B&P-054-TCY206-DEFA;NO;NO;NO;NO;NO;NO;NO;NO;NO;62;0;-16;14;0;-120;62;58;NO;NO;CONVEX;NO;NO;NO;NO;NO;2022-07-14 00:00:00;C;;;
480;B&P-053-X-30206-DEFA;30;0;-12;16;0;-120;NO;NO;NO;NO;NO;NO;NO;NO;NO;NO;NO;62;58;NO;CONVEX;CONVEX;NO;NO;NO;2022-07-14 00:00:00;C;;;
481;B&P-054-Y-31308-DEFA;NO;NO;NO;NO;NO;NO;NO;NO;NO;90;0;-18;17;0;-120;64;58;NO;NO;CONVEX;NO;NO;NO;NO;NO;2022-01-20 00:00:00;0;;;
482;B&P-053-X-31308-DEFA;40;0;-12;23;0;-120;NO;NO;NO;NO;NO;NO;NO;NO;NO;NO;NO;64;58;NO;CONVEX;CONVEX;NO;NO;NO;2022-01-20 00:00:00;0;;;
483;B&P-054-TCY208 - DEFA;NO;NO;NO;NO;NO;NO;NO;NO;NO;80;0;-16;16;0;-120;64;58;NO;NO;CONVEX;NO;NO;NO;NO;NO;2022-01-17 00:00:00;A;;;
484;B&P-053-X-30208-DEFA;40;0;-12;18;0;-120;NO;NO;NO;NO;NO;NO;NO;NO;NO;NO;NO;64;58;NO;CONVEX;CONVEX;NO;NO;NO;2022-01-17 00:00:00;A;;;
485;B&P-054-TCY209-DEFA;NO;NO;NO;NO;NO;NO;NO;NO;NO;85;0;-18;16;0;-120;64;58;NO;NO;CONVEX;NO;NO;NO;NO;NO;2022-01-17 00:00:00;B;;;
486;B&P-053-X-30209-DEFA;45;0;-12;19;0;-120;NO;NO;NO;NO;NO;NO;NO;NO;NO;NO;NO;64;58;NO;CONVEX;CONVEX;NO;NO;NO;2022-01-17 00:00:00;B;;;
487;B&P-054-TCY210-DEFA;NO;NO;NO;NO;NO;NO;NO;NO;NO;90;0;-18;17;0;-120;64;60;NO;NO;CONVEX;NO;NO;NO;NO;NO;2022-05-02 00:00:00;F;;;
488;B&P-053-X-30210-DEFA;50;0;-12;20;0;-120;NO;NO;NO;NO;NO;NO;NO;NO;NO;NO;NO;64;60;NO;CONVEX;CONVEX;NO;NO;NO;2022-05-02 00:00:00;F;;;
489;B&P-054-TCY212-DEFA;NO;NO;NO;NO;NO;NO;NO;NO;NO;110;0;-18;19;0;-150;64;58;NO;NO;CONVEX;NO;NO;NO;NO;NO;2022-01-17 00:00:00;A;;;
490;B&P-053-X-30212-DEFA;60;0;-15;22;0;-150;NO;NO;NO;NO;NO;NO;NO;NO;NO;NO;NO;64;58;NO;CONVEX;CONVEX;NO;NO;NO;2022-01-17 00:00:00;A;;;
491;B&P-054-TDY005 - DEFA;NO;NO;NO;NO;NO;NO;NO;NO;NO;47;0;-14;11.5;0;-120;64;58;NO;NO;CONVEX;NO;NO;NO;NO;NO;2017-08-17 00:00:00;0;;;
492;B&P-053-X-32005 - DEFA;25;0;-12;15;0;-120;NO;NO;NO;NO;NO;NO;NO;NO;NO;NO;NO;64;58;NO;CONVEX;CONVEX;NO;NO;NO;2017-08-17 00:00:00;0;;;
493;B&P-054-TDY013 - DEFA;NO;NO;NO;NO;NO;NO;NO;NO;NO;100;0;-18;17.5;0;-150;64;58;NO;NO;CONVEX;NO;NO;NO;NO;NO;2022-07-14 00:00:00;A;;;
494;B&P-053-X-32013 - DEFA;65;0;-15;23;0;-150;NO;NO;NO;NO;NO;NO;NO;NO;NO;NO;NO;64;58;NO;CONVEX;CONVEX;NO;NO;NO;2022-07-14 00:00:00;A;;;
495;B&P-054-TDY208 - DEFA;NO;NO;NO;NO;NO;NO;NO;NO;NO;80;0;-16;19;0;-120;64;58;NO;NO;CONVEX;NO;NO;NO;NO;NO;2022-07-14 00:00:00;B;;;
496;B&P-053-X-32208-DEFA;40;0;-12;23;0;-120;NO;NO;NO;NO;NO;NO;NO;NO;NO;NO;NO;64;58;NO;CONVEX;CONVEX;NO;NO;NO;2022-07-14 00:00:00;B;;;
497;B&P-054-TDY209 - DEFA;NO;NO;NO;NO;NO;NO;NO;NO;NO;85;0;-18;19;0;-120;64;58;NO;NO;CONVEX;NO;NO;NO;NO;NO;2022-07-14 00:00:00;B;;;
498;B&P-053-X-32209-DEFA;45;0;-12;23;0;-120;NO;NO;NO;NO;NO;NO;NO;NO;NO;NO;NO;65;58;NO;CONVEX;CONVEX;NO;NO;NO;2022-07-14 00:00:00;B;;;
499;B&P-054-TDY308-DEFA;NO;NO;NO;NO;NO;NO;NO;NO;NO;90;0;-18;27;0;-120;64;58;NO;NO;CONVEX;NO;NO;NO;NO;NO;2023-05-30 00:00:00;A;;;
500;B&P-053-X-32308-DEFA;40;0;-12;33;0;-120;NO;NO;NO;NO;NO;NO;NO;NO;NO;NO;NO;64;58;NO;CONVEX;CONVEX;NO;NO;NO;2023-05-30 00:00:00;A;;;
501;B&P-054-TTY207-DEFA;NO;NO;NO;NO;NO;NO;NO;NO;NO;72;0;-16;22;0;-120;64;58;NO;NO;CONVEX;NO;NO;NO;NO;NO;2022-07-20 00:00:00;B;;;
502;000-053-X-32005 - DEFA;25;0;-12;15;0;-120;NO;NO;NO;NO;NO;NO;NO;NO;NO;NO;NO;64;58;NO;RECTO;RECTO;NO;NO;NO;2022-07-14 00:00:00;A;;;
503;000-053-X-32008 - DEFA;40;0;-12;19;0;-120;NO;NO;NO;NO;NO;NO;NO;NO;NO;NO;NO;64;58;NO;RECTO;RECTO;NO;NO;NO;2022-07-14 00:00:00;C;;;
504;000-053-X-32206-DEFA;30;0;-12;20;0;-100;NO;NO;NO;NO;NO;NO;NO;NO;NO;NO;NO;64;58;RECTO;RECTO;RECTO;NO;NO;NO;2022-07-20 00:00:00;A;;;
505;000-054-TDY005 - DEFA;NO;NO;NO;NO;NO;NO;NO;NO;NO;47;0;-14;11.5;0;-120;64;58;NO;NO;RECTO;NO;NO;NO;NO;NO;2022-07-14 00:00:00;A;;;
506;000-054-TDY008 - DEFA;NO;NO;NO;NO;NO;NO;NO;NO;NO;68;0;-16;14.5;0;-120;64;58;NO;NO;RECTO;NO;NO;NO;NO;NO;2022-07-14 00:00:00;C;;;
507;000-054-TDY206 -DEFA;NO;NO;NO;NO;NO;NO;NO;NO;NO;62;0;-16;17;0;-150;64;58;NO;NO;RECTO;NO;NO;NO;NO;NO;2022-07-20 00:00:00;A;;;
508;000-054-TDY219-DEFA;NO;NO;NO;NO;NO;NO;NO;NO;NO;170;0;-25;37;0;-200;64;58;NO;NO;RECTO;NO;NO;NO;NO;NO;2022-07-13 00:00:00;B;;;
509;000-053-X-30210-DEFA;50;0;-12;20;0;-120;NO;NO;NO;NO;NO;NO;NO;NO;NO;NO;NO;64;60;NO;RECTO;RECTO;NO;NO;NO;2022-05-02 00:00:00;F;;;
510;000-053-X-30305-DEFA;25;0;-12;17;0;-120;NO;NO;NO;NO;NO;NO;NO;NO;NO;NO;NO;64;58;NO;RECTO;RECTO;NO;NO;NO;2022-01-11 00:00:00;A;;;
511;000-054-TCY305-DEFA;NO;NO;NO;NO;NO;NO;NO;NO;NO;62;0;-16;15;0;-120;64;58;NO;NO;RECTO;NO;NO;NO;NO;NO;2022-01-11 00:00:00;A;;;
512;000-054-TCY210-DEFA;NO;NO;NO;NO;NO;NO;NO;NO;NO;90;0;-18;17;0;-120;64;60;NO;NO;RECTO;NO;NO;NO;NO;NO;2022-05-02 00:00:00;F;;;
513;000-053-X-32207-DEFA;35;0;-12;23;0;-120;NO;NO;NO;NO;NO;NO;NO;NO;NO;NO;NO;64;58;NO;RECTO;RECTO;NO;NO;NO;2022-07-14 00:00:00;B;;;
514;00-054-TDY207-DEFA;NO;NO;NO;NO;NO;NO;NO;NO;NO;72;0;-120;19;0;-120;64;58;NO;NO;RECTO;NO;RECTO;NO;NO;NO;2022-07-14 00:00:00;B;;;
515;000-053-X-32210-DEFA;50;0;-12;23;0;-120;NO;NO;NO;NO;NO;NO;NO;NO;NO;NO;NO;64;58;NO;RECTO;RECTO;NO;NO;NO;2018-09-20 00:00:00;0;;;
516;000-053-HM-518445-DEFA    ;88.9;25;0;39.668;76;-254;NO;NO;NO;NO;NO;NO;NO;NO;NO;NO;NO;64;58;NO;RECTO;RECTO;NO;NO;NO;2022-07-13 00:00:00;A;;;
517;B&P-053-X-32206-DEFA;30;0;-12;20;0;-100;NO;NO;NO;NO;NO;NO;NO;NO;NO;NO;NO;64;58;NO;CONVEX;CONVEX;NO;NO;NO;2022-07-20 00:00:00;A;;;
518;B&P-054-TDY206-DEFA;NO;NO;NO;NO;NO;NO;NO;NO;NO;62;0;-16;17;0;-150;64;58;NO;NO;CONVEX;NO;NO;NO;NO;NO;2022-07-20 00:00:00;A;;;
519;B&P-053-X-32006-DEFA;30;0;-12;17;0;-120;NO;NO;NO;NO;NO;NO;NO;NO;NO;NO;NO;64;58;NO;RECTO;RECTO;NO;NO;NO;2021-09-10 00:00:00;B;;;
520;B&P-054-TDY006-DEFA;NO;NO;NO;NO;NO;NO;NO;NO;NO;50;0;-16;27;0;-150;64;58;NO;NO;RECTO;NO;NO;NO;NO;NO;2021-09-10 00:00:00;B;;;
521;000-054-TDY210-DEFA;NO;NO;NO;NO;NO;NO;NO;NO;NO;90;0;-18;19;0;-120;64;58;NO;NO;RECTO;NO;NO;NO;NO;NO;2018-09-20 00:00:00;0;;;
522;B&P-053-TCX-1845-DEFA    ;88.9;25;0;39.688;76;-254;NO;NO;NO;NO;NO;NO;NO;NO;NO;NO;NO;64;58;NO;RECTO;RECTO;NO;NO;NO;2022-07-13 00:00:00;A;;;
523;B&P-054-TCY-8410-DEFA    ;NO;NO;NO;NO;NO;NO;NO;NO;NO;152.4;25;0;30.162;50;-254;64;58;NO;NO;RECTO;NO;NO;NO;NO;NO;2022-07-13 00:00:00;A;:;;
524;000-053-TCX207-DEFA;35;0;-12;17;0;-120;NO;NO;NO;NO;NO;NO;NO;NO;NO;NO;NO;64;58;NO;CONVEX;CONVEX;NO;NO;NO;2022-05-22 00:00:00;B;;;
525;000-053-X-30311-DEFA;55;0;-12;29;0;-120;NO;NO;NO;NO;NO;NO;NO;NO;NO;NO;NO;64;58;NO;RECTO;RECTO;NO;NO;NO;2023-11-01 00:00:00;0;;;
526;000-054-TCY311-DEFA;NO;NO;NO;NO;NO;NO;NO;NO;NO;120;0;-16;25;0;-120;64;58;NO;NO;RECTO;NO;NO;NO;NO;NO;2023-11-01 00:00:00;0;;;
527;B&P-053-X-32309-DEFA;45;0;-12;36;0;-120;NO;NO;NO;NO;NO;NO;NO;NO;NO;NO;NO;64;58;NO;CONVEX;CONVEX;NO;NO;NO;2023-11-01 00:00:00;A;;;
528;000-054-TCY310-DEFA;NO;NO;NO;NO;NO;NO;NO;NO;NO;110;0;-18;23;0;-200;64;58;NO;NO;RECTO;NO;NO;NO;NO;NO;2024-05-14 00:00:00;0;;;
529;000-054-TTY013-DEFA;NO;NO;NO;NO;NO;NO;NO;NO;NO;100;0;-16;21;0;-120;64;58;NO;NO;RECTO;NO;NO;NO;NO;NO;2024-06-19 00:00:00;0;NO;NO;NO
530;000-053-X-33013-DEFA;65;0;-12;27;0;-120;NO;NO;NO;NO;NO;NO;NO;NO;NO;NO;NO;64;58;NO;RECTO;RECTO;NO;NO;NO;2024-06-19 00:00:00;0;NO;NO;NO
531;000-053-X-30309-DEFA;45;0;-12;25;0;100;NO;NO;NO;NO;NO;NO;NO;NO;NO;NO;NO;64;58;NO;RECTO;RECTO;NO;NO;NO;2011-12-07 00:00:00;0;NO;NO;NO
532;000-054-TCY307-DEFA;NO;NO;NO;NO;NO;NO;NO;NO;NO;80;0;-16;18;0;150;64;58;NO;NO;RECTO;NO;NO;NO;NO;NO;2024-08-10 00:00:00;0;;;
533;000-053-X-30307-DEFA;35;0;-12;21;0;-100;NO;NO;NO;NO;NO;NO;NO;NO;NO;NO;NO;64;58;NO;RECTO;RECTO;NO;NO;NO;2024-10-10 00:00:00;0;;;
534;000-053-X-32016-DEFA;80;0;-15;29;0;-150;NO;NO;NO;NO;NO;NO;NO;NO;NO;NO;NO;64;58;NO;RECTO;RECTO;NO;NO;NO;2024-10-10 00:00:00;0;;;
535;000-054-TDY016-DEFA;NO;NO;NO;NO;NO;NO;NO;NO;NO;125;0;-20;22;0;-200;64;58;NO;NO;RECTO;NO;NO;NO;NO;NO;2024-10-10 00:00:00;0;;;
536;000-054-TDY205-DEFA;NO;NO;NO;NO;NO;NO;NO;NO;NO;52;0;-16;15;0;-150;64;58;NO;NO;RECTO;NO;NO;NO;NO;NO;2024-10-10 00:00:00;0;;;
537;000-053-X-32205-DEFA;25;0;-12;18;0;-100;NO;NO;NO;NO;NO;NO;NO;NO;NO;NO;NO;64;58;NO;RECTO;RECTO;NO;NO;NO;2024-10-10 00:00:00;0;;;
538;B&P-048-DTR1952-TTE-CMI;19.202;0;-127;50.8;0;-120;NO;NO;NO;52;0;-14;36;0;-120;64;58;64;58;NO;NO;NO;NO;NO;NO;2025-01-16 00:00:00;B;axial;55;15
539;B&P-048-DTR1645-DM-CMI;16;30;0;26;0;-120;NO;NO;NO;45.225;0;-13;22.8;0;-120;NO;NO;NO;NO;NO;NO;NO;NO;NO;NO;2025-01-16 00:00:00;B;axial;55;15
540;B&P-058-X-33110-MX;50;0;-17;26;0;-120;26;200;0;85;0;-18;20;0;-150;64;58;64;58;CONVEX;CONVEX;NO;NO;NO;NO;2018-09-19 00:00:00;0;;;
541;B&P-048-DTR1645-RD-HBZD;16;30;0;26;0;-120;NO;NO;NO;45.225;0;-13;22.8;0;-120;NO;NO;NO;NO;NO;NO;NO;NO;NO;NO;2024-08-09 00:00:00;0;axial;30;15
542;;88.9;25;0;39.688;76;-254;NO;NO;NO;152.4;25;0;30.162;50;-254;64;58;64;58;RECTO;RECTO;RECTO;NO;NO;NO;2022-07-13 00:00:00;A;;;
543;;;;;;;;;;;;;;;;;;;;;;;;;;;;;;;
544;;;;;;;;;;;;;;;;;;;;;;;;;;;;;;;
;;;;;;;;;;;;;;;;;;;;;;;;;;;;;;;
;;;;;;;;;;;;;;;;;;;;;;;;;;;;;;;
;;;;;;;;;;;;;;;;;;;;;;;;;;;;;;;
;;;;;;;;;;;;;;;;;;;;;;;;;;;;;;;
;;;;;;;;;;;;;;;;;;;;;;;;;;;;;;;
;;;;;;;;;;;;;;;;;;;;;;;;;;;;;;;
;;;;;;;;;;;;;;;;;;;;;;;;;;;;;;;
;;;;;;;;;;;;;;;;;;;;;;;;;;;;;;;
;;;;;;;;;;;;;;;;;;;;;;;;;;;;;;;
;;;;;;;;;;;;;;;;;;;;;;;;;;;;;;;
;;;;;;;;;;;;;;;;;;;;;;;;;;;;;;;
;;;;;;;;;;;;;;;;;;;;;;;;;;;;;;;
;;;;;;;;;;;;;;;;;;;;;;;;;;;;;;;
;;;;;;;;;;;;;;;;;;;;;;;;;;;;;;;
;;;;;;;;;;;;;;;;;;;;;;;;;;;;;;;
;;;;;;;;;;;;;;;;;;;;;;;;;;;;;;;
;;;;;;;;;;;;;;;;;;;;;;;;;;;;;;;
;;;;;;;;;;;;;;;;;;;;;;;;;;;;;;;
;;;;;;;;;;;;;;;;;;;;;;;;;;;;;;;
;;;;;;;;;;;;;;;;;;;;;;;;;;;;;;;
;;;;;;;;;;;;;;;;;;;;;;;;;;;;;;;
;;;;;;;;;;;;;;;;;;;;;;;;;;;;;;;
;;;;;;;;;;;;;;;;;;;;;;;;;;;;;;;
;;;;;;;;;;;;;;;;;;;;;;;;;;;;;;;
;;;;;;;;;;;;;;;;;;;;;;;;;;;;;;;
;;;;;;;;;;;;;;;;;;;;;;;;;;;;;;;
;;;;;;;;;;;;;;;;;;;;;;;;;;;;;;;
;;;;;;;;;;;;;;;;;;;;;;;;;;;;;;;
;;;;;;;;;;;;;;;;;;;;;;;;;;;;;;;
;;;;;;;;;;;;;;;;;;;;;;;;;;;;;;;
;;;;;;;;;;;;;;;;;;;;;;;;;;;;;;;
;;;;;;;;;;;;;;;;;;;;;;;;;;;;;;;
;;;;;;;;;;;;;;;;;;;;;;;;;;;;;;;
;;;;;;;;;;;;;;;;;;;;;;;;;;;;;;;
;;;;;;;;;;;;;;;;;;;;;;;;;;;;;;;
;;;;;;;;;;;;;;;;;;;;;;;;;;;;;;;
;;;;;;;;;;;;;;;;;;;;;;;;;;;;;;;
;;;;;;;;;;;;;;;;;;;;;;;;;;;;;;;
;;;;;;;;;;;;;;;;;;;;;;;;;;;;;;;
;;;;;;;;;;;;;;;;;;;;;;;;;;;;;;;
;;;;;;;;;;;;;;;;;;;;;;;;;;;;;;;
;;;;;;;;;;;;;;;;;;;;;;;;;;;;;;;
;;;;;;;;;;;;;;;;;;;;;;;;;;;;;;;
;;;;;;;;;;;;;;;;;;;;;;;;;;;;;;;
;;;;;;;;;;;;;;;;;;;;;;;;;;;;;;;
;;;;;;;;;;;;;;;;;;;;;;;;;;;;;;;
;;;;;;;;;;;;;;;;;;;;;;;;;;;;;;;
;;;;;;;;;;;;;;;;;;;;;;;;;;;;;;;
;;;;;;;;;;;;;;;;;;;;;;;;;;;;;;;
;;;;;;;;;;;;;;;;;;;;;;;;;;;;;;;
;;;;;;;;;;;;;;;;;;;;;;;;;;;;;;;
;;;;;;;;;;;;;;;;;;;;;;;;;;;;;;;
;;;;;;;;;;;;;;;;;;;;;;;;;;;;;;;
;;;;;;;;;;;;;;;;;;;;;;;;;;;;;;;
;;;;;;;;;;;;;;;;;;;;;;;;;;;;;;;
;;;;;;;;;;;;;;;;;;;;;;;;;;;;;;;
;;;;;;;;;;;;;;;;;;;;;;;;;;;;;;;
;;;;;;;;;;;;;;;;;;;;;;;;;;;;;;;
;;;;;;;;;;;;;;;;;;;;;;;;;;;;;;;
;;;;;;;;;;;;;;;;;;;;;;;;;;;;;;;
;;;;;;;;;;;;;;;;;;;;;;;;;;;;;;;
;;;;;;;;;;;;;;;;;;;;;;;;;;;;;;;
;;;;;;;;;;;;;;;;;;;;;;;;;;;;;;;
;;;;;;;;;;;;;;;;;;;;;;;;;;;;;;;
;;;;;;;;;;;;;;;;;;;;;;;;;;;;;;;
;;;;;;;;;;;;;;;;;;;;;;;;;;;;;;;
;;;;;;;;;;;;;;;;;;;;;;;;;;;;;;;
;;;;;;;;;;;;;;;;;;;;;;;;;;;;;;;
;;;;;;;;;;;;;;;;;;;;;;;;;;;;;;;
;;;;;;;;;;;;;;;;;;;;;;;;;;;;;;;
;;;;;;;;;;;;;;;;;;;;;;;;;;;;;;;
;;;;;;;;;;;;;;;;;;;;;;;;;;;;;;;
;;;;;;;;;;;;;;;;;;;;;;;;;;;;;;;
;;;;;;;;;;;;;;;;;;;;;;;;;;;;;;;
;;;;;;;;;;;;;;;;;;;;;;;;;;;;;;;
;;;;;;;;;;;;;;;;;;;;;;;;;;;;;;;
;;;;;;;;;;;;;;;;;;;;;;;;;;;;;;;
;;;;;;;;;;;;;;;;;;;;;;;;;;;;;;;
;;;;;;;;;;;;;;;;;;;;;;;;;;;;;;;
;;;;;;;;;;;;;;;;;;;;;;;;;;;;;;;
;;;;;;;;;;;;;;;;;;;;;;;;;;;;;;;
;;;;;;;;;;;;;;;;;;;;;;;;;;;;;;;
;;;;;;;;;;;;;;;;;;;;;;;;;;;;;;;
;;;;;;;;;;;;;;;;;;;;;;;;;;;;;;;
;;;;;;;;;;;;;;;;;;;;;;;;;;;;;;;
;;;;;;;;;;;;;;;;;;;;;;;;;;;;;;;
;;;;;;;;;;;;;;;;;;;;;;;;;;;;;;;
;;;;;;;;;;;;;;;;;;;;;;;;;;;;;;;
;;;;;;;;;;;;;;;;;;;;;;;;;;;;;;;
;;;;;;;;;;;;;;;;;;;;;;;;;;;;;;;
;;;;;;;;;;;;;;;;;;;;;;;;;;;;;;;
;;;;;;;;;;;;;;;;;;;;;;;;;;;;;;;
;;;;;;;;;;;;;;;;;;;;;;;;;;;;;;;
;;;;;;;;;;;;;;;;;;;;;;;;;;;;;;;
